split,image,class,conf,cx,cy,w,h,teacher,rule
train,coco__train2017__000000008553.jpg,31,0.606,0.238281,0.447917,0.026563,0.038542,yolo11m.pt,stop sign
train,coco__train2017__000000049741.jpg,31,0.812,0.41416,0.935417,0.343555,0.122917,yolo11m.pt,stop sign
train,coco__train2017__000000075990.jpg,31,0.521,0.414453,0.218951,0.042969,0.086724,yolo11m.pt,stop sign
train,coco__train2017__000000091372.jpg,31,0.607,0.31224,0.190723,0.325521,0.250586,yolo11m.pt,stop sign
train,coco__train2017__000000111546.jpg,31,0.557,0.183789,0.825,0.017773,0.027083,yolo11m.pt,stop sign
train,coco__train2017__000000144497.jpg,31,0.619,0.247266,0.661721,0.054297,0.081329,yolo11m.pt,stop sign
train,coco__train2017__000000146091.jpg,31,0.752,0.214844,0.461358,0.032813,0.051522,yolo11m.pt,stop sign
train,coco__train2017__000000175121.jpg,31,0.72,0.9875,0.44375,0.023438,0.071875,yolo11m.pt,stop sign
train,coco__train2017__000000233453.jpg,31,0.842,0.459375,0.498438,0.2,0.288542,yolov8m-oiv7.pt,stop sign
train,coco__train2017__000000268804.jpg,31,0.508,0.960938,0.251042,0.078125,0.139063,yolo11m.pt,stop sign
train,coco__train2017__000000268804.jpg,31,0.506,0.214795,0.251042,0.115723,0.147917,yolo11m.pt,stop sign
train,coco__train2017__000000269888.jpg,31,0.549,0.301563,0.41875,0.025,0.047917,yolo11m.pt,stop sign
train,coco__train2017__000000279034.jpg,31,0.752,0.479785,0.380208,0.262305,0.213542,yolov8m-oiv7.pt,stop sign
train,coco__train2017__000000286613.jpg,31,0.551,0.570312,0.294734,0.196875,0.328266,yolo11m.pt,stop sign
train,coco__train2017__000000301657.jpg,31,0.826,0.334375,0.911851,0.144531,0.171781,yolo11m.pt,stop sign
train,coco__train2017__000000306230.jpg,31,0.928,0.757422,0.609896,0.074219,0.108333,yolo11m.pt,stop sign
train,coco__train2017__000000324442.jpg,31,0.929,0.811133,0.344531,0.102734,0.146354,yolo11m.pt,stop sign
train,coco__train2017__000000324442.jpg,31,0.907,0.091113,0.369271,0.073242,0.1125,yolo11m.pt,stop sign
train,coco__train2017__000000330053.jpg,31,0.591,0.832031,0.066881,0.020313,0.030958,yolo11m.pt,stop sign
train,coco__train2017__000000332545.jpg,31,0.681,0.504297,0.425963,0.038281,0.068966,yolo11m.pt,stop sign
train,coco__train2017__000000354402.jpg,31,0.635,0.504688,0.791406,0.45,0.376563,yolo11m.pt,stop sign
train,coco__train2017__000000389378.jpg,31,0.557,0.261523,0.45459,0.032422,0.141602,yolo11m.pt,stop sign
train,coco__train2017__000000405621.jpg,31,0.506,0.571354,0.328125,0.044792,0.080859,yolo11m.pt,stop sign
train,coco__train2017__000000434820.jpg,31,0.714,0.349805,0.417969,0.391797,0.399219,yolo11m.pt,stop sign
train,coco__train2017__000000442942.jpg,31,0.58,0.791406,0.31276,0.026563,0.045833,yolo11m.pt,stop sign
train,coco__train2017__000000457453.jpg,31,0.558,0.307031,0.516548,0.017969,0.030733,yolo11m.pt,stop sign
train,coco__train2017__000000468935.jpg,31,0.822,0.75,0.344531,0.122917,0.190625,yolo11m.pt,stop sign
train,coco__train2017__000000473171.jpg,31,0.535,0.939063,0.585286,0.121875,0.53151,yolo11m.pt,stop sign
train,coco__train2017__000000542779.jpg,31,0.516,0.89375,0.440605,0.03125,0.083153,yolo11m.pt,stop sign
train,coco__train2017__000000548824.jpg,31,0.583,0.308594,0.511458,0.019922,0.022917,yolo11m.pt,stop sign
train,coco__train2017__000000561647.jpg,31,0.639,0.380664,0.509896,0.030078,0.039583,yolo11m.pt,stop sign
train,coco__train2017__000000564187.jpg,31,0.596,0.335938,0.733333,0.026563,0.047222,yolo11m.pt,stop sign
train,coco__train2017__000000564682.jpg,31,0.641,0.102148,0.528125,0.045313,0.060417,yolo11m.pt,stop sign
train,coco__train2017__000000581071.jpg,31,0.891,0.846875,0.20082,0.071875,0.112412,yolo11m.pt,stop sign
train,coco__val2017__000000550939.jpg,31,0.806,0.633373,0.917969,0.728469,0.1625,yolo11m.pt,stop sign
train,coco__val2017__000000565153.jpg,31,0.94,0.738992,0.461328,0.244269,0.189844,yolo11m.pt,stop sign
train,coco__val2017__000000565153.jpg,31,0.881,0.192736,0.409473,0.125742,0.098242,yolo11m.pt,stop sign
train,mtsd__train__-1ZXiNNunp0TA-puToNbeQ.jpg,14,0.667,0.499609,0.865278,0.996094,0.25,yolo11m.pt,bonnet
train,mtsd__train__-2ztLeqgX0gCgnELl3vidA.jpg,14,0.6,0.498047,0.877604,0.994531,0.226042,yolo11m.pt,bonnet
train,mtsd__train__-3heY6kZhu6sy-09K82YsQ.jpg,14,0.815,0.500781,0.914583,0.995312,0.145833,yolo11m.pt,bonnet
train,mtsd__train__-4JmB_89NpVL45NYCFuVJg.jpg,14,0.521,0.499219,0.926823,0.996875,0.121354,yolo11m.pt,bonnet
train,mtsd__train__-BIzgkjuczv-2q5clXUaVg.jpg,14,0.516,0.5,0.498958,0.996875,0.989583,yolov8m-oiv7.pt,bonnet
train,mtsd__train__-DkDObKcNzsTVJxqfFH-3w.jpg,14,0.531,0.498047,0.835417,0.994531,0.30625,yolo11m.pt,bonnet
train,mtsd__train__-FoGtcpcd4cf0EgwoJmgow.jpg,14,0.535,0.5,0.503646,1.0,0.990625,yolov8m-oiv7.pt,bonnet
train,mtsd__train__-fPpT30gwf-5qCY7j16JQQ.jpg,31,0.649,0.844531,0.385417,0.021875,0.097222,yolo11m.pt,stop sign
train,mtsd__train__-gZR80m2RQa1n2_UaYwJJQ.jpg,14,0.759,0.494531,0.9125,0.989063,0.164583,yolo11m.pt,bonnet
train,mtsd__train__-IjYdo55gS-e5I8mdEVraA.jpg,31,0.703,0.474219,0.304167,0.026562,0.035417,yolo11m.pt,stop sign
train,mtsd__train__-imR5zTe436A31L9QlxnBQ.jpg,14,0.667,0.5,0.910677,0.998438,0.166146,yolo11m.pt,bonnet
train,mtsd__train__-Lb_XyYGcsJQ3AKxWyju1Q.jpg,14,0.595,0.499219,0.922917,0.995313,0.133333,yolo11m.pt,bonnet
train,mtsd__train__-leAn45G_0vIpQKx5IR3jg.jpg,14,0.578,0.500391,0.833333,0.996094,0.3125,yolo11m.pt,bonnet
train,mtsd__train__-LQAjPpM4ZlWbR_GiEo-5Q.jpg,14,0.729,0.694141,0.9375,0.610156,0.1125,yolo11m.pt,bonnet
train,mtsd__train__-ly7qhzXVhRPRhBpEN_q4A.jpg,14,0.574,0.500781,0.864063,0.995313,0.248958,yolo11m.pt,bonnet
train,mtsd__train__-Nhm4jgJU6RRgYrQVYFebQ.jpg,14,0.639,0.5,0.843229,0.995313,0.292708,yolo11m.pt,bonnet
train,mtsd__train__-Nhm4jgJU6RRgYrQVYFebQ.jpg,14,0.506,0.499219,0.501172,0.998437,0.995573,yolov8m-oiv7.pt,bonnet
train,mtsd__train__-pvzegwyHK78Ddh0-leTtw.jpg,14,0.667,0.499609,0.5,0.999219,1.0,yolov8m-oiv7.pt,bonnet
train,mtsd__train__-pvzegwyHK78Ddh0-leTtw.jpg,14,0.583,0.499609,0.810937,0.997656,0.353125,yolo11m.pt,bonnet
train,mtsd__train__-qhzYlHwjsJhIz8TBGW1Zw.jpg,14,0.606,0.497656,0.938234,0.992187,0.105326,yolo11m.pt,bonnet
train,mtsd__train__-rWPockEQkyFVcoZ2idOJQ.jpg,14,0.551,0.499609,0.870313,0.991406,0.240625,yolo11m.pt,bonnet
train,mtsd__train__-Sw_d4uwKdikHGFYj1_rEQ.jpg,14,0.598,0.498047,0.832292,0.994531,0.3125,yolo11m.pt,bonnet
train,mtsd__train__-TBXUIEoeGRRpcUy9CWhoQ.jpg,14,0.547,0.499219,0.866667,0.998438,0.238889,yolo11m.pt,bonnet
train,mtsd__train__-ucKgtdpVH1gTgkaEXQcJw.jpg,14,0.568,0.498047,0.841667,0.996094,0.295833,yolo11m.pt,bonnet
train,mtsd__train__-UvwIycEctkww1bGC80ezA.jpg,31,0.523,0.082568,0.634028,0.019629,0.033333,yolo11m.pt,stop sign
train,mtsd__train__-VmfwD5K3SnrnAwUtgqpqg.jpg,14,0.772,0.5,0.861458,0.996875,0.252083,yolo11m.pt,bonnet
train,mtsd__train__-VpRbV7o4vm0W1WqgoujDQ.jpg,14,0.736,0.501172,0.890625,0.997656,0.188802,yolo11m.pt,bonnet
train,mtsd__train__-wOw1AYJZ49dW4tP-Cb1PQ.jpg,14,0.737,0.500391,0.884375,0.996094,0.2125,yolo11m.pt,bonnet
train,mtsd__train__-wOw1AYJZ49dW4tP-Cb1PQ.jpg,14,0.643,0.5,0.5,1.0,1.0,yolov8m-oiv7.pt,bonnet
train,mtsd__train__-YvELmkm13Kzeve0mxJBqw.jpg,14,0.714,0.5,0.91875,0.995313,0.147917,yolo11m.pt,bonnet
train,mtsd__train__00CPBbi50rnROtcdEFVpwA.jpg,14,0.832,0.500781,0.834896,0.998437,0.309375,yolo11m.pt,bonnet
train,mtsd__train__01MLA670cZZHrubeqNm5cw.jpg,31,0.667,0.215234,0.277344,0.025781,0.050521,yolo11m.pt,stop sign
train,mtsd__train__01MLA670cZZHrubeqNm5cw.jpg,14,0.557,0.499609,0.879167,0.996094,0.220833,yolo11m.pt,bonnet
train,mtsd__train__06AoB744tli_OZenq2l_eA.jpg,14,0.615,0.5,0.5,1.0,1.0,yolov8m-oiv7.pt,bonnet
train,mtsd__train__0_n6fN7DKYn9hAvkw-xpKw.jpg,14,0.674,0.577344,0.960417,0.648438,0.066667,yolo11m.pt,bonnet
train,mtsd__train__0_PjtzZOUD0bWQtWzvOyKg.jpg,14,0.572,0.671094,0.840278,0.654688,0.294444,yolo11m.pt,bonnet
train,mtsd__train__0Ahv9QJbsCqhGtYbiBTOnQ.jpg,31,0.847,0.045801,0.834375,0.076074,0.102083,yolo11m.pt,stop sign
train,mtsd__train__0awQe1KjWbsNzYUZCBJqCw.jpg,14,0.553,0.488281,0.911111,0.975,0.158333,yolo11m.pt,bonnet
train,mtsd__train__0ckIsom8emHZdtbzh_9Qkw.jpg,14,0.808,0.501563,0.891667,0.995313,0.2,yolo11m.pt,bonnet
train,mtsd__train__0ekPiSHDFM7Un4cxda5zYg.jpg,14,0.75,0.5,0.889323,0.996875,0.192708,yolo11m.pt,bonnet
train,mtsd__train__0FTjiYtl5reQ8afo-yZz3A.jpg,14,0.694,0.5,0.501302,1.0,0.994792,yolov8m-oiv7.pt,bonnet
train,mtsd__train__0FTjiYtl5reQ8afo-yZz3A.jpg,14,0.572,0.5,0.878906,0.996875,0.21875,yolo11m.pt,bonnet
train,mtsd__train__0g_UEWapyhjPLn6vr1tcHA.jpg,14,0.758,0.498437,0.80625,0.99375,0.358333,yolo11m.pt,bonnet
train,mtsd__train__0g_UEWapyhjPLn6vr1tcHA.jpg,14,0.669,0.5,0.498611,1.0,0.997222,yolov8m-oiv7.pt,bonnet
train,mtsd__train__0GwqI2ZMhGchQO3iS8d7Lw.jpg,14,0.596,0.499609,0.890625,0.996094,0.2,yolo11m.pt,bonnet
train,mtsd__train__0hE5XJ0bGYhS_LfHnaokYA.jpg,14,0.794,0.571875,0.923177,0.85,0.136979,yolo11m.pt,bonnet
train,mtsd__train__0HIgzXYCVZbSpHCBQ-fCXQ.jpg,14,0.633,0.595312,0.933333,0.80625,0.108333,yolo11m.pt,bonnet
train,mtsd__train__0ISyVekcwSTvqgtVjJbobw.jpg,14,0.632,0.498438,0.888889,0.99375,0.194444,yolo11m.pt,bonnet
train,mtsd__train__0krkYta1drodNykqqA6iFg.jpg,14,0.506,0.498437,0.911458,0.995313,0.143229,yolo11m.pt,bonnet
train,mtsd__train__0LZDvY0djlZ0D2oWedAFcw.jpg,14,0.535,0.5,0.498438,1.0,0.996875,yolov8m-oiv7.pt,bonnet
train,mtsd__train__0mkLu-7Du0vYkIuiGcCBnw.jpg,14,0.551,0.5,0.877604,0.996875,0.223958,yolo11m.pt,bonnet
train,mtsd__train__0MVdDaqDnbkwK2XfGzeWLg.jpg,14,0.539,0.5,0.904167,0.996875,0.175,yolo11m.pt,bonnet
train,mtsd__train__0nhSK5sfpr4i6ZUwHgERGQ.jpg,14,0.765,0.497656,0.916406,0.992187,0.150521,yolo11m.pt,bonnet
train,mtsd__train__0OldwbW553f2PltH0E23rA.jpg,14,0.827,0.500391,0.884896,0.996094,0.211458,yolo11m.pt,bonnet
train,mtsd__train__0PJmRc2sdEl7oW4nh-fyMA.jpg,14,0.918,0.557422,0.806771,0.721094,0.371875,yolo11m.pt,bonnet
train,mtsd__train__0rn9SqRMMia5EuCtbMkw0g.jpg,14,0.643,0.499219,0.897917,0.995313,0.183333,yolo11m.pt,bonnet
train,mtsd__train__0sa4x-G0gYQ41LXMrwWTyw.jpg,14,0.749,0.5,0.92474,0.995312,0.133854,yolo11m.pt,bonnet
train,mtsd__train__0TVcEHUFYsNKIfAb-drckg.jpg,14,0.609,0.445703,0.940625,0.800781,0.10625,yolo11m.pt,bonnet
train,mtsd__train__0U7YF-QZHXtrgR6ncjo6fQ.jpg,14,0.664,0.496875,0.844271,0.992188,0.292708,yolo11m.pt,bonnet
train,mtsd__train__0UraaS-enopEOSpbMmSdVw.jpg,14,0.535,0.499609,0.785937,0.994531,0.401042,yolo11m.pt,bonnet
train,mtsd__train__0UraaS-enopEOSpbMmSdVw.jpg,14,0.523,0.5,0.5,1.0,1.0,yolov8m-oiv7.pt,bonnet
train,mtsd__train__0v6cVoa9--atZf4RKawHPQ.jpg,14,0.803,0.499219,0.865625,0.995313,0.25,yolo11m.pt,bonnet
train,mtsd__train__0v6cVoa9--atZf4RKawHPQ.jpg,14,0.589,0.499609,0.5,0.999219,0.985417,yolov8m-oiv7.pt,bonnet
train,mtsd__train__0VicR3k1zRavUqIrcvx81A.jpg,14,0.649,0.5,0.904167,0.996875,0.169444,yolo11m.pt,bonnet
train,mtsd__train__0wbVfsnkCWBfDw-hee_E1Q.jpg,14,0.56,0.5,0.834375,0.99375,0.302083,yolo11m.pt,bonnet
train,mtsd__train__0wJl4zSYtS4fnTTlPc5Rlg.jpg,14,0.787,0.608594,0.93776,0.779688,0.111979,yolo11m.pt,bonnet
train,mtsd__train__0wYt8_hPZHXDLg-dH4Tupg.jpg,14,0.734,0.5,0.8875,0.996875,0.204167,yolo11m.pt,bonnet
train,mtsd__train__0XHSHwUUKCKvEsGhZ9pZpg.jpg,14,0.709,0.5,0.505729,1.0,0.980208,yolov8m-oiv7.pt,bonnet
train,mtsd__train__0XHSHwUUKCKvEsGhZ9pZpg.jpg,14,0.574,0.500391,0.876562,0.996094,0.226042,yolo11m.pt,bonnet
train,mtsd__train__0xvxvMkDwUHHULiwIAOj6g.jpg,14,0.555,0.5,0.503516,1.0,0.992969,yolov8m-oiv7.pt,bonnet
train,mtsd__train__0YIG85dl71pDX-kyQPkhAw.jpg,14,0.845,0.5,0.884896,0.995313,0.211458,yolo11m.pt,bonnet
train,mtsd__train__0z2RzUA-BCoxoMJUkq9dhg.jpg,14,0.583,0.5,0.858333,0.996875,0.258333,yolo11m.pt,bonnet
train,mtsd__train__10Fx-4MIFUc7W9YdH94AGQ.jpg,14,0.742,0.5,0.884375,0.996875,0.2125,yolo11m.pt,bonnet
train,mtsd__train__13wBLLCXUpwNzrIcXHMFow.jpg,14,0.689,0.426562,0.91875,0.85,0.147917,yolo11m.pt,bonnet
train,mtsd__train__16PHBjnf0PVbaRue1dV3NQ.jpg,14,0.966,0.586328,0.76875,0.817969,0.443056,yolo11m.pt,bonnet
train,mtsd__train__1931Eo_035MfZk9mH10ILQ.jpg,14,0.628,0.5,0.923177,0.998437,0.136979,yolo11m.pt,bonnet
train,mtsd__train__1_AYI7a9cNmp6NiW5fpsrw.jpg,14,0.514,0.501172,0.500521,0.997656,0.998958,yolov8m-oiv7.pt,bonnet
train,mtsd__train__1Bjm64fRdqhqsvn0fdTb9g.jpg,31,0.549,0.913281,0.59375,0.01875,0.070833,yolo11m.pt,stop sign
train,mtsd__train__1BLXZOyylcNDsbs-f6JTiA.jpg,14,0.596,0.500781,0.890625,0.998438,0.191406,yolo11m.pt,bonnet
train,mtsd__train__1cBBWew9Nxb8al5bXf4nFA.jpg,14,0.769,0.500781,0.89375,0.995312,0.19375,yolo11m.pt,bonnet
train,mtsd__train__1CMYR48SGL-x9brmtQU2EA.jpg,14,0.606,0.495703,0.941667,0.989844,0.095833,yolo11m.pt,bonnet
train,mtsd__train__1dTSGfRYqilTD3on10WnTw.jpg,14,0.676,0.5,0.498958,1.0,0.99375,yolov8m-oiv7.pt,bonnet
train,mtsd__train__1EMje_hYdOOLCUlp27D6QA.jpg,14,0.611,0.499219,0.883333,0.995313,0.20625,yolo11m.pt,bonnet
train,mtsd__train__1gjI77OY7lorPJUg4cHCcA.jpg,14,0.649,0.5,0.50612,1.0,0.983594,yolov8m-oiv7.pt,bonnet
train,mtsd__train__1gjI77OY7lorPJUg4cHCcA.jpg,14,0.632,0.5,0.8875,0.996875,0.197917,yolo11m.pt,bonnet
train,mtsd__train__1Hdx2ZFz-vjlMvdoubLY1A.jpg,14,0.639,0.5,0.500911,1.0,0.998177,yolov8m-oiv7.pt,bonnet
train,mtsd__train__1MUJ_rUSMl8ycKiQAehQMQ.jpg,14,0.658,0.499609,0.904167,0.994531,0.175,yolo11m.pt,bonnet
train,mtsd__train__1NB3kWw6vkOp6qmR_odOSg.jpg,14,0.593,0.5,0.498437,1.0,0.994792,yolov8m-oiv7.pt,bonnet
train,mtsd__train__1NcC_zDF6DNSyUZ5n3ATdw.jpg,31,0.558,0.542188,0.472917,0.0375,0.04375,yolo11m.pt,stop sign
train,mtsd__train__1nq70JSdumjjqR05XUlk2w.jpg,31,0.613,0.142969,0.508854,0.029297,0.038542,yolo11m.pt,stop sign
train,mtsd__train__1R590iCA-9Amuc-63Ez7nw.jpg,14,0.699,0.500781,0.834896,0.995313,0.309375,yolo11m.pt,bonnet
train,mtsd__train__1RLLf7Ms0jMonh86Jq0Y_A.jpg,14,0.506,0.500781,0.810937,0.998437,0.351042,yolo11m.pt,bonnet
train,mtsd__train__1rmgK6-CdC1HeQEUlN4FIQ.jpg,14,0.768,0.500391,0.910417,0.997656,0.1625,yolo11m.pt,bonnet
train,mtsd__train__1rS4lqYDTN5bT8xCQDvjqw.jpg,14,0.902,0.63125,0.882812,0.734375,0.213542,yolo11m.pt,bonnet
train,mtsd__train__1sg3NgUbefTvEq0ndhI5eA.jpg,14,0.803,0.5,0.893056,0.996875,0.194444,yolo11m.pt,bonnet
train,mtsd__train__1tink9nfGh_KhdCJDsmmEQ.jpg,14,0.572,0.5,0.9125,0.996875,0.154167,yolo11m.pt,bonnet
train,mtsd__train__1UiKKhdULsKvZLhwMUnO3w.jpg,14,0.539,0.500781,0.496354,0.998438,0.992708,yolov8m-oiv7.pt,bonnet
train,mtsd__train__1uMx9fvZ_Pnjl3JSoDW8xg.jpg,14,0.504,0.5,0.884028,0.996875,0.208333,yolo11m.pt,bonnet
train,mtsd__train__1Uwk6motciFqEmrRaSGZjg.jpg,14,0.714,0.511719,0.873958,0.971875,0.227083,yolo11m.pt,bonnet
train,mtsd__train__1vzo7JELWVM2merOIDjmUQ.jpg,14,0.643,0.5,0.504687,1.0,0.982292,yolov8m-oiv7.pt,bonnet
train,mtsd__train__1x7VU9oUcKFdSdxU80i95A.jpg,31,0.648,0.942188,0.488021,0.04375,0.061458,yolo11m.pt,stop sign
train,mtsd__train__1XCxd-hjx_hkpxkjgAJ9Nw.jpg,14,0.688,0.5,0.840625,0.996875,0.295833,yolo11m.pt,bonnet
train,mtsd__train__23l3-gz2ZI2pYwxfdAvP9A.jpg,14,0.811,0.500781,0.857292,0.998438,0.264583,yolo11m.pt,bonnet
train,mtsd__train__265XLLsic-lolvs0lbNvrA.jpg,14,0.537,0.500781,0.88125,0.99375,0.216667,yolo11m.pt,bonnet
train,mtsd__train__29R8L_wiQx-ivL9QRX1iBA.jpg,14,0.564,0.496094,0.890104,0.992188,0.194792,yolo11m.pt,bonnet
train,mtsd__train__2a-uCG9umfCqSmll_nL0Tg.jpg,14,0.694,0.347656,0.882292,0.690625,0.214583,yolo11m.pt,bonnet
train,mtsd__train__2cVBD3X1xTKDagjCWR4_1A.jpg,14,0.658,0.498438,0.856944,0.99375,0.265278,yolo11m.pt,bonnet
train,mtsd__train__2F347mUCp7cpMquLeeszGw.jpg,31,0.555,0.047388,0.466667,0.018115,0.035417,yolo11m.pt,stop sign
train,mtsd__train__2F347mUCp7cpMquLeeszGw.jpg,31,0.51,0.665625,0.472396,0.016406,0.022917,yolo11m.pt,stop sign
train,mtsd__train__2f8rzNOnlfjbrAB0IUu5hQ.jpg,14,0.615,0.499219,0.9125,0.995313,0.158333,yolo11m.pt,bonnet
train,mtsd__train__2g1YHuCGwHMUzKugKlaeWQ.jpg,14,0.704,0.5,0.882292,0.99375,0.2125,yolo11m.pt,bonnet
train,mtsd__train__2iO4RbVePx56ggtdAH35lA.jpg,14,0.709,0.495312,0.934375,0.990625,0.1125,yolo11m.pt,bonnet
train,mtsd__train__2j0QtNjoJFrC06HzteeYqQ.jpg,14,0.531,0.5,0.5,1.0,0.991667,yolov8m-oiv7.pt,bonnet
train,mtsd__train__2mi6upyiDcmBiF3_pD9CDg.jpg,14,0.762,0.5,0.892187,0.99375,0.194792,yolo11m.pt,bonnet
train,mtsd__train__2mV1XwuPgGM2XnndYaRx7A.jpg,14,0.595,0.5,0.9375,1.0,0.102083,yolo11m.pt,bonnet
train,mtsd__train__2n6f5y5U5hs8ArfHgLmvzA.jpg,14,0.533,0.499219,0.827778,0.998438,0.313889,yolo11m.pt,bonnet
train,mtsd__train__2nfMD3g0s9LUzBul5dluLg.jpg,14,0.58,0.5,0.502604,1.0,0.994792,yolov8m-oiv7.pt,bonnet
train,mtsd__train__2p9q_uLoXwzNjAi7xjmQeA.jpg,14,0.583,0.499219,0.851042,0.99375,0.277083,yolo11m.pt,bonnet
train,mtsd__train__2R8-k9lwErpALsaxlrEubw.jpg,14,0.861,0.499219,0.891667,0.995313,0.190278,yolo11m.pt,bonnet
train,mtsd__train__2spTqxF_niwOVUdj9-dJmg.jpg,14,0.562,0.498828,0.835417,0.996094,0.30625,yolo11m.pt,bonnet
train,mtsd__train__2TfH_WuVmmEEnIvDEpTsgA.jpg,31,0.643,0.850781,0.283333,0.045312,0.059375,yolo11m.pt,stop sign
train,mtsd__train__2txL449vix-dUaHAMqvmvQ.jpg,14,0.799,0.5,0.916406,0.996875,0.150521,yolo11m.pt,bonnet
train,mtsd__train__2uNG5sMnAwYsP3gSP96QYw.jpg,31,0.531,0.354102,0.479861,0.010547,0.038889,yolo11m.pt,stop sign
train,mtsd__train__2XfLa8AHbW8OW6MevrOx_g.jpg,14,0.684,0.59375,0.873958,0.80625,0.227083,yolo11m.pt,bonnet
train,mtsd__train__2xQLeY8d1fPc38gS1AMuSA.jpg,14,0.723,0.499219,0.851562,0.996875,0.276042,yolo11m.pt,bonnet
train,mtsd__train__2ycSbt9o8l7MiZGtqqm9Hg.jpg,14,0.772,0.498438,0.926042,0.995313,0.122917,yolo11m.pt,bonnet
train,mtsd__train__2Yum08JYfvdkf4CD21oK2A.jpg,14,0.698,0.55,0.917708,0.895313,0.147917,yolo11m.pt,bonnet
train,mtsd__train__3-cfksntaZ9X3PZu7Tv2uA.jpg,14,0.745,0.499609,0.900694,0.997656,0.175,yolo11m.pt,bonnet
train,mtsd__train__38VQT6I_S-Zvgu3cZIHG-g.jpg,14,0.749,0.562891,0.920573,0.867969,0.142187,yolo11m.pt,bonnet
train,mtsd__train__3AJsaghajMAvKfnVSGGrZw.jpg,14,0.817,0.49375,0.916667,0.985938,0.14375,yolo11m.pt,bonnet
train,mtsd__train__3Av8HvJprhqfpMJNxwNkrw.jpg,14,0.628,0.5,0.498437,1.0,0.996875,yolov8m-oiv7.pt,bonnet
train,mtsd__train__3bYFCjDoKRGBpw91gulvqA.jpg,14,0.859,0.496094,0.921875,0.9875,0.1375,yolo11m.pt,bonnet
train,mtsd__train__3CpsEgYn94AZAF0Yn22oPA.jpg,14,0.653,0.500391,0.936458,0.996094,0.108333,yolo11m.pt,bonnet
train,mtsd__train__3cQNbYUo8v_6GTaWl3nitQ.jpg,31,0.694,0.517188,0.734375,0.0125,0.01875,yolo11m.pt,stop sign
train,mtsd__train__3D0rvO6yheoabEYGuVXW7g.jpg,14,0.514,0.5,0.504687,1.0,0.990625,yolov8m-oiv7.pt,bonnet
train,mtsd__train__3D8q3BV8d3OoOYojBbhamA.jpg,14,0.619,0.497266,0.921875,0.992969,0.133333,yolo11m.pt,bonnet
train,mtsd__train__3dN093Qt2O9AYnvWZO7biA.jpg,14,0.676,0.473437,0.9375,0.917188,0.102083,yolo11m.pt,bonnet
train,mtsd__train__3E6yXhP2-5UbL9i4AxA_2g.jpg,14,0.688,0.499219,0.904167,0.998438,0.169444,yolo11m.pt,bonnet
train,mtsd__train__3EKtrWaMKotijmZ1-fRw5g.jpg,14,0.72,0.500781,0.920833,0.996875,0.135417,yolo11m.pt,bonnet
train,mtsd__train__3eMdD7GAUNAH-S7KJh0bdg.jpg,14,0.681,0.5,0.801389,0.996875,0.372222,yolo11m.pt,bonnet
train,mtsd__train__3frIHQDZ45Ri56kSGZxvGQ.jpg,14,0.628,0.455078,0.93125,0.910156,0.11875,yolo11m.pt,bonnet
train,mtsd__train__3g8eU3G0gXNtxYrhV95E9Q.jpg,14,0.74,0.501563,0.851389,0.995313,0.272222,yolo11m.pt,bonnet
train,mtsd__train__3g8eU3G0gXNtxYrhV95E9Q.jpg,14,0.596,0.5,0.499306,1.0,0.998611,yolov8m-oiv7.pt,bonnet
train,mtsd__train__3GhEqPBHielSl_RFaNPXFg.jpg,14,0.531,0.5,0.5,1.0,1.0,yolov8m-oiv7.pt,bonnet
train,mtsd__train__3HN-dRzVDWNWDugazUviPw.jpg,14,0.703,0.500391,0.9,0.996094,0.18125,yolo11m.pt,bonnet
train,mtsd__train__3HzlJLWx_3ocDuDzk9Mqvg.jpg,14,0.722,0.489844,0.936805,0.976562,0.105556,yolo11m.pt,bonnet
train,mtsd__train__3I2tVVHosrQzmzJD9m-uRA.jpg,31,0.533,0.503906,0.436458,0.010156,0.014583,yolo11m.pt,stop sign
train,mtsd__train__3i3XZaUmdavUfGA6cCvpxw.jpg,14,0.66,0.5,0.926823,0.995313,0.121354,yolo11m.pt,bonnet
train,mtsd__train__3m-T_ePlItAk3p3CJTRvOw.jpg,14,0.611,0.500391,0.920833,0.996094,0.145833,yolo11m.pt,bonnet
train,mtsd__train__3MctGTR3R_n9CWOwPCQRVQ.jpg,14,0.553,0.5,0.498437,1.0,0.996875,yolov8m-oiv7.pt,bonnet
train,mtsd__train__3NbAh3vfpDdcbB_YyPE9dA.jpg,14,0.56,0.500781,0.910677,0.995313,0.161979,yolo11m.pt,bonnet
train,mtsd__train__3NNtne_XqKDpdXn2Hw9JMQ.jpg,14,0.937,0.371094,0.785937,0.740625,0.411458,yolo11m.pt,bonnet
train,mtsd__train__3nV0F_d-JoFW9P1mcaf6Aw.jpg,14,0.837,0.501172,0.840972,0.996094,0.290278,yolo11m.pt,bonnet
train,mtsd__train__3qmeGftNJ0uWjVawMR9-Tg.jpg,14,0.508,0.5,0.908333,0.996875,0.164583,yolo11m.pt,bonnet
train,mtsd__train__3R5ofGVoRAHIqPNu0I-mNg.jpg,14,0.615,0.500781,0.835417,0.995312,0.308333,yolo11m.pt,bonnet
train,mtsd__train__3rjEq7ZqZXqIL6ozGW1_eA.jpg,14,0.574,0.5,0.508464,1.0,0.974739,yolov8m-oiv7.pt,bonnet
train,mtsd__train__3TNLxORpJmQ-c2aaQIsD5A.jpg,14,0.693,0.5,0.891927,0.996875,0.182292,yolo11m.pt,bonnet
train,mtsd__train__3ulpkm1Q-Mqi8lSSLLEWUQ.jpg,14,0.521,0.500781,0.861458,0.995313,0.25625,yolo11m.pt,bonnet
train,mtsd__train__3VtmrebVeANmkp9Nf0su_g.jpg,14,0.703,0.5,0.88125,0.996875,0.213889,yolo11m.pt,bonnet
train,mtsd__train__3W2InpvXfAR7wXDEysIalg.jpg,14,0.753,0.5,0.786458,0.996875,0.402083,yolo11m.pt,bonnet
train,mtsd__train__3Xgwq389LC-lgib-grAlig.jpg,14,0.651,0.500781,0.874479,0.996875,0.230208,yolo11m.pt,bonnet
train,mtsd__train__3z_HEMBz91BMW7Vmmd-tQw.jpg,14,0.607,0.5,0.851042,0.996875,0.272917,yolo11m.pt,bonnet
train,mtsd__train__3z_HEMBz91BMW7Vmmd-tQw.jpg,14,0.566,0.499609,0.5,0.999219,1.0,yolov8m-oiv7.pt,bonnet
train,mtsd__train__4-tb0Z6mpbH-0ATh5n0URg.jpg,14,0.704,0.501562,0.870833,0.99375,0.238889,yolo11m.pt,bonnet
train,mtsd__train__44rT3EDOeg57oFNjrq0Nlg.jpg,14,0.541,0.5,0.5,1.0,1.0,yolov8m-oiv7.pt,bonnet
train,mtsd__train__49UiIdW9Px82u-a3Ww0ilg.jpg,14,0.609,0.5,0.503472,1.0,0.990278,yolov8m-oiv7.pt,bonnet
train,mtsd__train__4_PtegoabA4ulbQ9b_EZew.jpg,14,0.632,0.500391,0.901042,0.997656,0.158854,yolo11m.pt,bonnet
train,mtsd__train__4_TUp47iv4wwSdJyku5ECg.jpg,14,0.51,0.500391,0.498437,0.999219,0.996875,yolov8m-oiv7.pt,bonnet
train,mtsd__train__4Ak769wZVR_3IgEbwGLmKQ.jpg,14,0.766,0.5,0.920833,0.995312,0.135417,yolo11m.pt,bonnet
train,mtsd__train__4BHukWJKmKNaag_Hjb-fTw.jpg,14,0.651,0.499219,0.913542,0.998437,0.15,yolo11m.pt,bonnet
train,mtsd__train__4buKhAbX0OI8nGDLNN-3NA.jpg,14,0.961,0.338867,0.747917,0.676953,0.481944,yolo11m.pt,bonnet
train,mtsd__train__4cHRAz7KKglYQ4QgfpPUaQ.jpg,14,0.533,0.430469,0.936111,0.857813,0.102778,yolo11m.pt,bonnet
train,mtsd__train__4DxrldmeVANxmN28sQ1VwA.jpg,14,0.609,0.5,0.815625,0.996875,0.339583,yolo11m.pt,bonnet
train,mtsd__train__4eTGlp2S9TxDf-Yzu_BPqw.jpg,14,0.714,0.499609,0.915625,0.997656,0.147917,yolo11m.pt,bonnet
train,mtsd__train__4fLtF4_MrMssbWVINlJObg.jpg,14,0.555,0.5,0.940625,0.996875,0.097917,yolo11m.pt,bonnet
train,mtsd__train__4fSZuK9Ix_fzwBFoLxaSnQ.jpg,14,0.683,0.5,0.916667,0.996875,0.145833,yolo11m.pt,bonnet
train,mtsd__train__4gqag_V3t_Y8wkuBf9Azqg.jpg,31,0.829,0.655859,0.486458,0.050781,0.070833,yolo11m.pt,stop sign
train,mtsd__train__4hDif3t5DPjN3Fokhlb88Q.jpg,14,0.529,0.499609,0.5,0.999219,1.0,yolov8m-oiv7.pt,bonnet
train,mtsd__train__4jNgNLpAtezGBndewAoAxg.jpg,14,0.72,0.5,0.814583,0.996875,0.345833,yolo11m.pt,bonnet
train,mtsd__train__4jNgNLpAtezGBndewAoAxg.jpg,14,0.593,0.500781,0.50013,0.998437,0.99974,yolov8m-oiv7.pt,bonnet
train,mtsd__train__4kMduA1lgfI0Eq3WerEq4A.jpg,14,0.514,0.499609,0.810417,0.996094,0.3625,yolo11m.pt,bonnet
train,mtsd__train__4KPlxy12xo3vTla7pYawfA.jpg,14,0.646,0.5,0.798958,0.996875,0.377083,yolo11m.pt,bonnet
train,mtsd__train__4l3pJv4EbNevpRufnKSoVA.jpg,14,0.56,0.5,0.505208,1.0,0.98125,yolov8m-oiv7.pt,bonnet
train,mtsd__train__4ldqFSaDyyZr5U4oYfQP1w.jpg,14,0.653,0.499609,0.935156,0.997656,0.113021,yolo11m.pt,bonnet
train,mtsd__train__4lwUehBK0tmo4spJQSOE6w.jpg,14,0.514,0.500391,0.950431,0.992969,0.085643,yolo11m.pt,bonnet
train,mtsd__train__4o7wHWWOPAx0Xz5SvqXYiw.jpg,14,0.574,0.594922,0.954167,0.800781,0.077083,yolo11m.pt,bonnet
train,mtsd__train__4oJLghZwXGLQN52azFxbLw.jpg,31,0.67,0.323633,0.430729,0.013281,0.0375,yolo11m.pt,stop sign
train,mtsd__train__4OY4i80XoXFitaSAtiZxYw.jpg,14,0.689,0.510156,0.854167,0.978125,0.270833,yolo11m.pt,bonnet
train,mtsd__train__4P6YK7gXSZVj6QKNWuQGbg.jpg,14,0.839,0.5,0.93151,0.998437,0.120313,yolo11m.pt,bonnet
train,mtsd__train__4PIacys3RwO-hNdwBju4Bg.jpg,14,0.755,0.5,0.903906,0.998437,0.171354,yolo11m.pt,bonnet
train,mtsd__train__4pkywVaUTfUMICtAS1-Cbw.jpg,14,0.557,0.500781,0.5,0.998437,1.0,yolov8m-oiv7.pt,bonnet
train,mtsd__train__4rCGGw6SWZw_b1VgWNrJsA.jpg,14,0.843,0.500781,0.888021,0.995312,0.203125,yolo11m.pt,bonnet
train,mtsd__train__4SHCYZdQIFo_9x26aXU88A.jpg,14,0.535,0.5,0.773611,0.99375,0.427778,yolo11m.pt,bonnet
train,mtsd__train__4tBT-SvL65nPkoiJoM1YCw.jpg,14,0.734,0.370898,0.929195,0.740234,0.123146,yolo11m.pt,bonnet
train,mtsd__train__4tKk1gBFbShVUp-iaT5-Mg.jpg,14,0.794,0.5,0.793056,0.996875,0.388889,yolo11m.pt,bonnet
train,mtsd__train__4tKk1gBFbShVUp-iaT5-Mg.jpg,14,0.502,0.5,0.50434,1.0,0.982986,yolov8m-oiv7.pt,bonnet
train,mtsd__train__4UuYuJ5bNd8jb4oUC1O6GQ.jpg,31,0.742,0.214062,0.258854,0.025781,0.039583,yolo11m.pt,stop sign
train,mtsd__train__4VEEAr_qojP9peL40w9_pg.jpg,14,0.803,0.418359,0.935417,0.833594,0.106944,yolo11m.pt,bonnet
train,mtsd__train__4WrRyTJiESCcXjdrXWmJlg.jpg,14,0.583,0.496875,0.954167,0.990625,0.075,yolo11m.pt,bonnet
train,mtsd__train__4Wwzo8VQ-_-Lmgkcyx5K7A.jpg,14,0.56,0.582422,0.947917,0.828906,0.085417,yolo11m.pt,bonnet
train,mtsd__train__4XLdtBqIu9uESvdITX1JwA.jpg,14,0.857,0.444531,0.909375,0.889063,0.166667,yolo11m.pt,bonnet
train,mtsd__train__4ZVK03bQOxaoWn1uY69y2A.jpg,14,0.562,0.5,0.876042,0.995312,0.227083,yolo11m.pt,bonnet
train,mtsd__train__5-vVkmpp9pWzh4oA1QONgA.jpg,14,0.643,0.499219,0.869271,0.995313,0.242708,yolo11m.pt,bonnet
train,mtsd__train__5-vVkmpp9pWzh4oA1QONgA.jpg,14,0.583,0.5,0.498437,1.0,0.996875,yolov8m-oiv7.pt,bonnet
train,mtsd__train__53lzFMYH_SL5a3kNj35Kmg.jpg,14,0.545,0.5,0.808889,0.996875,0.361481,yolo11m.pt,bonnet
train,mtsd__train__569K1cLxEz6Cz4Bw8qld1A.jpg,14,0.699,0.498828,0.921875,0.992969,0.13125,yolo11m.pt,bonnet
train,mtsd__train__58afxNnjtwBCVDQiTmUjnw.jpg,31,0.74,0.426172,0.684722,0.023438,0.0625,yolo11m.pt,stop sign
train,mtsd__train__5aO1qSgM7lqITisx7uCtcQ.jpg,31,0.512,0.584766,0.666667,0.013281,0.025,yolo11m.pt,stop sign
train,mtsd__train__5aPejOECNnO_XFs98-5FKw.jpg,14,0.674,0.50625,0.888542,0.984375,0.20625,yolo11m.pt,bonnet
train,mtsd__train__5bsYtjfEqq9pRYR84Czkpg.jpg,14,0.779,0.365039,0.942708,0.727734,0.097917,yolo11m.pt,bonnet
train,mtsd__train__5dTP5Xaj1gpG6RE1RRsc2A.jpg,14,0.793,0.495313,0.860417,0.9875,0.260417,yolo11m.pt,bonnet
train,mtsd__train__5dTP5Xaj1gpG6RE1RRsc2A.jpg,14,0.512,0.500391,0.501172,0.999219,0.997656,yolov8m-oiv7.pt,bonnet
train,mtsd__train__5ef_P481dv-0FAYQWe3yeg.jpg,14,0.57,0.501172,0.865278,0.994531,0.25,yolo11m.pt,bonnet
train,mtsd__train__5FH-M1hhSvV9rpopnpCQ0Q.jpg,14,0.606,0.5,0.498958,1.0,0.997917,yolov8m-oiv7.pt,bonnet
train,mtsd__train__5g0GLqRw-tZE_L6VCY091w.jpg,14,0.56,0.5,0.5,1.0,1.0,yolov8m-oiv7.pt,bonnet
train,mtsd__train__5GlY3nAaPUzc2-wC_-TPpA.jpg,31,0.56,0.612109,0.528125,0.010938,0.021875,yolo11m.pt,stop sign
train,mtsd__train__5HsBSww0O4mXBH2ppBTvJQ.jpg,14,0.633,0.497656,0.861979,0.992188,0.255208,yolo11m.pt,bonnet
train,mtsd__train__5HsBSww0O4mXBH2ppBTvJQ.jpg,14,0.591,0.5,0.508203,1.0,0.979427,yolov8m-oiv7.pt,bonnet
train,mtsd__train__5I6S0y1EEdChyNYVcEnZSQ.jpg,14,0.768,0.5,0.499088,1.0,0.99349,yolov8m-oiv7.pt,bonnet
train,mtsd__train__5I6S0y1EEdChyNYVcEnZSQ.jpg,14,0.742,0.499219,0.841146,0.996875,0.292708,yolo11m.pt,bonnet
train,mtsd__train__5i87vDp1JzPsUEg9FiXRvg.jpg,14,0.732,0.557031,0.921975,0.882813,0.139087,yolo11m.pt,bonnet
train,mtsd__train__5it414gQDeC3Nk7veqF_dw.jpg,14,0.525,0.499219,0.889063,0.998438,0.203125,yolo11m.pt,bonnet
train,mtsd__train__5iVsct2rafP08dHNtA2wqA.jpg,14,0.598,0.492969,0.940625,0.982813,0.1,yolo11m.pt,bonnet
train,mtsd__train__5K7-QYUkjSspncC1GTY8QA.jpg,14,0.57,0.499219,0.898958,0.996875,0.18125,yolo11m.pt,bonnet
train,mtsd__train__5lNkd8vMGrSGomExFVHFqg.jpg,14,0.804,0.341797,0.951042,0.678906,0.08125,yolo11m.pt,bonnet
train,mtsd__train__5lypeQt6nv56UMVw_xCTbg.jpg,14,0.523,0.5,0.85,0.996875,0.276389,yolo11m.pt,bonnet
train,mtsd__train__5nM8ITWJEpjgV5qIWG9lgA.jpg,14,0.648,0.500781,0.499306,0.998437,0.994444,yolov8m-oiv7.pt,bonnet
train,mtsd__train__5oG-S2feKp2PXX9pZIRSug.jpg,14,0.6,0.5,0.500521,1.0,0.998958,yolov8m-oiv7.pt,bonnet
train,mtsd__train__5r7wvwhj1VlcXLMjWk7SyA.jpg,14,0.568,0.5,0.5,1.0,1.0,yolov8m-oiv7.pt,bonnet
train,mtsd__train__5sE-V45dY1uy4bYAoYgJVg.jpg,14,0.704,0.463281,0.929427,0.923438,0.120312,yolo11m.pt,bonnet
train,mtsd__train__5uMDXtHxtTpLVtz9gCa7lA.jpg,14,0.683,0.5,0.502083,1.0,0.995833,yolov8m-oiv7.pt,bonnet
train,mtsd__train__5uMDXtHxtTpLVtz9gCa7lA.jpg,14,0.613,0.498828,0.827083,0.996094,0.322917,yolo11m.pt,bonnet
train,mtsd__train__5W4wZ-CwA_NdOsDnrSS_qw.jpg,31,0.74,0.315039,0.262408,0.028906,0.045291,yolo11m.pt,stop sign
train,mtsd__train__5y4T3YGq2EPpQpz2D_Z7Ag.jpg,14,0.591,0.498828,0.93125,0.996094,0.116667,yolo11m.pt,bonnet
train,mtsd__train__60mrthmJcjn78K9xYXNSNw.jpg,14,0.549,0.499219,0.902344,0.996875,0.174479,yolo11m.pt,bonnet
train,mtsd__train__61rvMRAA624UwIs4keKV0g.jpg,14,0.595,0.303125,0.920833,0.603906,0.133333,yolo11m.pt,bonnet
train,mtsd__train__62wSdghwtsZvddGxZzukEA.jpg,14,0.628,0.500391,0.870833,0.992969,0.2375,yolo11m.pt,bonnet
train,mtsd__train__63-8PS3pCaYadEkenXl_DA.jpg,14,0.596,0.382031,0.948958,0.758594,0.083333,yolo11m.pt,bonnet
train,mtsd__train__692FeaA6HxokNuoWJkmTzw.jpg,14,0.948,0.585547,0.854167,0.825781,0.277083,yolo11m.pt,bonnet
train,mtsd__train__6_cV5yTYSrFIu8qZyczRrQ.jpg,14,0.792,0.5,0.883333,0.996875,0.2125,yolo11m.pt,bonnet
train,mtsd__train__6a_NYzJ2qJxjITgBFlB5FQ.jpg,14,0.611,0.500391,0.878125,0.994531,0.225,yolo11m.pt,bonnet
train,mtsd__train__6azjaMKaP0GT5NfmTQLRiA.jpg,14,0.6,0.5,0.498958,1.0,0.995833,yolov8m-oiv7.pt,bonnet
train,mtsd__train__6boQtxcNdV_W80SkZIUKKg.jpg,14,0.623,0.5,0.930208,0.996875,0.116667,yolo11m.pt,bonnet
train,mtsd__train__6ci1ehWSG0NvDlUl5smpSQ.jpg,14,0.712,0.5,0.869444,0.996875,0.238889,yolo11m.pt,bonnet
train,mtsd__train__6DcjuZXp1mZB0DZtrrNHpw.jpg,14,0.564,0.498828,0.909375,0.996094,0.158333,yolo11m.pt,bonnet
train,mtsd__train__6DrOQwRfHCR92qltEXMYuQ.jpg,14,0.664,0.500781,0.497917,0.998438,0.995833,yolov8m-oiv7.pt,bonnet
train,mtsd__train__6e3N7DiNKGipmMhLgxDj1g.jpg,14,0.788,0.500391,0.86875,0.992969,0.241667,yolo11m.pt,bonnet
train,mtsd__train__6ehLJvWnHXUHQTLssd596w.jpg,14,0.549,0.5,0.932292,0.996875,0.110677,yolo11m.pt,bonnet
train,mtsd__train__6Fa857Bs7MyducMmxPOeTg.jpg,14,0.621,0.500391,0.893056,0.999219,0.195833,yolo11m.pt,bonnet
train,mtsd__train__6fuZbYx1Fis3A-TRWhsQUQ.jpg,14,0.504,0.499219,0.867361,0.995312,0.240278,yolo11m.pt,bonnet
train,mtsd__train__6fwmIQ6jZ9yN2jocsr7w-w.jpg,14,0.606,0.5,0.899414,0.996875,0.179297,yolo11m.pt,bonnet
train,mtsd__train__6h9qEMzDGjCKbsSuVF1I9g.jpg,14,0.576,0.5,0.501042,1.0,0.997917,yolov8m-oiv7.pt,bonnet
train,mtsd__train__6haGiW-3SC-mp-iWQaEx5A.jpg,14,0.558,0.498438,0.840104,0.995312,0.301042,yolo11m.pt,bonnet
train,mtsd__train__6IDHIFwtYJtzw9riin-TJQ.jpg,14,0.804,0.644922,0.951042,0.694531,0.079167,yolo11m.pt,bonnet
train,mtsd__train__6j83I6444YHWK2iumvtpyQ.jpg,31,0.539,0.230859,0.722917,0.025781,0.035417,yolo11m.pt,stop sign
train,mtsd__train__6JfGsENHbScQkhzL7bbDYw.jpg,14,0.506,0.498438,0.918139,0.99375,0.142745,yolo11m.pt,bonnet
train,mtsd__train__6JG6xtTWhmQfoyUi7LhoAw.jpg,14,0.514,0.5,0.50612,1.0,0.98776,yolov8m-oiv7.pt,bonnet
train,mtsd__train__6k95_htwxDGVGZG3gJCrMA.jpg,14,0.596,0.578906,0.9375,0.8375,0.110417,yolo11m.pt,bonnet
train,mtsd__train__6kBOKSHfSzCQnFiRjcJXJA.jpg,14,0.583,0.464844,0.916406,0.928125,0.146354,yolo11m.pt,bonnet
train,mtsd__train__6KII6tEcstZ11bHlzg8ovg.jpg,14,0.516,0.5,0.868056,0.996875,0.236111,yolo11m.pt,bonnet
train,mtsd__train__6KLL5k8Ftz49sMWZDUG05w.jpg,14,0.772,0.498437,0.928125,0.99375,0.122917,yolo11m.pt,bonnet
train,mtsd__train__6KzCSv5JRAkecbaovsvt1g.jpg,14,0.576,0.499219,0.90625,0.995313,0.170833,yolo11m.pt,bonnet
train,mtsd__train__6lE7FAb1lLJmsBcQm9jP9g.jpg,14,0.823,0.499609,0.9125,0.997656,0.15625,yolo11m.pt,bonnet
train,mtsd__train__6mUyU__3ZllATq_sWLiNTg.jpg,31,0.689,0.8,0.367708,0.028125,0.052083,yolo11m.pt,stop sign
train,mtsd__train__6PiLHFNQd6eP-byigSrhcw.jpg,14,0.545,0.493359,0.935156,0.986719,0.1125,yolo11m.pt,bonnet
train,mtsd__train__6ruEi2QO1hESXRYN32XcFg.jpg,31,0.658,0.257227,0.454167,0.019141,0.041667,yolo11m.pt,stop sign
train,mtsd__train__6ruEi2QO1hESXRYN32XcFg.jpg,31,0.568,0.049292,0.411806,0.026807,0.055556,yolo11m.pt,stop sign
train,mtsd__train__6RYeWC-8BJ1geUCH9nRwxg.jpg,14,0.545,0.588281,0.945833,0.823438,0.091667,yolo11m.pt,bonnet
train,mtsd__train__6WoPz1-fOZLf7YYiJJpFPw.jpg,31,0.832,0.146973,0.673958,0.047461,0.077083,yolo11m.pt,stop sign
train,mtsd__train__6ye0XNZUY9Vdh3odTyYnLQ.jpg,14,0.96,0.645996,0.769271,0.706445,0.415625,yolo11m.pt,bonnet
train,mtsd__train__6zqvNWGOh762-Vw-x5E4Ug.jpg,14,0.514,0.499219,0.888542,0.995313,0.202083,yolo11m.pt,bonnet
train,mtsd__train__74kPaWY_vqGzn6WLy1848A.jpg,14,0.765,0.499219,0.895182,0.995313,0.179688,yolo11m.pt,bonnet
train,mtsd__train__785xEMbVmV2aYQWBGXbqAw.jpg,14,0.758,0.5,0.910417,0.996875,0.160417,yolo11m.pt,bonnet
train,mtsd__train__795_iNd8_DM5IDEhEjIsLA.jpg,14,0.52,0.500391,0.713194,0.999219,0.568056,yolov8m-oiv7.pt,bonnet
train,mtsd__train__7AbtGj1QlKt72L1VIYVQcQ.jpg,14,0.714,0.54375,0.898958,0.909375,0.18125,yolo11m.pt,bonnet
train,mtsd__train__7bC0qXvDg2Iq_oCyQE_FxQ.jpg,14,0.545,0.5,0.851042,0.995312,0.270833,yolo11m.pt,bonnet
train,mtsd__train__7bC0qXvDg2Iq_oCyQE_FxQ.jpg,14,0.52,0.500391,0.501562,0.999219,0.990625,yolov8m-oiv7.pt,bonnet
train,mtsd__train__7bdWwdpdCrtHY0MDLB5Hwg.jpg,14,0.555,0.499219,0.947917,0.995313,0.079167,yolo11m.pt,bonnet
train,mtsd__train__7CV4P-dy78HA_MVmdvqjHA.jpg,14,0.745,0.491406,0.9375,0.979688,0.108333,yolo11m.pt,bonnet
train,mtsd__train__7ETFgktVEntvKPYVMyoJFA.jpg,14,0.508,0.421094,0.934375,0.810938,0.1125,yolo11m.pt,bonnet
train,mtsd__train__7EZ-MU7CExOzSqAmBCXhAA.jpg,14,0.653,0.498828,0.861328,0.997656,0.25651,yolo11m.pt,bonnet
train,mtsd__train__7g5diYT7mfr3P5xrhbUgJg.jpg,14,0.689,0.5,0.904427,0.996875,0.178646,yolo11m.pt,bonnet
train,mtsd__train__7Iipw0uMW0wNmpjqYzW3PQ.jpg,14,0.615,0.501563,0.499479,0.996875,0.996875,yolov8m-oiv7.pt,bonnet
train,mtsd__train__7IMBf11l450Xs1LQJLLiRg.jpg,14,0.583,0.500781,0.849479,0.992188,0.280208,yolo11m.pt,bonnet
train,mtsd__train__7JrjX7xhCMnEg6zyBfWkWQ.jpg,14,0.66,0.500781,0.910677,0.996875,0.157813,yolo11m.pt,bonnet
train,mtsd__train__7KxiPE_XstPhkl3MyvhUoQ.jpg,31,0.525,0.09209,0.4125,0.060938,0.070833,yolo11m.pt,stop sign
train,mtsd__train__7LTfV-3tMsDHd4QGRqg0SA.jpg,14,0.696,0.51875,0.933333,0.953125,0.111111,yolo11m.pt,bonnet
train,mtsd__train__7OCQKlIZXhsd7zy54fiEtQ.jpg,14,0.619,0.499609,0.823958,0.996094,0.327083,yolo11m.pt,bonnet
train,mtsd__train__7ORXtUCQSi_-vAVP14-dQw.jpg,14,0.715,0.498828,0.872917,0.996094,0.235417,yolo11m.pt,bonnet
train,mtsd__train__7OYlEh47VhXTQx_ECUlTHg.jpg,14,0.787,0.5,0.892187,0.996875,0.198958,yolo11m.pt,bonnet
train,mtsd__train__7P4ZzBonhLgV_yCqkbkb-w.jpg,14,0.756,0.499609,0.828125,0.996094,0.320833,yolo11m.pt,bonnet
train,mtsd__train__7PGNBLhpol8nY1ACKEhN6w.jpg,14,0.562,0.511328,0.898611,0.972656,0.183333,yolo11m.pt,bonnet
train,mtsd__train__7rfyr6M6TW1rGH3rQGDcmQ.jpg,14,0.617,0.5,0.809028,0.996875,0.358333,yolo11m.pt,bonnet
train,mtsd__train__7sdkmczYXzRILiOyozH3FQ.jpg,14,0.539,0.5,0.933333,0.996875,0.114583,yolo11m.pt,bonnet
train,mtsd__train__7tKud8E33xeI5wAiIK_f-w.jpg,14,0.596,0.500391,0.820833,0.996094,0.333333,yolo11m.pt,bonnet
train,mtsd__train__7UdPq84NdxMYvL__xKfq4w.jpg,14,0.827,0.499219,0.905208,0.996875,0.170833,yolo11m.pt,bonnet
train,mtsd__train__7vEOyw_Fdi5TBtq0bjLqxQ.jpg,14,0.643,0.499219,0.794792,0.995313,0.389583,yolo11m.pt,bonnet
train,mtsd__train__7vEOyw_Fdi5TBtq0bjLqxQ.jpg,14,0.523,0.500391,0.496354,0.999219,0.992708,yolov8m-oiv7.pt,bonnet
train,mtsd__train__7VQ1EqsVaNEYH02cS1_O8w.jpg,14,0.66,0.496875,0.878125,0.990625,0.225,yolo11m.pt,bonnet
train,mtsd__train__7Vz37t7x6BzzwJp6_xoOLg.jpg,14,0.558,0.500391,0.498958,0.999219,0.997917,yolov8m-oiv7.pt,bonnet
train,mtsd__train__7XQz_U7KSe-AsODmeNHIUA.jpg,14,0.637,0.500781,0.919444,0.992188,0.138889,yolo11m.pt,bonnet
train,mtsd__train__7Y_KUOFBFvnieWbYPF9BTA.jpg,14,0.582,0.5,0.765625,0.996875,0.44375,yolo11m.pt,bonnet
train,mtsd__train__7YneLl8PV4KVLLJnEKb8XA.jpg,14,0.731,0.500391,0.90026,0.997656,0.178646,yolo11m.pt,bonnet
train,mtsd__train__7ySdJa0oXxicFXfJLBj-8w.jpg,14,0.764,0.499219,0.91875,0.99375,0.15,yolo11m.pt,bonnet
train,mtsd__train__7z1m8_IyqrxxXnDS7RF0Ag.jpg,14,0.768,0.5,0.886111,0.996875,0.202778,yolo11m.pt,bonnet
train,mtsd__train__7zMKouMwcrAZ3i-qlSteAg.jpg,14,0.677,0.500781,0.951042,0.995313,0.083333,yolo11m.pt,bonnet
train,mtsd__train__809xkM97RgEsQIpYg_tu6w.jpg,14,0.681,0.444531,0.91901,0.8875,0.136979,yolo11m.pt,bonnet
train,mtsd__train__81h82qU2ZMjeVCf3aIkgGQ.jpg,14,0.768,0.490625,0.927083,0.979688,0.125,yolo11m.pt,bonnet
train,mtsd__train__83rPoyJRYaDTdxv5_iP3JQ.jpg,14,0.574,0.49375,0.904167,0.9875,0.170833,yolo11m.pt,bonnet
train,mtsd__train__85sKW6Ev0LEaSx-Os-x0Kw.jpg,14,0.591,0.500781,0.502081,0.998437,0.995733,yolov8m-oiv7.pt,bonnet
train,mtsd__train__8a9NoZqJWBNP5pT21gtc0g.jpg,14,0.831,0.5,0.881771,0.995313,0.215625,yolo11m.pt,bonnet
train,mtsd__train__8aHE8i9v_Q3qLLYnRrArjg.jpg,14,0.698,0.5,0.928125,0.996875,0.122917,yolo11m.pt,bonnet
train,mtsd__train__8aWmikZc5hmsEelT2AlDgg.jpg,14,0.651,0.500781,0.908073,0.995312,0.167187,yolo11m.pt,bonnet
train,mtsd__train__8cahM8vWMn2iW1afH9qdDg.jpg,14,0.504,0.499219,0.500347,0.998438,0.999306,yolov8m-oiv7.pt,bonnet
train,mtsd__train__8cbd5v9AvrYnXWY8RYNDkg.jpg,14,0.555,0.499609,0.506771,0.999219,0.973958,yolov8m-oiv7.pt,bonnet
train,mtsd__train__8CMvUrd7VNsu4OGXA2fJiQ.jpg,14,0.841,0.500781,0.828125,0.995313,0.315625,yolo11m.pt,bonnet
train,mtsd__train__8D4EZDv8ndZeIuW5RcwoXg.jpg,14,0.609,0.498438,0.927083,0.996875,0.129167,yolo11m.pt,bonnet
train,mtsd__train__8eFy-ZLut1SvoMq0d4NqDQ.jpg,14,0.776,0.500391,0.904167,0.996094,0.175,yolo11m.pt,bonnet
train,mtsd__train__8fwguOLTiGT7i707y_kqRA.jpg,14,0.701,0.499609,0.501953,0.999219,0.98776,yolov8m-oiv7.pt,bonnet
train,mtsd__train__8fwguOLTiGT7i707y_kqRA.jpg,14,0.693,0.500781,0.860417,0.995313,0.258333,yolo11m.pt,bonnet
train,mtsd__train__8g7m0EnkVZDVeyaZp5vHgw.jpg,14,0.732,0.528516,0.951042,0.896094,0.08125,yolo11m.pt,bonnet
train,mtsd__train__8hSitDgfE5azbRV_K7Qigg.jpg,14,0.932,0.491406,0.827083,0.979688,0.327083,yolo11m.pt,bonnet
train,mtsd__train__8isuGROdlhv8ntxlgaZnqw.jpg,14,0.545,0.494141,0.919444,0.986719,0.136111,yolo11m.pt,bonnet
train,mtsd__train__8KF2H6yxbiwCfqPp4assrg.jpg,14,0.574,0.599219,0.939583,0.796875,0.10625,yolo11m.pt,bonnet
train,mtsd__train__8lqGXe2RQ6rLJKYTjYv-_w.jpg,14,0.881,0.5,0.888542,0.996875,0.20625,yolo11m.pt,bonnet
train,mtsd__train__8M3PByZixM_cu9SOBMrEXg.jpg,14,0.52,0.597656,0.922656,0.803125,0.138021,yolo11m.pt,bonnet
train,mtsd__train__8MBRxkNAjjSpb6YXxDwzaA.jpg,14,0.58,0.5,0.499089,1.0,0.997656,yolov8m-oiv7.pt,bonnet
train,mtsd__train__8OKeuK1l2XjzFxsBu2Wa4Q.jpg,14,0.516,0.495312,0.935417,0.989063,0.108333,yolo11m.pt,bonnet
train,mtsd__train__8OKeuK1l2XjzFxsBu2Wa4Q.jpg,14,0.51,0.5,0.5,1.0,1.0,yolov8m-oiv7.pt,bonnet
train,mtsd__train__8q1YBXv1W7RbFOrDbNNq6A.jpg,14,0.739,0.499609,0.904167,0.997656,0.169444,yolo11m.pt,bonnet
train,mtsd__train__8sR8Z4JiVZ7chTUiPa106Q.jpg,14,0.562,0.507031,0.957292,0.929688,0.070833,yolo11m.pt,bonnet
train,mtsd__train__8wL8UdQmHuKpA0PDtBKJ5g.jpg,14,0.562,0.5,0.841667,0.995312,0.291667,yolo11m.pt,bonnet
train,mtsd__train__8YU8_cqkbrpdzjXIaaYcKg.jpg,14,0.637,0.5,0.9125,0.996875,0.15625,yolo11m.pt,bonnet
train,mtsd__train__9-HjN0WbGPfnuPLtQe0p_Q.jpg,14,0.549,0.499219,0.83125,0.998438,0.314583,yolo11m.pt,bonnet
train,mtsd__train__9-IWdmxmET7c15TnMQXiyw.jpg,14,0.596,0.5,0.894792,0.996875,0.191667,yolo11m.pt,bonnet
train,mtsd__train__928X61J9z3FE_U9hWyeKRg.jpg,14,0.576,0.499219,0.869792,0.995313,0.241667,yolo11m.pt,bonnet
train,mtsd__train__93fzsuBgZcxYpZA0K2rqhg.jpg,14,0.529,0.500781,0.5,0.998437,1.0,yolov8m-oiv7.pt,bonnet
train,mtsd__train__9_QRkAy-6IezK2wL7Y4-ow.jpg,14,0.799,0.501563,0.901042,0.99375,0.179167,yolo11m.pt,bonnet
train,mtsd__train__9DYiFEOBDvMAfgDvlj82qw.jpg,31,0.643,0.066846,0.317361,0.048145,0.095833,yolo11m.pt,stop sign
train,mtsd__train__9EVCxbX8Uks1ZM6lcLd0xg.jpg,14,0.56,0.5,0.902344,0.998437,0.178646,yolo11m.pt,bonnet
train,mtsd__train__9f6jsOb_NPmdnKLFQ_misQ.jpg,14,0.633,0.532031,0.936111,0.926563,0.105556,yolo11m.pt,bonnet
train,mtsd__train__9G3g-2rDZqClnm05qQlsGQ.jpg,14,0.555,0.593359,0.954167,0.808594,0.079167,yolo11m.pt,bonnet
train,mtsd__train__9geloGJBlG1Cdhn-P5JiYA.jpg,14,0.662,0.445313,0.927083,0.8875,0.123611,yolo11m.pt,bonnet
train,mtsd__train__9gSRCufolu2Or9_SC94VPg.jpg,14,0.862,0.501563,0.867708,0.992187,0.247917,yolo11m.pt,bonnet
train,mtsd__train__9Gyr79bY_d47qOt0Fbnc_w.jpg,14,0.502,0.490625,0.940625,0.978125,0.097917,yolo11m.pt,bonnet
train,mtsd__train__9hLVPyovZQJdQu0JfbxWGg.jpg,14,0.591,0.5,0.8625,0.99375,0.252083,yolo11m.pt,bonnet
train,mtsd__train__9hvnNJBNiH8uKUrRx7wk8w.jpg,14,0.557,0.501562,0.922917,0.995313,0.13125,yolo11m.pt,bonnet
train,mtsd__train__9I56Tnoo8XLKtUxMcXIIKQ.jpg,14,0.701,0.499609,0.928125,0.999219,0.125,yolo11m.pt,bonnet
train,mtsd__train__9M43a6ar5lwMlcsDOpRFLw.jpg,14,0.715,0.5,0.845312,0.996875,0.288542,yolo11m.pt,bonnet
train,mtsd__train__9OkqCzUZbA99K3_E_ysJqQ.jpg,31,0.646,0.612109,0.525,0.025,0.035417,yolo11m.pt,stop sign
train,mtsd__train__9OUXQ2sPBDmQX8mM6jIfVQ.jpg,14,0.677,0.499609,0.883854,0.997656,0.215625,yolo11m.pt,bonnet
train,mtsd__train__9pFv3_gb2C7abTsdSqlr1A.jpg,14,0.644,0.5,0.902344,0.996875,0.158854,yolo11m.pt,bonnet
train,mtsd__train__9pFv3_gb2C7abTsdSqlr1A.jpg,14,0.576,0.5,0.500651,1.0,0.990885,yolov8m-oiv7.pt,bonnet
train,mtsd__train__9pjSURshucz8wxCu5nsmaw.jpg,14,0.922,0.5,0.667708,1.0,0.6625,yolov8m-oiv7.pt,bonnet
train,mtsd__train__9qij7f4ZFT-EBr_iCts3bg.jpg,14,0.858,0.499609,0.885417,0.996094,0.2125,yolo11m.pt,bonnet
train,mtsd__train__9R_lSBrn9gtzaVskVXTm-w.jpg,14,0.512,0.40625,0.901042,0.809375,0.172917,yolo11m.pt,bonnet
train,mtsd__train__9Rz4r2ij1yZ2o64PlJwYMw.jpg,14,0.644,0.5,0.925,0.998438,0.13125,yolo11m.pt,bonnet
train,mtsd__train__9SP3SloJlAjwcAIuJa5nZA.jpg,14,0.693,0.499609,0.85625,0.994531,0.266667,yolo11m.pt,bonnet
train,mtsd__train__9SP3SloJlAjwcAIuJa5nZA.jpg,14,0.523,0.5,0.502604,1.0,0.988542,yolov8m-oiv7.pt,bonnet
train,mtsd__train__9sUjpKibHQWUGFNSH-gJpQ.jpg,14,0.541,0.5,0.5,1.0,0.989583,yolov8m-oiv7.pt,bonnet
train,mtsd__train__9w5u4oFsN1_WxeAlc2CfUQ.jpg,14,0.691,0.5,0.857292,0.996875,0.2625,yolo11m.pt,bonnet
train,mtsd__train__9Yfb2J-RXAhi2fIYID70aA.jpg,14,0.746,0.5,0.498958,1.0,0.997917,yolov8m-oiv7.pt,bonnet
train,mtsd__train__9YsSSgZ0p4BI6vU7yksWJQ.jpg,14,0.619,0.5,0.888542,0.996875,0.202083,yolo11m.pt,bonnet
train,mtsd__train__9zlDANLedl6taWWQ8RN9kg.jpg,14,0.564,0.5,0.844792,0.996875,0.283333,yolo11m.pt,bonnet
train,mtsd__train___-31vo1jHS9kOpGk1mM2TA.jpg,14,0.66,0.499219,0.889583,0.995313,0.195833,yolo11m.pt,bonnet
train,mtsd__train___5Hhv378_vO46Ixb5aXvOQ.jpg,14,0.508,0.497656,0.871875,0.989063,0.235417,yolo11m.pt,bonnet
train,mtsd__train___5i8bTxkR55ExUJDyPBmsQ.jpg,31,0.708,0.790625,0.561458,0.048438,0.0625,yolo11m.pt,stop sign
train,mtsd__train___5krvZxQmSL6ItzNBqpqSQ.jpg,31,0.518,0.84375,0.672396,0.017188,0.025,yolo11m.pt,stop sign
train,mtsd__train___ARy75svP4A0-6Zh48mmJw.jpg,14,0.701,0.500391,0.901823,0.996094,0.175521,yolo11m.pt,bonnet
train,mtsd__train___BAYpg0_oNSWiacb98C4OA.jpg,14,0.523,0.498047,0.920573,0.994531,0.142188,yolo11m.pt,bonnet
train,mtsd__train___bh7vcsq_4ZDtcKClh1xag.jpg,14,0.617,0.5,0.876389,0.998438,0.227778,yolo11m.pt,bonnet
train,mtsd__train___bZCSL5ErGCcz8JRO3ExLQ.jpg,14,0.516,0.520312,0.95625,0.95,0.075,yolo11m.pt,bonnet
train,mtsd__train___CVNV5rHKH6uQybGgQCy3w.jpg,14,0.737,0.5,0.91875,0.996875,0.141667,yolo11m.pt,bonnet
train,mtsd__train___dNCE9vZp1yXiYiRTdau6A.jpg,14,0.756,0.5,0.8875,0.996875,0.2,yolo11m.pt,bonnet
train,mtsd__train___EKnWjILlrJwk-JAHslh-w.jpg,14,0.748,0.5,0.897917,0.996875,0.185417,yolo11m.pt,bonnet
train,mtsd__train___FH2mVXWEx-KY_EPRgDxbQ.jpg,14,0.799,0.499219,0.9125,0.998437,0.151389,yolo11m.pt,bonnet
train,mtsd__train___GHdvkG-OOW9-GqGtHmYww.jpg,14,0.71,0.499219,0.902083,0.998437,0.179167,yolo11m.pt,bonnet
train,mtsd__train___H8Wz9LnlYbPo5uziR-Hrg.jpg,14,0.679,0.500781,0.497917,0.998437,0.995833,yolov8m-oiv7.pt,bonnet
train,mtsd__train___I78oVrYm5lCvRYN-yWf1A.jpg,14,0.688,0.5,0.910677,0.996875,0.157813,yolo11m.pt,bonnet
train,mtsd__train___I8ij42B8f1iuNfm9GkA8Q.jpg,14,0.714,0.499609,0.911458,0.994531,0.143229,yolo11m.pt,bonnet
train,mtsd__train___I8ij42B8f1iuNfm9GkA8Q.jpg,14,0.502,0.5,0.500651,1.0,0.998698,yolov8m-oiv7.pt,bonnet
train,mtsd__train___jbTEezFxjmYd0hBjMzZYg.jpg,14,0.551,0.639844,0.909375,0.717188,0.164583,yolo11m.pt,bonnet
train,mtsd__train___jFN39J-mcv5zbIciMRG2w.jpg,14,0.545,0.646777,0.957292,0.70332,0.075,yolo11m.pt,bonnet
train,mtsd__train___JiA4HFuL0xf0yR99xiGKg.jpg,14,0.739,0.499219,0.865018,0.995313,0.246849,yolo11m.pt,bonnet
train,mtsd__train___JiA4HFuL0xf0yR99xiGKg.jpg,14,0.508,0.5,0.499974,1.0,0.991581,yolov8m-oiv7.pt,bonnet
train,mtsd__train___KAsvqxI4PIhdTtuTcGssA.jpg,14,0.704,0.499219,0.935417,0.998437,0.1125,yolo11m.pt,bonnet
train,mtsd__train___LEvJ00wS94GUriLS7czaA.jpg,14,0.783,0.5,0.890625,0.996875,0.197917,yolo11m.pt,bonnet
train,mtsd__train___mhSY-500WakE8YlfDbdOw.jpg,14,0.555,0.499609,0.916667,0.996094,0.147917,yolo11m.pt,bonnet
train,mtsd__train___nFpGOPlCmdRNVBtndDFMw.jpg,14,0.606,0.500781,0.500651,0.998438,0.996094,yolov8m-oiv7.pt,bonnet
train,mtsd__train___nFpGOPlCmdRNVBtndDFMw.jpg,14,0.562,0.499609,0.894531,0.997656,0.179688,yolo11m.pt,bonnet
train,mtsd__train___oFZj5C33nOb8bpu2AhIMw.jpg,14,0.674,0.5,0.897917,0.998438,0.183333,yolo11m.pt,bonnet
train,mtsd__train___r8r0Tw5TbqUrkQ9JH_vrg.jpg,14,0.606,0.498047,0.898958,0.991406,0.183333,yolo11m.pt,bonnet
train,mtsd__train___r9cIrouoh_kleJb8ZCC8Q.jpg,14,0.602,0.499219,0.907292,0.995312,0.16875,yolo11m.pt,bonnet
train,mtsd__train___RCp3-k7XBLbrQDheKFrOQ.jpg,14,0.529,0.5,0.859896,0.995312,0.257292,yolo11m.pt,bonnet
train,mtsd__train___ReQW_zjyP0AS4TVxgaDTw.jpg,14,0.531,0.428516,0.922917,0.855469,0.135417,yolo11m.pt,bonnet
train,mtsd__train___RYsm0jFLIjiZ3aQeAJZww.jpg,14,0.555,0.499609,0.816667,0.997656,0.341667,yolo11m.pt,bonnet
train,mtsd__train___SjMtg82TOFo9frPhD97sA.jpg,14,0.502,0.500781,0.881836,0.998437,0.219141,yolo11m.pt,bonnet
train,mtsd__train___yLbqYTiOUHT8VRyWERmSw.jpg,14,0.743,0.5,0.921875,0.99375,0.13125,yolo11m.pt,bonnet
train,mtsd__train___ZCBOHZ3-qAMZiWs0l_TCg.jpg,14,0.746,0.5,0.826042,0.996875,0.327083,yolo11m.pt,bonnet
train,mtsd__train__a-6mC_oTrQlunIhRkDxgVg.jpg,31,0.57,0.661328,0.622917,0.025,0.070833,yolo11m.pt,stop sign
train,mtsd__train__A0krorFhRa3r4WFeBVV7aQ.jpg,14,0.696,0.567969,0.954167,0.85625,0.075,yolo11m.pt,bonnet
train,mtsd__train__a16fUfd9sVjZ395FOnwqDA.jpg,14,0.814,0.409375,0.9125,0.817188,0.152778,yolo11m.pt,bonnet
train,mtsd__train__a1jmGH7HbofvGnGW93N1hg.jpg,14,0.596,0.499219,0.93724,0.995313,0.104687,yolo11m.pt,bonnet
train,mtsd__train__a1S_Qy54zn_uoVZ8WefIUw.jpg,14,0.887,0.332813,0.836458,0.664063,0.310417,yolo11m.pt,bonnet
train,mtsd__train__a24-TmDfmqHdMnbvyoKY8A.jpg,14,0.535,0.499609,0.499306,0.999219,0.998611,yolov8m-oiv7.pt,bonnet
train,mtsd__train__A2JIC6gWLPDH15-P5iiaAQ.jpg,14,0.699,0.494531,0.920833,0.985937,0.1375,yolo11m.pt,bonnet
train,mtsd__train__A2JIC6gWLPDH15-P5iiaAQ.jpg,14,0.591,0.501953,0.503255,0.996094,0.98724,yolov8m-oiv7.pt,bonnet
train,mtsd__train__A2Q-fs-vdCNsfBHYWE2DEQ.jpg,14,0.576,0.5,0.893229,0.996875,0.196875,yolo11m.pt,bonnet
train,mtsd__train__A3fjD-Ko21StVfX7aDqrfA.jpg,14,0.598,0.5,0.500911,1.0,0.998177,yolov8m-oiv7.pt,bonnet
train,mtsd__train__a3Ivf9Xnnr42yjz3g8FkoQ.jpg,14,0.762,0.551953,0.923958,0.892969,0.133333,yolo11m.pt,bonnet
train,mtsd__train__A3NkynUxpgJ32Y78BaG1Dg.jpg,14,0.844,0.499609,0.863542,0.996094,0.252083,yolo11m.pt,bonnet
train,mtsd__train__A3NkynUxpgJ32Y78BaG1Dg.jpg,31,0.564,0.018591,0.43125,0.037183,0.047917,yolo11m.pt,stop sign
train,mtsd__train__a4mkRM2ghRgco9l7JrXqfQ.jpg,14,0.558,0.387305,0.958333,0.736328,0.070833,yolo11m.pt,bonnet
train,mtsd__train__a4SbdR22MWZDW6vsFqsmEA.jpg,14,0.699,0.499219,0.911111,0.998438,0.161111,yolo11m.pt,bonnet
train,mtsd__train__A4xXE23HkvV0xBQMjxP0Ig.jpg,14,0.541,0.501172,0.928906,0.997656,0.121354,yolo11m.pt,bonnet
train,mtsd__train__A62CopNFq5OP5QVMmH8oCA.jpg,14,0.621,0.5,0.890104,0.996875,0.198958,yolo11m.pt,bonnet
train,mtsd__train__a6tnz3sMmJ7YBWGv7kJX7g.jpg,14,0.691,0.603906,0.878646,0.784375,0.228125,yolo11m.pt,bonnet
train,mtsd__train__A6VNM-OY6fLE9N8buiidjA.jpg,14,0.749,0.499219,0.910417,0.996875,0.15625,yolo11m.pt,bonnet
train,mtsd__train__a6Ycp_lF5Q7-9R-CkgYqkA.jpg,14,0.766,0.549219,0.91849,0.895313,0.146354,yolo11m.pt,bonnet
train,mtsd__train__A7eLMg20K7C5UOTCMv9KTw.jpg,14,0.635,0.5,0.834375,0.996875,0.310417,yolo11m.pt,bonnet
train,mtsd__train__a7Ub0liKAduFJWwAmN_46w.jpg,14,0.574,0.5,0.504847,1.0,0.990201,yolov8m-oiv7.pt,bonnet
train,mtsd__train__A8Wj9tnWkpM-wFzYyA7NKA.jpg,14,0.755,0.499219,0.85625,0.995313,0.264583,yolo11m.pt,bonnet
train,mtsd__train__A_yjVasLwZ1ngUv9XykgCg.jpg,14,0.539,0.499609,0.500694,0.999219,0.997222,yolov8m-oiv7.pt,bonnet
train,mtsd__train__AAMlNyj2C6_4UfGozRQ-UA.jpg,14,0.729,0.500781,0.845698,0.996875,0.286409,yolo11m.pt,bonnet
train,mtsd__train__AAMlNyj2C6_4UfGozRQ-UA.jpg,14,0.508,0.5,0.5,1.0,1.0,yolov8m-oiv7.pt,bonnet
train,mtsd__train__abh3olMoL1Do5Uxu_8PyFA.jpg,14,0.717,0.5,0.502474,1.0,0.995052,yolov8m-oiv7.pt,bonnet
train,mtsd__train__AcBjuKB0lOLxreNDzh_IsA.jpg,14,0.555,0.494531,0.923958,0.985937,0.127083,yolo11m.pt,bonnet
train,mtsd__train__aCehQl2NWlIqlDsCEpGLIA.jpg,14,0.604,0.498437,0.939583,0.99375,0.104167,yolo11m.pt,bonnet
train,mtsd__train__ACUksmcf7gREtcxCskc3hw.jpg,14,0.655,0.5,0.851042,0.996875,0.275,yolo11m.pt,bonnet
train,mtsd__train__adabHa8WTmrVD5y_O8jt-Q.jpg,14,0.516,0.499219,0.499306,0.998438,0.998611,yolov8m-oiv7.pt,bonnet
train,mtsd__train__aDfTqJyqcdysMKftShbeIA.jpg,14,0.591,0.494531,0.883333,0.9875,0.208333,yolo11m.pt,bonnet
train,mtsd__train__ADhfJoiU1dp6pO03AOx1ew.jpg,14,0.58,0.5,0.499441,1.0,0.998882,yolov8m-oiv7.pt,bonnet
train,mtsd__train__aE35jawiLYcgotHpaHo05g.jpg,14,0.504,0.5,0.499306,1.0,0.998611,yolov8m-oiv7.pt,bonnet
train,mtsd__train__AEfpzphjiJ6paQAJFq8DbQ.jpg,14,0.864,0.499609,0.840104,0.994531,0.294792,yolo11m.pt,bonnet
train,mtsd__train__aEOYdJoIC9vLMnN1WxgyXA.jpg,14,0.566,0.422656,0.961458,0.839063,0.064583,yolo11m.pt,bonnet
train,mtsd__train__aeqUndus72uDHGmE050pHg.jpg,14,0.973,0.655859,0.694271,0.686719,0.588542,yolo11m.pt,bonnet
train,mtsd__train__aesYo-uOBadPmo1uDc_avw.jpg,14,0.508,0.5,0.908073,0.996875,0.163021,yolo11m.pt,bonnet
train,mtsd__train__aExbenOg8tsn7tOSKkl4cQ.jpg,14,0.617,0.500781,0.892187,0.995312,0.196875,yolo11m.pt,bonnet
train,mtsd__train__aFOUGoY8S_hxfpegBgYqvQ.jpg,14,0.533,0.5,0.865625,0.996875,0.25,yolo11m.pt,bonnet
train,mtsd__train__aGCLa4xDNAAD9He9stkbDA.jpg,31,0.566,0.130859,0.506944,0.028906,0.066667,yolo11m.pt,stop sign
train,mtsd__train__AgXiPNzxxAFVzdoE480_bA.jpg,14,0.604,0.5,0.826562,0.996875,0.323958,yolo11m.pt,bonnet
train,mtsd__train__Ahd4su63Qx4j5wKAYVqD_A.jpg,14,0.862,0.499219,0.878125,0.995313,0.225,yolo11m.pt,bonnet
train,mtsd__train__aHJ7mt8cMZWGpHtCLAMSFg.jpg,14,0.796,0.479688,0.922917,0.95625,0.129167,yolo11m.pt,bonnet
train,mtsd__train__Ahox3FHeqyISu_JlXpUhEg.jpg,14,0.633,0.499609,0.885417,0.994531,0.208333,yolo11m.pt,bonnet
train,mtsd__train__aI-ZuZi4zxS4zMEbKG2uhw.jpg,14,0.619,0.5,0.91875,0.995313,0.141667,yolo11m.pt,bonnet
train,mtsd__train__AixrH56Te3U5NJUamqXRRQ.jpg,14,0.704,0.694922,0.9375,0.608594,0.1125,yolo11m.pt,bonnet
train,mtsd__train__AJAT7A6UOSxKxXzfnYRWGQ.jpg,14,0.815,0.5,0.840972,0.996875,0.295833,yolo11m.pt,bonnet
train,mtsd__train__AJgX3w5EezaCPn_0_7Rr-A.jpg,14,0.543,0.499219,0.858333,0.995313,0.258333,yolo11m.pt,bonnet
train,mtsd__train__ajo4cy0-rzPKwfZCQJsElQ.jpg,14,0.633,0.5,0.920573,0.995313,0.142188,yolo11m.pt,bonnet
train,mtsd__train__ajo4cy0-rzPKwfZCQJsElQ.jpg,14,0.625,0.500391,0.498958,0.999219,0.997917,yolov8m-oiv7.pt,bonnet
train,mtsd__train__AK4-G2i--FaAc6CkjTKusw.jpg,14,0.646,0.498438,0.896875,0.99375,0.18125,yolo11m.pt,bonnet
train,mtsd__train__Al3hXP6HG5QZMfOzH-HwQw.jpg,14,0.764,0.499219,0.498958,0.998437,0.995833,yolov8m-oiv7.pt,bonnet
train,mtsd__train__ALArITKQp_UjvSYt_a7MEw.jpg,14,0.772,0.498828,0.870139,0.996094,0.236111,yolo11m.pt,bonnet
train,mtsd__train__aLhrXuRRlB-T-2boAtoxoA.jpg,14,0.518,0.5,0.925,0.995313,0.129167,yolo11m.pt,bonnet
train,mtsd__train__aLsY2I-2B0b4guSBo6uFUQ.jpg,14,0.518,0.5,0.797222,0.996875,0.383333,yolo11m.pt,bonnet
train,mtsd__train__AMCO5Yjqtia0mOF1jiSsFg.jpg,31,0.787,0.155664,0.508333,0.030859,0.04375,yolo11m.pt,stop sign
train,mtsd__train__AmsI0A9IrgSYDOeCHBI33Q.jpg,14,0.784,0.499219,0.857292,0.995313,0.2625,yolo11m.pt,bonnet
train,mtsd__train__AmsTkhe65tlplz0Onj9w9w.jpg,14,0.922,0.696094,0.858333,0.60625,0.266667,yolo11m.pt,bonnet
train,mtsd__train__AMXE1kjZ_esr7KNl4OqgSA.jpg,14,0.566,0.499219,0.919792,0.99375,0.14375,yolo11m.pt,bonnet
train,mtsd__train__AP_IL_Pxaitc1jsjdCuJ9w.jpg,14,0.817,0.498438,0.863221,0.990625,0.253796,yolo11m.pt,bonnet
train,mtsd__train__apG_8rErO1gLJi6EQ0-c7Q.jpg,14,0.541,0.49375,0.9375,0.985937,0.10625,yolo11m.pt,bonnet
train,mtsd__train__Apge0CJHkOOBIi5hX9-9tA.jpg,14,0.604,0.487109,0.929167,0.974219,0.119444,yolo11m.pt,bonnet
train,mtsd__train__APkPPa0qayqidPiHFLm-xw.jpg,14,0.712,0.5,0.5,1.0,1.0,yolov8m-oiv7.pt,bonnet
train,mtsd__train__APNM1BXvKuyxPb4a34BCKg.jpg,14,0.788,0.498438,0.801042,0.996875,0.372917,yolo11m.pt,bonnet
train,mtsd__train__APNM1BXvKuyxPb4a34BCKg.jpg,14,0.545,0.5,0.498958,1.0,0.997917,yolov8m-oiv7.pt,bonnet
train,mtsd__train__Aq2kA3p-tCW438HcTo3RNA.jpg,14,0.693,0.500781,0.876042,0.995313,0.229167,yolo11m.pt,bonnet
train,mtsd__train__aQAORmEcKYN0r66fR1I8Bw.jpg,14,0.729,0.499609,0.946875,0.994531,0.085417,yolo11m.pt,bonnet
train,mtsd__train__AqyWaV1cW__dm0T_JQe0Iw.jpg,14,0.621,0.489844,0.95,0.976563,0.083333,yolo11m.pt,bonnet
train,mtsd__train__aR21wdFnwIbduhQAzA_FlQ.jpg,14,0.792,0.383594,0.92526,0.765625,0.136979,yolo11m.pt,bonnet
train,mtsd__train__Ar7vnAlOImHTUne82uQRtQ.jpg,31,0.725,0.104517,0.445833,0.033545,0.04375,yolo11m.pt,stop sign
train,mtsd__train__aRbkYmidp-bWhhvMszAHbQ.jpg,14,0.864,0.539746,0.92474,0.64082,0.133854,yolo11m.pt,bonnet
train,mtsd__train__ArNQs3kSPapJx7JGLIGYdw.jpg,14,0.628,0.500391,0.822917,0.996094,0.333333,yolo11m.pt,bonnet
train,mtsd__train__As3_yDTrtTl80kG63mp1aw.jpg,14,0.798,0.685547,0.803125,0.628906,0.379167,yolo11m.pt,bonnet
train,mtsd__train__atjEfVmVyYmS-TabeOp_jg.jpg,14,0.701,0.5,0.886458,0.996875,0.20625,yolo11m.pt,bonnet
train,mtsd__train__Au95Ni3H4nwfi8NKDvXryQ.jpg,14,0.88,0.40625,0.919792,0.8125,0.141667,yolo11m.pt,bonnet
train,mtsd__train__auYhKXZWOnQQtUS7PAfTjg.jpg,14,0.587,0.5,0.923177,0.99375,0.141146,yolo11m.pt,bonnet
train,mtsd__train__AvE-XEowvgasy0kkS44P3g.jpg,14,0.535,0.499219,0.860417,0.995313,0.260417,yolo11m.pt,bonnet
train,mtsd__train__AvE-XEowvgasy0kkS44P3g.jpg,14,0.533,0.5,0.502083,1.0,0.995833,yolov8m-oiv7.pt,bonnet
train,mtsd__train__avR-axijzuUDHSKdHIOTEg.jpg,14,0.596,0.499219,0.896875,0.995313,0.189583,yolo11m.pt,bonnet
train,mtsd__train__Aw5IwsDowb0nXkXeVm8TGw.jpg,14,0.539,0.441406,0.929167,0.879687,0.11875,yolo11m.pt,bonnet
train,mtsd__train__AWJGriMGpGD0YXCPDDH4dA.jpg,14,0.63,0.4375,0.93099,0.875,0.117188,yolo11m.pt,bonnet
train,mtsd__train__awRd4gXNnYJMjqwxpjqoUA.jpg,14,0.708,0.500781,0.916667,0.995313,0.147917,yolo11m.pt,bonnet
train,mtsd__train__awuk3t2kA_gLNUY8rlZjPw.jpg,14,0.558,0.499609,0.498264,0.999219,0.996528,yolov8m-oiv7.pt,bonnet
train,mtsd__train__AXHGxpXdhvbJJdFjNMHbvg.jpg,14,0.582,0.500391,0.88125,0.996094,0.2125,yolo11m.pt,bonnet
train,mtsd__train__axhxxgxBFnZhjddac2LsKQ.jpg,14,0.547,0.5,0.841146,0.996875,0.290625,yolo11m.pt,bonnet
train,mtsd__train__axhxxgxBFnZhjddac2LsKQ.jpg,14,0.547,0.5,0.499479,1.0,0.994792,yolov8m-oiv7.pt,bonnet
train,mtsd__train__Axr7s36u_lv6OmSeR48yxA.jpg,14,0.835,0.500781,0.865625,0.995312,0.25,yolo11m.pt,bonnet
train,mtsd__train__AYj6Xzng6mC2HB7MOuphgA.jpg,31,0.653,0.13457,0.626042,0.020703,0.033333,yolo11m.pt,stop sign
train,mtsd__train__aykJG4RXOrNEiio8jqpL3A.jpg,14,0.598,0.495703,0.921528,0.989844,0.134722,yolo11m.pt,bonnet
train,mtsd__train__az6UmSgqhAsaZPDr6sJcZw.jpg,31,0.549,0.863281,0.286719,0.0125,0.023438,yolo11m.pt,stop sign
train,mtsd__train__az6UmSgqhAsaZPDr6sJcZw.jpg,31,0.51,0.327734,0.282813,0.021875,0.030208,yolo11m.pt,stop sign
train,mtsd__train__Az9HicL7Fc8WvqFLzIgk5g.jpg,14,0.731,0.500391,0.933073,0.996094,0.117188,yolo11m.pt,bonnet
train,mtsd__train__AZg8Jsr1c_vLTKnNzV_jjQ.jpg,14,0.727,0.499609,0.880208,0.994531,0.21875,yolo11m.pt,bonnet
train,mtsd__train__AzLS1u3v7fuCe6jxvIVyvQ.jpg,14,0.57,0.491016,0.91901,0.980469,0.145312,yolo11m.pt,bonnet
train,mtsd__train__B-OEKpkpYbFL9Wj-aYt1hQ.jpg,14,0.772,0.5,0.5,1.0,0.991667,yolov8m-oiv7.pt,bonnet
train,mtsd__train__B0LywnMu0HWWRApscXfXlQ.jpg,14,0.839,0.500391,0.851042,0.996094,0.275,yolo11m.pt,bonnet
train,mtsd__train__B0ZaDY9Bo6x69HLxshWEDg.jpg,14,0.664,0.5,0.928125,0.996875,0.125,yolo11m.pt,bonnet
train,mtsd__train__B1m1t7OgPqTRdUDBsAND8Q.jpg,14,0.506,0.628125,0.932292,0.740625,0.116667,yolo11m.pt,bonnet
train,mtsd__train__b1pphmWJT2ECljPz7mA2LQ.jpg,14,0.6,0.500391,0.921875,0.992969,0.1375,yolo11m.pt,bonnet
train,mtsd__train__b2lCLhBh6JOla-wHbajiuw.jpg,31,0.719,0.029126,0.418229,0.036328,0.090625,yolo11m.pt,stop sign
train,mtsd__train__B2ywHE3MroSFru11lpHBEQ.jpg,14,0.696,0.499219,0.814062,0.998437,0.3375,yolo11m.pt,bonnet
train,mtsd__train__b3t2eZX67pR9qDEd6H4IUg.jpg,14,0.662,0.5,0.890104,0.995313,0.198958,yolo11m.pt,bonnet
train,mtsd__train__b3t2eZX67pR9qDEd6H4IUg.jpg,14,0.549,0.5,0.498958,1.0,0.997917,yolov8m-oiv7.pt,bonnet
train,mtsd__train__b4ruw_he_765BoFTCRc3Rw.jpg,31,0.611,0.576953,0.520833,0.032031,0.045833,yolo11m.pt,stop sign
train,mtsd__train__B4stevbhWHJvtKyadmwN_A.jpg,14,0.625,0.533594,0.926042,0.782813,0.13125,yolo11m.pt,bonnet
train,mtsd__train__b6BRk6g90zESU7GMmiwyzg.jpg,14,0.869,0.503223,0.929167,0.785742,0.125,yolo11m.pt,bonnet
train,mtsd__train__b6OWAu0hQOcr77hkprtYnA.jpg,14,0.6,0.5,0.5,1.0,0.998519,yolov8m-oiv7.pt,bonnet
train,mtsd__train__b8d7HZ1hfEy5DCTSohMBlQ.jpg,14,0.66,0.5,0.775521,0.996875,0.428125,yolo11m.pt,bonnet
train,mtsd__train__B_uZiqbeiRBbVRdPNO8clA.jpg,31,0.543,0.642969,0.6125,0.021875,0.041667,yolo11m.pt,stop sign
train,mtsd__train__Ba6KztitACD-cbCH-u_GXQ.jpg,31,0.774,0.878125,0.479167,0.054688,0.097222,yolo11m.pt,stop sign
train,mtsd__train__bADwXPhPLSKWHeJoAts0_g.jpg,14,0.677,0.499219,0.927083,0.998437,0.129167,yolo11m.pt,bonnet
train,mtsd__train__BaS_QOvGvnQEnj0OwNJ9AA.jpg,14,0.641,0.499219,0.908333,0.998437,0.166667,yolo11m.pt,bonnet
train,mtsd__train__bAt8dgy4op9ckbdXlxjd7g.jpg,14,0.596,0.5,0.505729,1.0,0.984375,yolov8m-oiv7.pt,bonnet
train,mtsd__train__bB4GcsDSc9-rlM1-tFYRUg.jpg,14,0.541,0.498828,0.922917,0.994531,0.1375,yolo11m.pt,bonnet
train,mtsd__train__BBR3Fv1nh38lMm7x_h1hIw.jpg,14,0.533,0.5,0.882292,0.995313,0.2125,yolo11m.pt,bonnet
train,mtsd__train__BBrW5YLHvnDsqngO2HTeag.jpg,14,0.669,0.463281,0.914583,0.926563,0.154167,yolo11m.pt,bonnet
train,mtsd__train__BbzUPXghQAQMXJ0CmxQV6w.jpg,14,0.749,0.500781,0.889583,0.995312,0.204167,yolo11m.pt,bonnet
train,mtsd__train__BbzUPXghQAQMXJ0CmxQV6w.jpg,14,0.596,0.5,0.508203,1.0,0.979427,yolov8m-oiv7.pt,bonnet
train,mtsd__train__bCcLKrkOOeZp09_14CbvzQ.jpg,14,0.626,0.5,0.90651,0.996875,0.170312,yolo11m.pt,bonnet
train,mtsd__train__BctevbEk0MeV650Hs6kzIA.jpg,31,0.752,0.282813,0.672396,0.021875,0.03125,yolo11m.pt,stop sign
train,mtsd__train__BCyA5MxMpSqn0M85itFa8A.jpg,14,0.803,0.467188,0.876042,0.93125,0.23125,yolo11m.pt,bonnet
train,mtsd__train__bDE7RMVoMtKqWMK5cDQ8dw.jpg,14,0.598,0.5,0.497917,1.0,0.995833,yolov8m-oiv7.pt,bonnet
train,mtsd__train__bDi7sDfTmW9ID197H6iSyg.jpg,14,0.796,0.555469,0.854167,0.882813,0.272917,yolo11m.pt,bonnet
train,mtsd__train__BDikXcp1BWWc4-IBvi8gJQ.jpg,14,0.699,0.45,0.933333,0.898438,0.116667,yolo11m.pt,bonnet
train,mtsd__train__BDnRit_kDbbxb5mdhBUEGA.jpg,14,0.609,0.499219,0.8875,0.995313,0.202083,yolo11m.pt,bonnet
train,mtsd__train__beyhTlzVjER6oqO-RZO2mw.jpg,31,0.712,0.254297,0.640625,0.025781,0.033333,yolo11m.pt,stop sign
train,mtsd__train__BEZRmSHSbdMZppPBiV_tmQ.jpg,31,0.51,0.285547,0.438542,0.01875,0.03125,yolo11m.pt,stop sign
train,mtsd__train__BfSFeW3uEcLv1zFKs8Kxjg.jpg,14,0.704,0.5,0.893229,0.996875,0.183594,yolo11m.pt,bonnet
train,mtsd__train__bfShyJ_V--2A8GjAjgrpsg.jpg,14,0.728,0.6375,0.894444,0.721875,0.188889,yolo11m.pt,bonnet
train,mtsd__train__BGmhh9W0G51DSziYr7VF6A.jpg,14,0.539,0.502344,0.959375,0.990625,0.072917,yolo11m.pt,bonnet
train,mtsd__train__BgPrTxSKDo-m5v1hb7SrQQ.jpg,31,0.879,0.243555,0.480556,0.0375,0.075,yolo11m.pt,stop sign
train,mtsd__train__BGQv05JZ3Yk9WIYjRTKNmQ.jpg,14,0.648,0.524609,0.9,0.947656,0.178125,yolo11m.pt,bonnet
train,mtsd__train__bh0b-iCT507R45Ak3Fl0_A.jpg,31,0.611,0.206641,0.439583,0.028125,0.041667,yolo11m.pt,stop sign
train,mtsd__train__bHlBKvPctEzsKnCe2BIgyA.jpg,14,0.723,0.5,0.500521,1.0,0.996875,yolov8m-oiv7.pt,bonnet
train,mtsd__train__BHUGLKUnTdHKpgJ6xNPGKA.jpg,14,0.643,0.499219,0.822917,0.998437,0.333333,yolo11m.pt,bonnet
train,mtsd__train__BHUGLKUnTdHKpgJ6xNPGKA.jpg,14,0.585,0.5,0.500521,1.0,0.998958,yolov8m-oiv7.pt,bonnet
train,mtsd__train__BiK77IxEj9e4GaIUAJsXoQ.jpg,31,0.598,0.054639,0.338889,0.028223,0.055556,yolo11m.pt,stop sign
train,mtsd__train__biYF71oOc4jI8KlrY9kwzw.jpg,14,0.626,0.5,0.498611,1.0,0.997222,yolov8m-oiv7.pt,bonnet
train,mtsd__train__BJXzH0PAX8DZGLEmbW-G1w.jpg,14,0.6,0.497656,0.917361,0.985938,0.144444,yolo11m.pt,bonnet
train,mtsd__train__BKRc7yMuyLonhROW-JhwzQ.jpg,14,0.56,0.5,0.497917,1.0,0.99375,yolov8m-oiv7.pt,bonnet
train,mtsd__train__bm552M4KxKVpX6S3vVF2xg.jpg,14,0.553,0.5,0.505208,0.998438,0.977083,yolov8m-oiv7.pt,bonnet
train,mtsd__train__BMaPANP4nj2GvL3q9E9ziw.jpg,14,0.677,0.495313,0.922917,0.989062,0.133333,yolo11m.pt,bonnet
train,mtsd__train__BmLxwsCj0IQqZ3X-FSVMZA.jpg,14,0.549,0.5,0.945833,0.996875,0.083333,yolo11m.pt,bonnet
train,mtsd__train__bnerXRrjb19ONK2h9GeohA.jpg,14,0.626,0.507031,0.888889,0.982813,0.202778,yolo11m.pt,bonnet
train,mtsd__train__bNEWm3FL442z2JeEKOv9kQ.jpg,14,0.587,0.5,0.8875,0.995313,0.202778,yolo11m.pt,bonnet
train,mtsd__train__BNjKNdVuKN0EBaDUbk48dw.jpg,14,0.803,0.5,0.902778,0.996875,0.175,yolo11m.pt,bonnet
train,mtsd__train__boIg8aGiODmsEml7FoOJAg.jpg,14,0.591,0.64209,0.933073,0.712695,0.113021,yolo11m.pt,bonnet
train,mtsd__train__BoOuCsbe3mRtz3aXxGNpMw.jpg,14,0.589,0.5,0.876562,0.996875,0.221875,yolo11m.pt,bonnet
train,mtsd__train__Bp4Igm-Hx4SHzJ8sEYkByw.jpg,14,0.877,0.500391,0.894792,0.996094,0.1875,yolo11m.pt,bonnet
train,mtsd__train__bpcS4nUPowhm7_So3so6ew.jpg,14,0.72,0.492188,0.905555,0.984375,0.166667,yolo11m.pt,bonnet
train,mtsd__train__BPkJN91V4VDwgK9HGMBf2A.jpg,14,0.525,0.428906,0.936458,0.854688,0.104167,yolo11m.pt,bonnet
train,mtsd__train__BQ3BQmR28jV4oui2sx4LEg.jpg,14,0.696,0.5,0.497396,1.0,0.992708,yolov8m-oiv7.pt,bonnet
train,mtsd__train__BqcxNFSwDMGQgeSujlZqnw.jpg,14,0.745,0.5,0.91276,0.996875,0.157812,yolo11m.pt,bonnet
train,mtsd__train__BQHxNZBr4ruo2hZByTHQsg.jpg,31,0.508,0.264453,0.590625,0.039062,0.072917,yolo11m.pt,stop sign
train,mtsd__train__bsdnK6Qg8oaIrEyM2unELw.jpg,14,0.632,0.498047,0.936458,0.994531,0.108333,yolo11m.pt,bonnet
train,mtsd__train__BSOu-NnPavLK-tnQw7Pwlw.jpg,14,0.764,0.5,0.904167,0.998437,0.172917,yolo11m.pt,bonnet
train,mtsd__train__btFz1dRa0icxVJV0wK1noA.jpg,14,0.566,0.5,0.881944,0.996875,0.211111,yolo11m.pt,bonnet
train,mtsd__train__Btk6vg8mxsS2XxXaAJoGWQ.jpg,14,0.861,0.432031,0.929167,0.860937,0.120833,yolo11m.pt,bonnet
train,mtsd__train__bTP3f7Xn6NerFKrjRjIPVw.jpg,14,0.589,0.5,0.869792,0.995313,0.241667,yolo11m.pt,bonnet
train,mtsd__train__BTX50YS8XJp4K_mhTLEPNg.jpg,14,0.508,0.499219,0.813542,0.998437,0.352083,yolo11m.pt,bonnet
train,mtsd__train__btxiZNgyoz6uvKXW2ucfzA.jpg,31,0.854,0.11189,0.307292,0.057861,0.085417,yolo11m.pt,stop sign
train,mtsd__train__Bu7Wo2zxHDEUiHiAqfrSWg.jpg,14,0.701,0.5,0.838542,0.996875,0.297917,yolo11m.pt,bonnet
train,mtsd__train__bUIqQezbOFubkBH3M3O1GA.jpg,14,0.732,0.499609,0.804167,0.997656,0.366667,yolo11m.pt,bonnet
train,mtsd__train__bUv8SA7IuDFWgEXjSAMZtA.jpg,14,0.811,0.505078,0.882292,0.986719,0.21875,yolo11m.pt,bonnet
train,mtsd__train__BUwZdOX7N_fCs4CQIpmPFA.jpg,14,0.698,0.501172,0.803646,0.994531,0.367708,yolo11m.pt,bonnet
train,mtsd__train__bvh01GjQQWqpI3uCrvHsJQ.jpg,14,0.566,0.500391,0.498958,0.999219,0.997917,yolov8m-oiv7.pt,bonnet
train,mtsd__train__BvkEJAh7HCIAPC6mxkF7tw.jpg,14,0.535,0.5,0.501042,1.0,0.989583,yolov8m-oiv7.pt,bonnet
train,mtsd__train__BW0WbX2WNs7_RFrV1l1mkQ.jpg,14,0.527,0.499609,0.944792,0.994531,0.09375,yolo11m.pt,bonnet
train,mtsd__train__bwd0rsw9xRlG65wGLaOqQA.jpg,31,0.676,0.181445,0.275391,0.024609,0.044271,yolo11m.pt,stop sign
train,mtsd__train__bwD49RmLEX39omHHEdpbqQ.jpg,14,0.646,0.5,0.875,0.995313,0.227083,yolo11m.pt,bonnet
train,mtsd__train__bWfOS4Ye0uiUHUsAOCoedQ.jpg,14,0.745,0.434375,0.934722,0.867188,0.106944,yolo11m.pt,bonnet
train,mtsd__train__bxSMT412WXWDtL8YrxNyKw.jpg,31,0.723,0.656641,0.638542,0.0125,0.016667,yolo11m.pt,stop sign
train,mtsd__train__BYEZ4cQUWxPStxxAaP0y7Q.jpg,14,0.529,0.465234,0.936806,0.925781,0.102778,yolo11m.pt,bonnet
train,mtsd__train__bYuqDyNzTeZ1pOlN6gFHyQ.jpg,14,0.593,0.547656,0.913542,0.901562,0.15625,yolo11m.pt,bonnet
train,mtsd__train__BZ-Pv0N_0pX1RWuftvvHyg.jpg,14,0.643,0.4875,0.952083,0.96875,0.077083,yolo11m.pt,bonnet
train,mtsd__train__C-nHXFxDL1nE4jriJpyCww.jpg,14,0.545,0.5,0.5,1.0,1.0,yolov8m-oiv7.pt,bonnet
train,mtsd__train__c-qQfM6mZOsWiOJm9sdDbw.jpg,14,0.729,0.5,0.879167,0.99375,0.21875,yolo11m.pt,bonnet
train,mtsd__train__C-uwEjdp1PQuPWvlye9eqA.jpg,14,0.56,0.649219,0.919792,0.698437,0.14375,yolo11m.pt,bonnet
train,mtsd__train__c0EpNpdecrbeSEbzryN0Mw.jpg,14,0.646,0.5,0.500521,1.0,0.990625,yolov8m-oiv7.pt,bonnet
train,mtsd__train__C1OMfABKSXZkkxxNarANUg.jpg,14,0.535,0.503516,0.959375,0.983594,0.066667,yolo11m.pt,bonnet
train,mtsd__train__C28JYob2exWUpkY2raniZg.jpg,14,0.926,0.423438,0.828125,0.845313,0.327083,yolo11m.pt,bonnet
train,mtsd__train__c3wj3l3vEO5tcRoZAoNxvQ.jpg,14,0.604,0.497656,0.922656,0.99375,0.129687,yolo11m.pt,bonnet
train,mtsd__train__C4JjvoDEZEMcAn1-uvOHIQ.jpg,31,0.543,0.589844,0.505208,0.015625,0.021875,yolo11m.pt,stop sign
train,mtsd__train__c5IWtXGxvA1VYUlzRjDdYQ.jpg,14,0.719,0.500391,0.910417,0.996094,0.1625,yolo11m.pt,bonnet
train,mtsd__train__c5QcwUTrKzZkM3OJoVd0xA.jpg,14,0.582,0.497656,0.942708,0.99375,0.091667,yolo11m.pt,bonnet
train,mtsd__train__c5QcwUTrKzZkM3OJoVd0xA.jpg,14,0.504,0.5,0.5,1.0,1.0,yolov8m-oiv7.pt,bonnet
train,mtsd__train__C5YVRTiBoerVqfOTw_QlAA.jpg,14,0.604,0.500781,0.91875,0.995312,0.145833,yolo11m.pt,bonnet
train,mtsd__train__c6kVOToA6g4_6L2Bwhr53A.jpg,31,0.539,0.17168,0.4,0.084766,0.05,yolo11m.pt,stop sign
train,mtsd__train__c8Nq39iWBO7hzWe9RMcoJg.jpg,31,0.662,0.244922,0.259635,0.05,0.070833,yolo11m.pt,stop sign
train,mtsd__train__c91Zhxzbk9_O0wHw-53new.jpg,31,0.712,0.387891,0.546875,0.035938,0.04375,yolo11m.pt,stop sign
train,mtsd__train__C9YYPjhM529r9xfEwcF1FA.jpg,14,0.537,0.5,0.914583,0.996875,0.152083,yolo11m.pt,bonnet
train,mtsd__train__c_5q3X6iNUPDCa6FQNkWYw.jpg,14,0.541,0.5,0.808333,0.996875,0.358333,yolo11m.pt,bonnet
train,mtsd__train__c_NdR2MMr6P8OjLRmRgCRg.jpg,31,0.527,0.590625,0.657292,0.0125,0.01875,yolo11m.pt,stop sign
train,mtsd__train__ca0UYZ5b1ROBOEqyNe_zBA.jpg,14,0.74,0.499609,0.5,0.999219,0.991667,yolov8m-oiv7.pt,bonnet
train,mtsd__train__camoHp_U2GRE7I_Beba9yg.jpg,14,0.516,0.5,0.497786,1.0,0.991927,yolov8m-oiv7.pt,bonnet
train,mtsd__train__caq15QAlNfvLkLLeAlyH1w.jpg,14,0.589,0.499609,0.880208,0.997656,0.214583,yolo11m.pt,bonnet
train,mtsd__train__CBdlVcCI-vmwbweM-Xs7Rw.jpg,14,0.749,0.499609,0.92474,0.997656,0.129688,yolo11m.pt,bonnet
train,mtsd__train__CBn1aoyJNGr_lp3wCZ6hXg.jpg,31,0.607,0.597656,0.593589,0.028125,0.028241,yolo11m.pt,stop sign
train,mtsd__train__ccjcbmpAmAT3Sve6ouERgQ.jpg,14,0.694,0.5,0.853472,0.996875,0.269444,yolo11m.pt,bonnet
train,mtsd__train__cctDqePR08AABfjvJAeIAA.jpg,14,0.72,0.499609,0.884766,0.997656,0.208594,yolo11m.pt,bonnet
train,mtsd__train__cD4IOa2gmFwBg8RYYAWPyQ.jpg,14,0.625,0.5,0.89375,0.996875,0.191667,yolo11m.pt,bonnet
train,mtsd__train__CfB0eIBET0IptWfOTelwnw.jpg,31,0.643,0.417969,0.609375,0.010938,0.016667,yolo11m.pt,stop sign
train,mtsd__train__CG9XKFf2zIzBUfb7kxLx1Q.jpg,14,0.801,0.5,0.851042,0.996875,0.275,yolo11m.pt,bonnet
train,mtsd__train__CGZQAG_39GvP3QkTLku9bA.jpg,14,0.615,0.553906,0.922917,0.892188,0.133333,yolo11m.pt,bonnet
train,mtsd__train__ChCDA-G1zS81nqbjFcTx8g.jpg,31,0.66,0.921875,0.588542,0.05,0.077083,yolo11m.pt,stop sign
train,mtsd__train__CHRp4GiMPBOsWF4G-QSw4Q.jpg,14,0.679,0.5,0.903125,0.996875,0.177083,yolo11m.pt,bonnet
train,mtsd__train__cHRv0dGwBctV2HHXnX3K8A.jpg,14,0.87,0.5,0.897396,0.996875,0.190625,yolo11m.pt,bonnet
train,mtsd__train__ChzKV_kPO7Dqq_xNlQcKbQ.jpg,14,0.739,0.5,0.770833,0.996875,0.433333,yolo11m.pt,bonnet
train,mtsd__train__cI_70b4cRV-Hl2OGWqFqZg.jpg,31,0.684,0.09707,0.815278,0.024219,0.044444,yolo11m.pt,stop sign
train,mtsd__train__ciA_RRt0D9iPTXYz_-J9ug.jpg,14,0.657,0.5,0.869792,0.99375,0.233333,yolo11m.pt,bonnet
train,mtsd__train__Ciiz7r9kOFqnlh2kmw2zkA.jpg,14,0.898,0.489063,0.890278,0.975,0.194444,yolo11m.pt,bonnet
train,mtsd__train__cjA4Z9DOpOKZaPykKkAiQw.jpg,14,0.539,0.5,0.5,1.0,0.989583,yolov8m-oiv7.pt,bonnet
train,mtsd__train__CK_STsdd-TnCP585ewg_Vg.jpg,14,0.547,0.500781,0.854167,0.995313,0.26875,yolo11m.pt,bonnet
train,mtsd__train__ckOQA-BqcXhQgpN-7oHnIQ.jpg,14,0.723,0.499609,0.921875,0.994531,0.1375,yolo11m.pt,bonnet
train,mtsd__train__CLfZHFjcMAEtmYQGVWuQ5g.jpg,14,0.632,0.500781,0.876562,0.995312,0.226042,yolo11m.pt,bonnet
train,mtsd__train__clV5UHU-CUfl8eLzWVfGww.jpg,14,0.633,0.500781,0.894792,0.99375,0.191667,yolo11m.pt,bonnet
train,mtsd__train__CmjK7I0m99EKIXMXAM99Ug.jpg,14,0.811,0.500781,0.869792,0.995312,0.241667,yolo11m.pt,bonnet
train,mtsd__train__CMSPQUH4DM3J6ddxmMtzhw.jpg,14,0.621,0.5,0.884028,0.996875,0.206944,yolo11m.pt,bonnet
train,mtsd__train__cMxoGOjorMaNas_gaUjs8A.jpg,31,0.703,0.047388,0.641146,0.02583,0.034375,yolo11m.pt,stop sign
train,mtsd__train__cneGsuqOxUY1MtDeALGKGg.jpg,14,0.527,0.39375,0.916667,0.785937,0.15,yolo11m.pt,bonnet
train,mtsd__train__CO7DxbGIKl2rYxH7lPEB-Q.jpg,14,0.651,0.5,0.877778,0.996875,0.227778,yolo11m.pt,bonnet
train,mtsd__train__CO7DxbGIKl2rYxH7lPEB-Q.jpg,14,0.533,0.50625,0.763889,0.985938,0.45,yolo11m.pt,bonnet
train,mtsd__train__coLQvulS1WBPI2zMXNm2Tw.jpg,14,0.625,0.5,0.891927,0.996875,0.179688,yolo11m.pt,bonnet
train,mtsd__train__coZuNAH8i38Uhzg4IeyYFA.jpg,14,0.699,0.597754,0.93125,0.798242,0.120833,yolo11m.pt,bonnet
train,mtsd__train__cPeFWEG6urlP5pQjetnkdg.jpg,14,0.683,0.5,0.8375,0.996875,0.297222,yolo11m.pt,bonnet
train,mtsd__train__cPeFWEG6urlP5pQjetnkdg.jpg,14,0.6,0.500391,0.495833,0.999219,0.988889,yolov8m-oiv7.pt,bonnet
train,mtsd__train__cPyMwcV0xrtR19z7gcpG8g.jpg,14,0.506,0.510937,0.933594,0.973437,0.120313,yolo11m.pt,bonnet
train,mtsd__train__CQfcYFnjgp6DqQccWdD3rQ.jpg,14,0.566,0.500781,0.860937,0.995313,0.255208,yolo11m.pt,bonnet
train,mtsd__train__cqwfBlJRyPyMakVcz0Es1A.jpg,14,0.683,0.499609,0.914583,0.994531,0.152083,yolo11m.pt,bonnet
train,mtsd__train__cr6Odh7h3qeiIGLev0__Jg.jpg,14,0.683,0.499219,0.499306,0.998438,0.995833,yolov8m-oiv7.pt,bonnet
train,mtsd__train__CRKoZggzPd8cwgdFmwnojg.jpg,14,0.576,0.5,0.844792,0.996875,0.289583,yolo11m.pt,bonnet
train,mtsd__train__crn4FtaYgxu1TkuWCkiQfQ.jpg,14,0.632,0.5,0.882812,0.995313,0.213542,yolo11m.pt,bonnet
train,mtsd__train__cS3654J0YogDIJQFfO0r3g.jpg,14,0.593,0.500781,0.500521,0.998438,0.994792,yolov8m-oiv7.pt,bonnet
train,mtsd__train__CSqbFCyo359d2v5ulTW16A.jpg,14,0.813,0.499219,0.826042,0.995312,0.325,yolo11m.pt,bonnet
train,mtsd__train__cSs5-XrLVXV_8kBDQoBDVw.jpg,14,0.742,0.499219,0.916927,0.996875,0.149479,yolo11m.pt,bonnet
train,mtsd__train__CsTz9zQ6OhDyZYDmrLbrnQ.jpg,14,0.595,0.669629,0.955208,0.657617,0.072917,yolo11m.pt,bonnet
train,mtsd__train__CSV0tZsNQEWSP0Vg44lejw.jpg,14,0.602,0.498828,0.891667,0.996094,0.195833,yolo11m.pt,bonnet
train,mtsd__train__CsvxX-irvGUghF9SnJ-oaw.jpg,14,0.623,0.471094,0.9125,0.939063,0.154167,yolo11m.pt,bonnet
train,mtsd__train__CTKUz2aAa_7ygi0PvYrLRw.jpg,14,0.66,0.501172,0.502604,0.997656,0.994792,yolov8m-oiv7.pt,bonnet
train,mtsd__train__CTKUz2aAa_7ygi0PvYrLRw.jpg,14,0.611,0.499219,0.844792,0.995313,0.2875,yolo11m.pt,bonnet
train,mtsd__train__ctmEn7CQ68AGxEgOOjMvEA.jpg,31,0.574,0.391602,0.811979,0.010547,0.015625,yolo11m.pt,stop sign
train,mtsd__train__CTTuvgLBuD-WEajBy3eACw.jpg,14,0.525,0.499219,0.820833,0.995313,0.341667,yolo11m.pt,bonnet
train,mtsd__train__CUbMZ7wQLZiPXUPKSHneWA.jpg,31,0.621,0.028857,0.458333,0.035547,0.052778,yolo11m.pt,stop sign
train,mtsd__train__cV28VqkLNM0LeK09aKpeXQ.jpg,31,0.677,0.069727,0.440625,0.038477,0.053125,yolo11m.pt,stop sign
train,mtsd__train__Cv_4rjd-IVAqigZi0dTMTw.jpg,14,0.57,0.500781,0.7875,0.995313,0.408333,yolo11m.pt,bonnet
train,mtsd__train__cwjkE5KiVkvwj4hEPSaW0A.jpg,14,0.792,0.498438,0.930208,0.99375,0.120833,yolo11m.pt,bonnet
train,mtsd__train__CWy_lEKGcYIu5h4SVf8SBQ.jpg,14,0.797,0.398242,0.928125,0.794922,0.122917,yolo11m.pt,bonnet
train,mtsd__train__cyKmC0F8hA-Rf7qDg4N_2w.jpg,14,0.632,0.667871,0.939323,0.662695,0.108854,yolo11m.pt,bonnet
train,mtsd__train__cyTTzg90j-AisZEmNzJ87Q.jpg,14,0.684,0.557031,0.939583,0.882812,0.108333,yolo11m.pt,bonnet
train,mtsd__train__czJ0s93Ul-I1OiZVYxCNsg.jpg,14,0.637,0.499219,0.852778,0.998438,0.266667,yolo11m.pt,bonnet
train,mtsd__train__CZlri0yCDcjyA53wnSGOpw.jpg,14,0.664,0.5,0.863542,0.996875,0.252083,yolo11m.pt,bonnet
train,mtsd__train__CzxGRiUrjrD924aRfApRIg.jpg,14,0.715,0.499219,0.842708,0.995313,0.29375,yolo11m.pt,bonnet
train,mtsd__train__D1Wo-lZReVJMJAykqq6xYg.jpg,14,0.502,0.500781,0.85625,0.995312,0.264583,yolo11m.pt,bonnet
train,mtsd__train__D2sw4aZlimzmjageBkgclw.jpg,31,0.572,0.25293,0.705208,0.030469,0.0375,yolo11m.pt,stop sign
train,mtsd__train__d3I9_zPwn2hVruFqRTwXIA.jpg,14,0.658,0.3375,0.914583,0.673438,0.15,yolo11m.pt,bonnet
train,mtsd__train__D4Qac1HQlRSvYcxmKSUZ1w.jpg,14,0.864,0.499609,0.889063,0.997656,0.201042,yolo11m.pt,bonnet
train,mtsd__train__d5lmvqFato9_EMtpKTX_eA.jpg,14,0.75,0.500781,0.811111,0.995313,0.352778,yolo11m.pt,bonnet
train,mtsd__train__d5lWdhfa2k3vIfpS2mKQjA.jpg,14,0.819,0.525,0.902344,0.946875,0.178646,yolo11m.pt,bonnet
train,mtsd__train__d9NafilwQ1GjYfXaP4toyQ.jpg,14,0.566,0.5,0.844792,0.996875,0.289583,yolo11m.pt,bonnet
train,mtsd__train__d9NafilwQ1GjYfXaP4toyQ.jpg,14,0.523,0.5,0.503646,1.0,0.992708,yolov8m-oiv7.pt,bonnet
train,mtsd__train__DaE6-kFaK0W_2Re1ZAFUSQ.jpg,14,0.708,0.5,0.5,0.998438,1.0,yolov8m-oiv7.pt,bonnet
train,mtsd__train__DaE6-kFaK0W_2Re1ZAFUSQ.jpg,14,0.598,0.5,0.825,0.995313,0.327083,yolo11m.pt,bonnet
train,mtsd__train__DaGL34qcUTxbSSdaWF4Wwg.jpg,14,0.523,0.5,0.5,1.0,1.0,yolov8m-oiv7.pt,bonnet
train,mtsd__train__DAjQz2dK-uUawHpqahkc3A.jpg,14,0.628,0.580469,0.95,0.83125,0.083333,yolo11m.pt,bonnet
train,mtsd__train__DAL0PtZJbUEKriDWi-N2YQ.jpg,14,0.535,0.5,0.928125,0.996875,0.122917,yolo11m.pt,bonnet
train,mtsd__train__Dao-KuWf-QzaXCHe4UmphQ.jpg,14,0.583,0.5,0.5,1.0,1.0,yolov8m-oiv7.pt,bonnet
train,mtsd__train__DbQb-RFx8ufEWBXtcp4TfA.jpg,14,0.706,0.499219,0.840625,0.995313,0.295833,yolo11m.pt,bonnet
train,mtsd__train__DbQb-RFx8ufEWBXtcp4TfA.jpg,14,0.596,0.5,0.501953,1.0,0.996094,yolov8m-oiv7.pt,bonnet
train,mtsd__train__DCa1ptkXGQy050G73dZ3OA.jpg,14,0.504,0.5,0.498438,1.0,0.996875,yolov8m-oiv7.pt,bonnet
train,mtsd__train__dcda0c1N7rG6I9onp276yQ.jpg,14,0.632,0.500391,0.50013,0.999219,0.987239,yolov8m-oiv7.pt,bonnet
train,mtsd__train__dcda0c1N7rG6I9onp276yQ.jpg,14,0.572,0.499609,0.917708,0.994531,0.139583,yolo11m.pt,bonnet
train,mtsd__train__ddKob1uQaVtTdqiwkyJjDQ.jpg,14,0.52,0.5,0.498958,1.0,0.997917,yolov8m-oiv7.pt,bonnet
train,mtsd__train__ddXMtX83bRTKyf32b-GJ_g.jpg,14,0.827,0.379297,0.917708,0.753906,0.14375,yolo11m.pt,bonnet
train,mtsd__train__DeBdDHe9Zz7LPpyGZCaoPA.jpg,14,0.689,0.499609,0.908333,0.997656,0.166667,yolo11m.pt,bonnet
train,mtsd__train__DegxBGEprgp3YLjWRTEb-Q.jpg,14,0.794,0.497656,0.850694,0.995313,0.275,yolo11m.pt,bonnet
train,mtsd__train__dFGwQxUdUI_Y8R8PDEhRrQ.jpg,14,0.768,0.500391,0.841667,0.996094,0.291667,yolo11m.pt,bonnet
train,mtsd__train__dFGwQxUdUI_Y8R8PDEhRrQ.jpg,14,0.541,0.500391,0.497222,0.999219,0.994444,yolov8m-oiv7.pt,bonnet
train,mtsd__train__dFn-5s3BvvEZULLxHYcEfQ.jpg,14,0.688,0.5,0.930208,0.996875,0.116667,yolo11m.pt,bonnet
train,mtsd__train__dfno7MSIesbc3VlxTR6Ngg.jpg,14,0.626,0.5,0.500391,1.0,0.999219,yolov8m-oiv7.pt,bonnet
train,mtsd__train__dFvvFsZb_LqPAl_VZnqUmw.jpg,14,0.676,0.5,0.834722,0.996875,0.311111,yolo11m.pt,bonnet
train,mtsd__train__DgsmJFuhteFyYGaBxbYa6w.jpg,14,0.553,0.501172,0.933333,0.997656,0.114583,yolo11m.pt,bonnet
train,mtsd__train__DhEcbFDe5MamAfDrEhG_QA.jpg,31,0.537,0.775781,0.603125,0.017969,0.027083,yolo11m.pt,stop sign
train,mtsd__train__dib144YuXS75NmanqBcVwg.jpg,14,0.698,0.499609,0.898611,0.997656,0.177778,yolo11m.pt,bonnet
train,mtsd__train__DipJo8hajcFie3B4Vb6aDQ.jpg,14,0.799,0.5,0.885417,0.99375,0.210417,yolo11m.pt,bonnet
train,mtsd__train__djV5-lsgOyBCZITUZdEtaA.jpg,14,0.589,0.500391,0.8625,0.996094,0.252083,yolo11m.pt,bonnet
train,mtsd__train__DJVa6ABlOm1LDoPCbHM53A.jpg,14,0.783,0.5,0.870833,0.996875,0.241667,yolo11m.pt,bonnet
train,mtsd__train__Dm1nTe-1b3I_EqNFvTpI_A.jpg,14,0.674,0.38125,0.95,0.758594,0.083333,yolo11m.pt,bonnet
train,mtsd__train__dNk-m-N_mK-gaAsfNZEOww.jpg,31,0.504,0.023267,0.398611,0.026221,0.075,yolo11m.pt,stop sign
train,mtsd__train__dNsKsAidtYFFDeK5FedJ7g.jpg,14,0.712,0.380273,0.727083,0.758203,0.525,yolo11m.pt,bonnet
train,mtsd__train__DnZ-ZYfdlKBzEaC1R1sL-Q.jpg,14,0.797,0.499219,0.886458,0.995312,0.208333,yolo11m.pt,bonnet
train,mtsd__train__dO3q_1mPagAiJosKZDUq9A.jpg,14,0.794,0.500781,0.896875,0.995312,0.189583,yolo11m.pt,bonnet
train,mtsd__train__DO5jUZ3FVI-ITJigr0CT-A.jpg,14,0.799,0.501562,0.916406,0.996875,0.146354,yolo11m.pt,bonnet
train,mtsd__train__DO8shEEzrAnND8Sai7XolA.jpg,14,0.508,0.5,0.498958,1.0,0.997917,yolov8m-oiv7.pt,bonnet
train,mtsd__train__dOIp3toKAp01zUo3GesO7Q.jpg,14,0.708,0.5,0.880729,0.996875,0.213542,yolo11m.pt,bonnet
train,mtsd__train__DoiXeLT1gWzNQviVPP9Rjg.jpg,14,0.742,0.500391,0.920833,0.996094,0.14375,yolo11m.pt,bonnet
train,mtsd__train__DOzZSYgrkxRWJD9ad-_C1w.jpg,14,0.886,0.498438,0.923177,0.990625,0.132812,yolo11m.pt,bonnet
train,mtsd__train__DPCrciK4iYUQXdUMv71wYQ.jpg,14,0.623,0.510156,0.781771,0.976562,0.407292,yolo11m.pt,bonnet
train,mtsd__train__DPCrciK4iYUQXdUMv71wYQ.jpg,14,0.591,0.5,0.502995,1.0,0.99401,yolov8m-oiv7.pt,bonnet
train,mtsd__train__drZkAFG_UGIM6gIubWcPRQ.jpg,14,0.679,0.5,0.898958,0.996875,0.179167,yolo11m.pt,bonnet
train,mtsd__train__DseSOqXeyTbaZxSzoW9Nfw.jpg,14,0.689,0.698535,0.928906,0.601367,0.125521,yolo11m.pt,bonnet
train,mtsd__train__DSXwH4GASi1ANBIzHx218w.jpg,14,0.523,0.5,0.822222,0.995313,0.331944,yolo11m.pt,bonnet
train,mtsd__train__dtb0BvBY3V07mw_HxCdOKA.jpg,14,0.743,0.5,0.784375,0.996875,0.40625,yolo11m.pt,bonnet
train,mtsd__train__dtb0BvBY3V07mw_HxCdOKA.jpg,14,0.591,0.500391,0.499479,0.999219,0.992708,yolov8m-oiv7.pt,bonnet
train,mtsd__train__dTEwBv0vgQWD-yrxhgvySw.jpg,14,0.677,0.500781,0.884722,0.99375,0.209722,yolo11m.pt,bonnet
train,mtsd__train__DUE9NMxDarIpX5_E390pRQ.jpg,14,0.886,0.491406,0.821875,0.979688,0.335417,yolo11m.pt,bonnet
train,mtsd__train__DULkPoLsyQ2JMYkq74Sb4A.jpg,14,0.576,0.500781,0.501562,0.998438,0.990625,yolov8m-oiv7.pt,bonnet
train,mtsd__train__DULkPoLsyQ2JMYkq74Sb4A.jpg,14,0.568,0.392969,0.939844,0.783594,0.099479,yolo11m.pt,bonnet
train,mtsd__train__duojywJzsdiFbTr7mOGVNw.jpg,14,0.512,0.500781,0.897917,0.996875,0.183333,yolo11m.pt,bonnet
train,mtsd__train__dupavXMD07PMzOEQNqPefg.jpg,14,0.677,0.5,0.89375,0.996875,0.195833,yolo11m.pt,bonnet
train,mtsd__train__dvRwiPg0I1TCFhfThD3TIQ.jpg,14,0.863,0.5,0.798958,0.996875,0.38125,yolo11m.pt,bonnet
train,mtsd__train__dvYNlbtzVZfE0zCz9P6pFQ.jpg,14,0.518,0.5,0.926042,0.996875,0.127083,yolo11m.pt,bonnet
train,mtsd__train__dw0Vg7ZBbXvlglt7PqhrmQ.jpg,14,0.762,0.451563,0.883333,0.9,0.210417,yolo11m.pt,bonnet
train,mtsd__train__DWO4v2SfeVmghJLKzAO9tQ.jpg,14,0.731,0.500781,0.856771,0.996875,0.263542,yolo11m.pt,bonnet
train,mtsd__train__DwyeTNYEC15ioIwUyoHefQ.jpg,14,0.681,0.499219,0.838542,0.998437,0.297917,yolo11m.pt,bonnet
train,mtsd__train__DWzFQIptnRQzKzrf9tOfEA.jpg,14,0.6,0.499609,0.934375,0.997656,0.116667,yolo11m.pt,bonnet
train,mtsd__train__Dx3LrYg3tb9dbx-muX1GFA.jpg,14,0.539,0.500781,0.845139,0.998438,0.2875,yolo11m.pt,bonnet
train,mtsd__train__dYlVt67AyFjN0IZxkSiLJg.jpg,14,0.557,0.603125,0.945833,0.757813,0.0875,yolo11m.pt,bonnet
train,mtsd__train__DyMOusNW62ax226xGHtTuQ.jpg,14,0.699,0.539844,0.923177,0.914062,0.136979,yolo11m.pt,bonnet
train,mtsd__train__dyTTy2vTPsFqNqCg2u3zeg.jpg,14,0.853,0.489844,0.900274,0.979687,0.184719,yolo11m.pt,bonnet
train,mtsd__train__dYUOQIzUbi4Yu5UHzCDHeA.jpg,14,0.595,0.5,0.5,1.0,0.99375,yolov8m-oiv7.pt,bonnet
train,mtsd__train__dYuzVzybhENLv8pDhbgxbA.jpg,14,0.506,0.499609,0.9,0.997656,0.165278,yolo11m.pt,bonnet
train,mtsd__train__dZrlA9WiCkfACwZWKh-e-g.jpg,31,0.504,0.115625,0.492708,0.026172,0.030208,yolo11m.pt,stop sign
train,mtsd__train__e-2vN4r2UpuWHci69RhfhA.jpg,14,0.694,0.5,0.5,1.0,0.997396,yolov8m-oiv7.pt,bonnet
train,mtsd__train__E-QLLpthb9AThBg_JcPeuQ.jpg,14,0.504,0.50625,0.938542,0.984375,0.110417,yolo11m.pt,bonnet
train,mtsd__train__e0pP0B5VY8N5q8r-Lmj3Xw.jpg,31,0.572,0.366211,0.561719,0.014453,0.03125,yolo11m.pt,stop sign
train,mtsd__train__e0Q0NaLY-r-7RY2dBIVioQ.jpg,14,0.551,0.5,0.935677,0.996875,0.103646,yolo11m.pt,bonnet
train,mtsd__train__e12_GGvlIUwt02t4J7oKrA.jpg,31,0.506,0.207813,0.726042,0.009375,0.019792,yolo11m.pt,stop sign
train,mtsd__train__e172Bi9o2CTQV22wwMunNg.jpg,14,0.566,0.492969,0.930208,0.982813,0.116667,yolo11m.pt,bonnet
train,mtsd__train__E1TWC4nkDZERFIV8BEKtUA.jpg,31,0.587,0.226563,0.570139,0.022656,0.038889,yolo11m.pt,stop sign
train,mtsd__train__e22a_Wl0n48_HAPOL8SyiA.jpg,14,0.553,0.495703,0.93125,0.986719,0.11875,yolo11m.pt,bonnet
train,mtsd__train__E2K1Ayz7T94RfZZ9261bDg.jpg,14,0.792,0.444531,0.849479,0.885938,0.282292,yolo11m.pt,bonnet
train,mtsd__train__E2Xbc_ssI4b_sl1o1tdWJQ.jpg,14,0.628,0.5,0.507812,0.998438,0.976042,yolov8m-oiv7.pt,bonnet
train,mtsd__train__E2XN1dksv5VEas3iEO-W_Q.jpg,14,0.6,0.499609,0.494444,0.997656,0.988889,yolov8m-oiv7.pt,bonnet
train,mtsd__train__E6EeFlLYqTaiA62fiB-dmg.jpg,14,0.508,0.500391,0.8625,0.996094,0.252083,yolo11m.pt,bonnet
train,mtsd__train__E7qS8jaUR2Fllj9NPRepFQ.jpg,14,0.535,0.505469,0.907292,0.982813,0.170833,yolo11m.pt,bonnet
train,mtsd__train__E8lhZGmJzRPaj5ml5m7q0Q.jpg,14,0.533,0.516016,0.942708,0.963281,0.095833,yolo11m.pt,bonnet
train,mtsd__train__e9amEMEFXp6s-XmvyF7rKw.jpg,14,0.633,0.5,0.89375,0.996875,0.191667,yolo11m.pt,bonnet
train,mtsd__train__EAk4PGkOWEjTf1dB1TaH5w.jpg,14,0.849,0.542969,0.895833,0.910937,0.191667,yolo11m.pt,bonnet
train,mtsd__train__EassDKWBrIvNnvnzTMlDdg.jpg,14,0.789,0.499609,0.832292,0.997656,0.314583,yolo11m.pt,bonnet
train,mtsd__train__eBeWTiTLIfZFg_aNl7RYLg.jpg,14,0.591,0.500391,0.499441,0.999219,0.998882,yolov8m-oiv7.pt,bonnet
train,mtsd__train__eFP30YftdMER6oxbdLAgYQ.jpg,14,0.689,0.5,0.501562,1.0,0.990625,yolov8m-oiv7.pt,bonnet
train,mtsd__train__ehebLe6ZEX7na3-sGW_pgA.jpg,14,0.516,0.5,0.498958,1.0,0.997917,yolov8m-oiv7.pt,bonnet
train,mtsd__train__ehjOB96q7sXn-h1tAv_4Rg.jpg,14,0.615,0.500781,0.854167,0.998437,0.270833,yolo11m.pt,bonnet
train,mtsd__train__eiuOeHuSCEL0Dqg3EVtsfg.jpg,14,0.562,0.500391,0.504167,0.999219,0.9875,yolov8m-oiv7.pt,bonnet
train,mtsd__train__EJGZmc4RmA6b1qi0rpnoaA.jpg,14,0.547,0.5,0.498047,1.0,0.99349,yolov8m-oiv7.pt,bonnet
train,mtsd__train__ejSveMrMOGv9Y9zHij4hUQ.jpg,14,0.919,0.570312,0.892187,0.85625,0.196875,yolo11m.pt,bonnet
train,mtsd__train__ekDj43_Imj2Hi7_-cRQY3g.jpg,14,0.699,0.5,0.916667,0.996875,0.145833,yolo11m.pt,bonnet
train,mtsd__train__EKvK6tKRGoJs4MyEmdtZ0A.jpg,14,0.531,0.642187,0.946875,0.7125,0.0875,yolo11m.pt,bonnet
train,mtsd__train__eL7joUVqlAWWNDKMZ2PRMQ.jpg,14,0.815,0.494922,0.910677,0.989844,0.157813,yolo11m.pt,bonnet
train,mtsd__train__ELxp8cCZ4eUBjCfoCZON5A.jpg,14,0.853,0.566797,0.886458,0.860156,0.20625,yolo11m.pt,bonnet
train,mtsd__train__emrnKoJYt6pc31a3tj-uzA.jpg,14,0.737,0.5,0.908333,0.996875,0.163889,yolo11m.pt,bonnet
train,mtsd__train__En3RY3YA9pbjo_-nBzCCjg.jpg,14,0.743,0.409766,0.954167,0.816406,0.075,yolo11m.pt,bonnet
train,mtsd__train__enA10gEJz7A4Vy98UmRZ_g.jpg,14,0.781,0.501563,0.802604,0.992188,0.373958,yolo11m.pt,bonnet
train,mtsd__train__eNBIYWf7bYirEJtQRIPlxg.jpg,14,0.679,0.615625,0.9375,0.759375,0.108333,yolo11m.pt,bonnet
train,mtsd__train__eOp9HjYnC9Av5cAH4guTFw.jpg,14,0.585,0.500781,0.498611,0.998438,0.997222,yolov8m-oiv7.pt,bonnet
train,mtsd__train__eOzwxq9jfvhuuwL0ovQLWQ.jpg,31,0.806,0.251953,0.598958,0.029297,0.039583,yolo11m.pt,stop sign
train,mtsd__train__EPUqTNoeGZEyst0OexVfQQ.jpg,14,0.715,0.417187,0.935726,0.832812,0.111951,yolo11m.pt,bonnet
train,mtsd__train__EQHqbO-omhQLGjge0yDmMQ.jpg,14,0.676,0.480078,0.909375,0.960156,0.166667,yolo11m.pt,bonnet
train,mtsd__train__eqhTJznjIwpkRSNZyMPLgw.jpg,14,0.626,0.638672,0.907292,0.721094,0.16875,yolo11m.pt,bonnet
train,mtsd__train__eRmh8is-oKOcChaxVP25Wg.jpg,14,0.527,0.5,0.888889,0.99375,0.201389,yolo11m.pt,bonnet
train,mtsd__train__ERrzTqydZFOBkMPVMVpAUQ.jpg,31,0.662,0.329688,0.516667,0.019141,0.030208,yolo11m.pt,stop sign
train,mtsd__train__ery2_BMNi2OmlYLAnOUyZQ.jpg,14,0.598,0.500781,0.929167,0.99375,0.122222,yolo11m.pt,bonnet
train,mtsd__train__eSgq4b5Vj65T4ooSGdRasg.jpg,14,0.619,0.5,0.499479,1.0,0.994792,yolov8m-oiv7.pt,bonnet
train,mtsd__train__EtHQJTmtciKKZsfk3ILpVA.jpg,14,0.555,0.5,0.933333,0.998437,0.116667,yolo11m.pt,bonnet
train,mtsd__train__ETusKeOXtrI6OJxDhIiNQQ.jpg,14,0.761,0.499219,0.888889,0.995313,0.202778,yolo11m.pt,bonnet
train,mtsd__train__EU-FyP6qxM2PVK43gC5ekA.jpg,14,0.63,0.500781,0.904167,0.995313,0.177083,yolo11m.pt,bonnet
train,mtsd__train__euS4XWjlk0Finpa6Pel98w.jpg,31,0.858,0.357812,0.715972,0.064844,0.143056,yolo11m.pt,stop sign
train,mtsd__train__eV5QAro3ICicH91uVuGScA.jpg,14,0.637,0.5,0.498958,1.0,0.997917,yolov8m-oiv7.pt,bonnet
train,mtsd__train__evuZJeqHulbNf-FzZgbq2Q.jpg,14,0.637,0.499609,0.890625,0.994531,0.197917,yolo11m.pt,bonnet
train,mtsd__train__EWJuG1rvlX7jiEv_Gmz6bg.jpg,14,0.765,0.514844,0.93125,0.964062,0.120833,yolo11m.pt,bonnet
train,mtsd__train__ExUC3OULuWLi25mgg9sLAw.jpg,31,0.779,0.826563,0.277344,0.040625,0.049479,yolo11m.pt,stop sign
train,mtsd__train__ExUC3OULuWLi25mgg9sLAw.jpg,31,0.646,0.308594,0.276042,0.032813,0.044792,yolo11m.pt,stop sign
train,mtsd__train__eycL68qkr83iaPsGJBF-Wg.jpg,14,0.688,0.5,0.90026,0.996875,0.186979,yolo11m.pt,bonnet
train,mtsd__train__eyEpMz9_Cn1tSBNVd6_qxQ.jpg,14,0.667,0.5,0.499479,1.0,0.998958,yolov8m-oiv7.pt,bonnet
train,mtsd__train__EyqjyT4XUmjN6wCB8cA7jA.jpg,14,0.66,0.500391,0.9375,0.992969,0.105556,yolo11m.pt,bonnet
train,mtsd__train__Eze0245jtS_qtlKZDAOjbw.jpg,14,0.615,0.49375,0.914323,0.984375,0.154687,yolo11m.pt,bonnet
train,mtsd__train__ezkDE6oyUSoOAACrrQkKQA.jpg,14,0.662,0.5,0.85,0.996875,0.277778,yolo11m.pt,bonnet
train,mtsd__train__ezueKpJFVHJe41AHvvO86A.jpg,31,0.655,0.06416,0.563889,0.025781,0.083333,yolo11m.pt,stop sign
train,mtsd__train__F-c7javtymD007QNk_x1wA.jpg,14,0.504,0.5,0.89375,0.996875,0.191667,yolo11m.pt,bonnet
train,mtsd__train__F-K4wWacpc9KQCJF-EcoCQ.jpg,14,0.63,0.510938,0.898438,0.975,0.188542,yolo11m.pt,bonnet
train,mtsd__train__f0VnOoABmXCNSJz1NquPFw.jpg,14,0.553,0.5,0.514453,1.0,0.966927,yolov8m-oiv7.pt,bonnet
train,mtsd__train__f0VnOoABmXCNSJz1NquPFw.jpg,14,0.504,0.499219,0.846875,0.996875,0.285417,yolo11m.pt,bonnet
train,mtsd__train__f1ofpEldUExWvkl2128KXg.jpg,14,0.602,0.500781,0.850521,0.995313,0.278125,yolo11m.pt,bonnet
train,mtsd__train__f2U2U5JbMpHX7anjGQxm0w.jpg,14,0.785,0.5,0.859375,0.996875,0.258333,yolo11m.pt,bonnet
train,mtsd__train__f2U2U5JbMpHX7anjGQxm0w.jpg,14,0.508,0.500391,0.498437,0.999219,0.996875,yolov8m-oiv7.pt,bonnet
train,mtsd__train__f32C8alSJucFz1eh7BbUKA.jpg,14,0.574,0.500391,0.929167,0.994531,0.120833,yolo11m.pt,bonnet
train,mtsd__train__F4Amhg20HxjG5goCpCqN7Q.jpg,14,0.537,0.500781,0.513021,0.998438,0.965625,yolov8m-oiv7.pt,bonnet
train,mtsd__train__f4b53xbkAOgTQTPRrKC9GA.jpg,14,0.555,0.5,0.498958,1.0,0.997917,yolov8m-oiv7.pt,bonnet
train,mtsd__train__f51yKIuDF1uUo4etj6Wwqg.jpg,14,0.633,0.500781,0.889062,0.992188,0.203125,yolo11m.pt,bonnet
train,mtsd__train__f8gQf7DRiu7hjIMSocDKKQ.jpg,14,0.537,0.5,0.503516,1.0,0.992969,yolov8m-oiv7.pt,bonnet
train,mtsd__train__f8lJ0ap9y9hi5pHsS_5nfw.jpg,31,0.646,0.303906,0.544444,0.026563,0.047222,yolo11m.pt,stop sign
train,mtsd__train__F8pIzc9MSmBDtNLOOk-oTA.jpg,14,0.572,0.499219,0.851042,0.995312,0.275,yolo11m.pt,bonnet
train,mtsd__train__f8taEeHhSkApBAexEEUO6A.jpg,14,0.547,0.5,0.497396,1.0,0.976042,yolov8m-oiv7.pt,bonnet
train,mtsd__train__F9H8t8Damvfs2y0S353dnA.jpg,14,0.739,0.498438,0.923177,0.996875,0.136979,yolo11m.pt,bonnet
train,mtsd__train__F9PQgLK7TGak7IqRiycz3Q.jpg,14,0.646,0.499219,0.927083,0.998438,0.122917,yolo11m.pt,bonnet
train,mtsd__train__f_FZLERQhEbru8aJmbYBDw.jpg,14,0.607,0.5,0.876389,0.996875,0.222222,yolo11m.pt,bonnet
train,mtsd__train__F_LYbMrdJNtbP61_Kvdrcg.jpg,14,0.521,0.500781,0.920833,0.995313,0.135417,yolo11m.pt,bonnet
train,mtsd__train__fa4_WrxUAtiwopehfJLiIQ.jpg,14,0.752,0.5,0.885417,0.996875,0.209722,yolo11m.pt,bonnet
train,mtsd__train__fAw_lt2X4Xxv9j9dmqGdDA.jpg,14,0.708,0.5,0.896875,0.996875,0.189583,yolo11m.pt,bonnet
train,mtsd__train__fAxaOvQJaFwmQZ2B8mvQoQ.jpg,14,0.851,0.5,0.8375,0.99375,0.297222,yolo11m.pt,bonnet
train,mtsd__train__Fb_feOegzAwlNQpnyhKSYQ.jpg,14,0.623,0.491797,0.904167,0.982031,0.16875,yolo11m.pt,bonnet
train,mtsd__train__FBlVokow8QpummbRytsCmA.jpg,14,0.58,0.5,0.500866,1.0,0.998268,yolov8m-oiv7.pt,bonnet
train,mtsd__train__Fbt1ySjjBjP2JwhpGS4tzA.jpg,14,0.649,0.5,0.879167,0.996875,0.222917,yolo11m.pt,bonnet
train,mtsd__train__FDoPCoedWbvG2bRD0qrIOQ.jpg,14,0.715,0.547656,0.917708,0.901563,0.145833,yolo11m.pt,bonnet
train,mtsd__train__FeaqNTD0TuynhOKobfja_w.jpg,14,0.583,0.499219,0.940625,0.99375,0.102083,yolo11m.pt,bonnet
train,mtsd__train__FEBlcvfzLIBqF5dp4Wd_ZQ.jpg,14,0.794,0.500391,0.890625,0.996094,0.190104,yolo11m.pt,bonnet
train,mtsd__train__FEIc8CdM8dG8iktskJOu9g.jpg,14,0.655,0.499219,0.863542,0.995313,0.254167,yolo11m.pt,bonnet
train,mtsd__train__FEIc8CdM8dG8iktskJOu9g.jpg,14,0.626,0.499219,0.501953,0.998437,0.98776,yolov8m-oiv7.pt,bonnet
train,mtsd__train__ffexMBpnxQOY8Rk6dxcFiw.jpg,14,0.57,0.501562,0.861458,0.99375,0.258333,yolo11m.pt,bonnet
train,mtsd__train__ffexMBpnxQOY8Rk6dxcFiw.jpg,14,0.541,0.5,0.505729,1.0,0.986458,yolov8m-oiv7.pt,bonnet
train,mtsd__train__fGZlRN1-dOLq0gcG6L-tIg.jpg,14,0.572,0.343359,0.948958,0.685156,0.085417,yolo11m.pt,bonnet
train,mtsd__train__FHGcWTx7Dbhi-mikftzkLg.jpg,14,0.518,0.500391,0.915278,0.997656,0.147222,yolo11m.pt,bonnet
train,mtsd__train__FhmzsNcVqxLiT4iIp12iJg.jpg,31,0.765,0.360938,0.503472,0.044531,0.101389,yolo11m.pt,stop sign
train,mtsd__train__fiTKiSL0cRYWmaJWFdxw-g.jpg,14,0.798,0.5,0.826042,0.995312,0.325,yolo11m.pt,bonnet
train,mtsd__train__fJ7Y1tHnlaMn0OqExlu7QA.jpg,14,0.651,0.5,0.916667,0.996875,0.14375,yolo11m.pt,bonnet
train,mtsd__train__Fj8RnKx7mhMdPKxiObvhsw.jpg,14,0.643,0.499219,0.879167,0.995313,0.208333,yolo11m.pt,bonnet
train,mtsd__train__fkT9Dw6vgeyBUxftAt1YGA.jpg,14,0.539,0.499609,0.904427,0.994531,0.174479,yolo11m.pt,bonnet
train,mtsd__train__FL-xHB4RS14ZJAjHKtlp5Q.jpg,14,0.859,0.319141,0.838021,0.635156,0.301042,yolo11m.pt,bonnet
train,mtsd__train__Flfw0omRNcEIvm2wFX2V2g.jpg,14,0.502,0.499219,0.790104,0.996875,0.394792,yolo11m.pt,bonnet
train,mtsd__train__FLq7B3K0GYh5Nwhvuf22Nw.jpg,31,0.667,0.56875,0.591797,0.0125,0.028125,yolo11m.pt,stop sign
train,mtsd__train__FM9XS3ceHVRijkyqasHO_Q.jpg,14,0.613,0.499609,0.499479,0.999219,0.996875,yolov8m-oiv7.pt,bonnet
train,mtsd__train__fMDCwMCrowibt-5KHlcdzQ.jpg,14,0.709,0.5,0.90599,0.996875,0.167187,yolo11m.pt,bonnet
train,mtsd__train__fMDCwMCrowibt-5KHlcdzQ.jpg,14,0.564,0.499219,0.501562,0.998437,0.984375,yolov8m-oiv7.pt,bonnet
train,mtsd__train__fMl2wparKwi2AtMwC-bdnA.jpg,31,0.701,0.930469,0.48125,0.034375,0.054167,yolo11m.pt,stop sign
train,mtsd__train__FMNBC4nKIrQ_D9AlqtlTZQ.jpg,14,0.859,0.336914,0.948958,0.669922,0.083333,yolo11m.pt,bonnet
train,mtsd__train__fmUkerX_Cyg-fCNm8xtLsw.jpg,14,0.518,0.5,0.499479,1.0,0.998958,yolov8m-oiv7.pt,bonnet
train,mtsd__train__FN5ukMaNegu3uFYLVMvdrQ.jpg,14,0.514,0.5,0.50013,1.0,0.993489,yolov8m-oiv7.pt,bonnet
train,mtsd__train__FN5ukMaNegu3uFYLVMvdrQ.jpg,14,0.504,0.5,0.897917,0.995313,0.179167,yolo11m.pt,bonnet
train,mtsd__train__FO2eOvUjeUy5QTTbL19pEQ.jpg,14,0.527,0.496094,0.883333,0.989062,0.206944,yolo11m.pt,bonnet
train,mtsd__train__fOBtOQneL5hcNTJgKxF5fA.jpg,14,0.623,0.498828,0.498958,0.997656,0.997917,yolov8m-oiv7.pt,bonnet
train,mtsd__train__foNhtEQJZbci9wwtwjL5DQ.jpg,14,0.63,0.510938,0.927083,0.971875,0.125,yolo11m.pt,bonnet
train,mtsd__train__FPJo53OrjWkLDQFJkbR2Pg.jpg,14,0.759,0.499609,0.735417,0.997656,0.5,yolo11m.pt,bonnet
train,mtsd__train__FPRVi2z90hmt8wrWqQwMiw.jpg,14,0.797,0.335156,0.896354,0.66875,0.188542,yolo11m.pt,bonnet
train,mtsd__train__fq102T3TGKQGtKHu2zPlfw.jpg,14,0.717,0.499219,0.515495,0.998437,0.966927,yolov8m-oiv7.pt,bonnet
train,mtsd__train__fqK7wbdhbko9N7uD7sb13g.jpg,14,0.56,0.499219,0.916927,0.992188,0.153646,yolo11m.pt,bonnet
train,mtsd__train__fRm6DZkC27dqCGYWlkb-cQ.jpg,14,0.664,0.499219,0.872917,0.995312,0.233333,yolo11m.pt,bonnet
train,mtsd__train__Frujrjhk8rO69wsZaBuVxQ.jpg,14,0.646,0.496094,0.496875,0.992188,0.99375,yolov8m-oiv7.pt,bonnet
train,mtsd__train__frW-kC55voNbbEwQ1iGpAg.jpg,14,0.632,0.5,0.885417,0.99375,0.20625,yolo11m.pt,bonnet
train,mtsd__train__FRWDuA21DcCbSLHrcTcsbA.jpg,14,0.606,0.500391,0.893229,0.996094,0.194792,yolo11m.pt,bonnet
train,mtsd__train__FrZS6FstVBACYOG1GZaTZQ.jpg,31,0.516,0.177539,0.521484,0.03125,0.053385,yolo11m.pt,stop sign
train,mtsd__train__Fs2LToQNk1phphVHNGJ_5g.jpg,14,0.66,0.500781,0.890625,0.996875,0.195313,yolo11m.pt,bonnet
train,mtsd__train__FTSxKnxHLacnwI2Pd8S7qw.jpg,14,0.725,0.498828,0.868229,0.997656,0.240625,yolo11m.pt,bonnet
train,mtsd__train__FTSxKnxHLacnwI2Pd8S7qw.jpg,14,0.545,0.500391,0.5,0.999219,0.99375,yolov8m-oiv7.pt,bonnet
train,mtsd__train__FuRsRbwGRi1Yvh-rA7Na2w.jpg,14,0.699,0.578906,0.935156,0.839063,0.1125,yolo11m.pt,bonnet
train,mtsd__train__FUujYqzxcB7R7OtI-Vk3cg.jpg,14,0.596,0.5,0.507292,0.998438,0.979167,yolov8m-oiv7.pt,bonnet
train,mtsd__train__FVOL1R85VvC6K_SVC8Q0LQ.jpg,14,0.723,0.499219,0.909375,0.996875,0.1625,yolo11m.pt,bonnet
train,mtsd__train__fvQ-yZI_gXerfpd7xUfb-g.jpg,14,0.51,0.5,0.905208,0.99375,0.170833,yolo11m.pt,bonnet
train,mtsd__train__FvXAD9Kfis2UowmlNiIgBA.jpg,14,0.506,0.5,0.497917,1.0,0.995833,yolov8m-oiv7.pt,bonnet
train,mtsd__train__Fw-uRUBdDIGMxuxM4z7TvQ.jpg,14,0.792,0.499219,0.853125,0.995313,0.272917,yolo11m.pt,bonnet
train,mtsd__train__Fw-uRUBdDIGMxuxM4z7TvQ.jpg,14,0.56,0.499219,0.501172,0.998438,0.995573,yolov8m-oiv7.pt,bonnet
train,mtsd__train__fwYojvYVf16feo8LQXt-rg.jpg,14,0.502,0.499219,0.840625,0.998438,0.29375,yolo11m.pt,bonnet
train,mtsd__train__FXC01QdANJO-x_izQEq-aQ.jpg,14,0.717,0.502344,0.908594,0.995313,0.179688,yolo11m.pt,bonnet
train,mtsd__train__fXlB2kl1kRoKsq9ga1TjhA.jpg,14,0.689,0.5,0.891667,0.996875,0.197917,yolo11m.pt,bonnet
train,mtsd__train__fXQyvGCkOHMh4FWrPo91tw.jpg,31,0.769,0.437891,0.530556,0.035156,0.066667,yolo11m.pt,stop sign
train,mtsd__train__fxTOYhBmvwuoeFRs2qIf1g.jpg,14,0.525,0.5,0.498611,1.0,0.997222,yolov8m-oiv7.pt,bonnet
train,mtsd__train__fY_yoiEzvROYXsIhM846SA.jpg,14,0.611,0.500781,0.855208,0.995312,0.264583,yolo11m.pt,bonnet
train,mtsd__train__fY_yoiEzvROYXsIhM846SA.jpg,14,0.543,0.5,0.503646,1.0,0.992708,yolov8m-oiv7.pt,bonnet
train,mtsd__train__FyUfOySYYpv7zU4PmqGfaA.jpg,14,0.688,0.500781,0.904861,0.995312,0.168056,yolo11m.pt,bonnet
train,mtsd__train__fz9RVURWT_Zsu4SIpJim3Q.jpg,14,0.765,0.5,0.870313,0.99375,0.238542,yolo11m.pt,bonnet
train,mtsd__train__FZMj5rmPDSYkZHDFqnBjJw.jpg,14,0.658,0.499609,0.869792,0.996094,0.239583,yolo11m.pt,bonnet
train,mtsd__train__FzOm-U2oYBvyiZFSmzqJbA.jpg,31,0.525,0.682813,0.333333,0.015625,0.044444,yolo11m.pt,stop sign
train,mtsd__train__Fzt69Ol_8R0Xh7I1xedsmg.jpg,31,0.644,0.307031,0.573958,0.044141,0.058333,yolo11m.pt,stop sign
train,mtsd__train__FzXzh5qw6YCvJAqdgQzujQ.jpg,14,0.691,0.5,0.897786,0.996875,0.178385,yolo11m.pt,bonnet
train,mtsd__train__G0HWcuJr6tuW7SdrMYvI1g.jpg,14,0.628,0.396094,0.941927,0.789062,0.099479,yolo11m.pt,bonnet
train,mtsd__train__g1HnmoVjXA0wiqzz8gIZ1w.jpg,14,0.651,0.499219,0.891667,0.995313,0.191667,yolo11m.pt,bonnet
train,mtsd__train__G4jtuMpgB1YI6J9QPxCG4g.jpg,14,0.957,0.605859,0.744271,0.786719,0.492708,yolo11m.pt,bonnet
train,mtsd__train__G4WXBpR1RySmgfurEobtZg.jpg,14,0.739,0.5,0.925,0.996875,0.125,yolo11m.pt,bonnet
train,mtsd__train__g5_ysqf2zqXgVp2ZQY_Oyg.jpg,14,0.539,0.588672,0.94375,0.819531,0.091667,yolo11m.pt,bonnet
train,mtsd__train__G5mSHivgB2iw1AqHoAAn4A.jpg,14,0.615,0.499609,0.890278,0.997656,0.2,yolo11m.pt,bonnet
train,mtsd__train__g5PTuTYNjyngkXE7VrXr7g.jpg,14,0.686,0.500781,0.910677,0.995313,0.157813,yolo11m.pt,bonnet
train,mtsd__train__G67CDaxEkBjpooqsksKIxA.jpg,14,0.755,0.5,0.892187,0.996875,0.194792,yolo11m.pt,bonnet
train,mtsd__train__g6jstQzoZNLOLR4UgGBL-A.jpg,14,0.714,0.500391,0.888021,0.996094,0.203125,yolo11m.pt,bonnet
train,mtsd__train__g8_YzSW6LQ9y1YNbAd8EKA.jpg,14,0.677,0.500391,0.858333,0.996094,0.2625,yolo11m.pt,bonnet
train,mtsd__train__g95V5Y_3nwezCR8nIk_zkw.jpg,14,0.623,0.498047,0.907292,0.994531,0.1625,yolo11m.pt,bonnet
train,mtsd__train__G9HKvY4D-IzqFYdW3tt0rQ.jpg,14,0.874,0.5,0.840278,0.996875,0.291667,yolo11m.pt,bonnet
train,mtsd__train__g9qIMdxMV3yYBtLzMjmsSg.jpg,14,0.684,0.499609,0.5,0.999219,0.997917,yolov8m-oiv7.pt,bonnet
train,mtsd__train__g9RWpSBxtKSUW_qsWvxwFw.jpg,14,0.664,0.500391,0.502083,0.999219,0.995833,yolov8m-oiv7.pt,bonnet
train,mtsd__train__G_rjBF_4GuoxdpT4YnzOWw.jpg,14,0.619,0.499609,0.882292,0.994531,0.214583,yolo11m.pt,bonnet
train,mtsd__train__gA6-fGeGvc3dLJ69xSuHDA.jpg,14,0.822,0.5,0.894792,0.996875,0.191667,yolo11m.pt,bonnet
train,mtsd__train__gAl8zrtpaRSuEHbqYY3MJQ.jpg,14,0.674,0.5,0.498437,1.0,0.994792,yolov8m-oiv7.pt,bonnet
train,mtsd__train__gAl8zrtpaRSuEHbqYY3MJQ.jpg,14,0.641,0.5,0.799479,0.99375,0.378125,yolo11m.pt,bonnet
train,mtsd__train__Gbcb6Iz7wmxECVqsqBDZfg.jpg,14,0.585,0.499609,0.919792,0.994531,0.139583,yolo11m.pt,bonnet
train,mtsd__train__gC5MQnx0Y3NEoD1gpf_L6Q.jpg,14,0.802,0.500391,0.840278,0.996094,0.297222,yolo11m.pt,bonnet
train,mtsd__train__GCp8W3yid93R7w1zdybqLg.jpg,14,0.714,0.551953,0.870833,0.889844,0.241667,yolo11m.pt,bonnet
train,mtsd__train__geAYGp9kSUzvqudvhCy15g.jpg,14,0.699,0.563281,0.945833,0.870313,0.09375,yolo11m.pt,bonnet
train,mtsd__train__geJka_UKqTVxHFrQIj_Izw.jpg,14,0.632,0.5,0.921875,0.99375,0.13125,yolo11m.pt,bonnet
train,mtsd__train__GeTX4GRNy_NW1gzsCEu91g.jpg,14,0.625,0.400781,0.929167,0.8,0.120833,yolo11m.pt,bonnet
train,mtsd__train__gFbsDCFkpxUOUG1ttT07iA.jpg,31,0.637,0.740625,0.573958,0.025,0.036458,yolo11m.pt,stop sign
train,mtsd__train__GfRFL9UuSEJl2LPiDPjntA.jpg,14,0.701,0.498438,0.953125,0.996875,0.077083,yolo11m.pt,bonnet
train,mtsd__train__gGrj1N1ohNA-t2s6LaEZ3A.jpg,14,0.712,0.494922,0.933333,0.986719,0.116667,yolo11m.pt,bonnet
train,mtsd__train__gHjwBMnw0ebxgcMWzq9DiA.jpg,14,0.633,0.5,0.90625,0.996875,0.170833,yolo11m.pt,bonnet
train,mtsd__train__ghyOnC8KtDsQrYYKoiYctQ.jpg,14,0.521,0.500391,0.870703,0.996094,0.239063,yolo11m.pt,bonnet
train,mtsd__train__Gi-qOFwNsDS9-H7rbA8rIw.jpg,14,0.591,0.492188,0.942708,0.98125,0.091667,yolo11m.pt,bonnet
train,mtsd__train__GiaXheCxFQUXmdMfuopvcg.jpg,14,0.574,0.5,0.890625,0.995312,0.197917,yolo11m.pt,bonnet
train,mtsd__train__GIHT8HSc9vbjoA2eBti_sg.jpg,14,0.712,0.498047,0.870833,0.994531,0.233333,yolo11m.pt,bonnet
train,mtsd__train__Gj6qHikHH5N2VRl2JmS8-w.jpg,14,0.719,0.500781,0.911458,0.99375,0.158333,yolo11m.pt,bonnet
train,mtsd__train__Gj6qHikHH5N2VRl2JmS8-w.jpg,31,0.578,0.979687,0.516667,0.040625,0.066667,yolo11m.pt,stop sign
train,mtsd__train__GjjoMSH6RLknRsHfivpT8w.jpg,14,0.742,0.500781,0.874306,0.998438,0.229167,yolo11m.pt,bonnet
train,mtsd__train__gJm3Z4Q7Mvb-bxNu9K0BHw.jpg,14,0.635,0.496484,0.855556,0.989844,0.269444,yolo11m.pt,bonnet
train,mtsd__train__GJmVFloQ1C631VZDgPxQnQ.jpg,14,0.915,0.499219,0.75625,0.996875,0.459375,yolo11m.pt,bonnet
train,mtsd__train__gK4ZvhGkxV2KAEJob6VgKg.jpg,14,0.701,0.5,0.877083,0.996875,0.225,yolo11m.pt,bonnet
train,mtsd__train__gKNlbq9snqmenDZUqQ_jFw.jpg,14,0.658,0.577344,0.936458,0.839063,0.110417,yolo11m.pt,bonnet
train,mtsd__train__gKZPZrJow9jFkNJp5EbGMQ.jpg,14,0.813,0.631641,0.892187,0.733594,0.194792,yolo11m.pt,bonnet
train,mtsd__train__GMEgaxKk2i4BrQXEG3f57w.jpg,14,0.537,0.564453,0.951042,0.864844,0.08125,yolo11m.pt,bonnet
train,mtsd__train__gmhp8DQIGXTOw7mGuzr8Ew.jpg,14,0.619,0.362109,0.925,0.721094,0.129167,yolo11m.pt,bonnet
train,mtsd__train__gn1vhdrr0l5YR3g6ZAR36A.jpg,14,0.639,0.5,0.501432,1.0,0.997135,yolov8m-oiv7.pt,bonnet
train,mtsd__train__gn3D5OpT2YK20v97HoeEhQ.jpg,14,0.766,0.417187,0.938889,0.83125,0.1,yolo11m.pt,bonnet
train,mtsd__train__go23GbdTBVLIPohknjTj6Q.jpg,14,0.651,0.5,0.5,1.0,1.0,yolov8m-oiv7.pt,bonnet
train,mtsd__train__go23GbdTBVLIPohknjTj6Q.jpg,14,0.537,0.496094,0.9,0.989062,0.177778,yolo11m.pt,bonnet
train,mtsd__train__gOaAJcQb3nBG1815v2H5Ag.jpg,14,0.701,0.499219,0.929167,0.996875,0.120833,yolo11m.pt,bonnet
train,mtsd__train__gP1ZpeRar_jWdNwLTUj31g.jpg,14,0.639,0.342383,0.930556,0.679297,0.118056,yolo11m.pt,bonnet
train,mtsd__train__gpGyfjWWdLx2uI6R9bZehg.jpg,14,0.681,0.499609,0.8375,0.994531,0.304167,yolo11m.pt,bonnet
train,mtsd__train__gqEtpetZpm6aT866a8cb5w.jpg,14,0.715,0.5,0.855208,0.996875,0.270833,yolo11m.pt,bonnet
train,mtsd__train__GRSWXthcbaeTxZvyZx3TRw.jpg,14,0.739,0.5,0.898958,0.996875,0.185417,yolo11m.pt,bonnet
train,mtsd__train__gRtsC6O9UtRing088HKIsA.jpg,14,0.729,0.500391,0.503646,0.999219,0.992708,yolov8m-oiv7.pt,bonnet
train,mtsd__train__gsA3CzQDj--sRwiW0tZHGw.jpg,14,0.576,0.499609,0.914583,0.997656,0.152083,yolo11m.pt,bonnet
train,mtsd__train__GSaGw65zOxXrBwVwZpiOUg.jpg,14,0.595,0.478906,0.952083,0.957812,0.079167,yolo11m.pt,bonnet
train,mtsd__train__gsaO48CVVb5qolBGr9OAMQ.jpg,14,0.723,0.486719,0.929427,0.970313,0.124479,yolo11m.pt,bonnet
train,mtsd__train__Gsrw96qM3VsBBLGZwJmnmw.jpg,14,0.504,0.502344,0.872222,0.992188,0.233333,yolo11m.pt,bonnet
train,mtsd__train__gsZA_xUe_-_JKwhrusG0wA.jpg,14,0.693,0.546094,0.884722,0.90625,0.208333,yolo11m.pt,bonnet
train,mtsd__train__Gu3bdqKsOrE5uNRHBIIToA.jpg,14,0.506,0.499609,0.501042,0.999219,0.997917,yolov8m-oiv7.pt,bonnet
train,mtsd__train__GU_LkNpT1hrZ5Z7Bka-yAQ.jpg,14,0.669,0.500781,0.860937,0.995312,0.253125,yolo11m.pt,bonnet
train,mtsd__train__GuIraAd8udMcHFEzBwoDXQ.jpg,14,0.868,0.500391,0.861458,0.994531,0.25625,yolo11m.pt,bonnet
train,mtsd__train__GuIraAd8udMcHFEzBwoDXQ.jpg,31,0.589,0.407422,0.395833,0.021875,0.027083,yolo11m.pt,stop sign
train,mtsd__train__GuOSoWSZoEkA05PXCCtNOA.jpg,14,0.635,0.5,0.878125,0.996875,0.225,yolo11m.pt,bonnet
train,mtsd__train__gUVn2NDImxaM3i6yUtl0RA.jpg,14,0.543,0.499219,0.870313,0.995313,0.236458,yolo11m.pt,bonnet
train,mtsd__train__GV5RLgu7bADkFEpHU_h-Cg.jpg,14,0.719,0.5,0.868056,0.998438,0.238889,yolo11m.pt,bonnet
train,mtsd__train__Gvec83pRdtU2oo92suLbGA.jpg,14,0.525,0.5,0.502083,1.0,0.985417,yolov8m-oiv7.pt,bonnet
train,mtsd__train__GVgmozUtYHbsgIaw5Ecdsg.jpg,14,0.676,0.502344,0.903125,0.992188,0.175,yolo11m.pt,bonnet
train,mtsd__train__gvu7QS5kvaH53XokiciLXQ.jpg,14,0.808,0.500391,0.897396,0.997656,0.190625,yolo11m.pt,bonnet
train,mtsd__train__gx0ihlX4SkvomSXgOVsB8Q.jpg,14,0.691,0.510938,0.9125,0.976562,0.148611,yolo11m.pt,bonnet
train,mtsd__train__gxooje640oHAqLP_jUe7kg.jpg,14,0.591,0.329492,0.947917,0.656641,0.08125,yolo11m.pt,bonnet
train,mtsd__train__gYjnpVmHixON8ointm77dQ.jpg,14,0.684,0.500781,0.923177,0.995312,0.136979,yolo11m.pt,bonnet
train,mtsd__train__GyuYqJ5--cFJkLGl943urw.jpg,14,0.748,0.5,0.823611,0.995313,0.330555,yolo11m.pt,bonnet
train,mtsd__train__gZ5nciRHH_OePT4IlKsZ1w.jpg,14,0.924,0.541406,0.873958,0.914063,0.233333,yolo11m.pt,bonnet
train,mtsd__train__GZkoFNwI-Og0QWlcw7qSwg.jpg,14,0.637,0.498828,0.832292,0.996094,0.314583,yolo11m.pt,bonnet
train,mtsd__train__GZkoFNwI-Og0QWlcw7qSwg.jpg,14,0.6,0.500781,0.49987,0.998438,0.98776,yolov8m-oiv7.pt,bonnet
train,mtsd__train__GzOdfku6FxQyUtpMd4ny0Q.jpg,14,0.662,0.500781,0.888542,0.995313,0.20625,yolo11m.pt,bonnet
train,mtsd__train__h-sVDOyduWJhJaa-s7wNyg.jpg,14,0.766,0.484375,0.877083,0.96875,0.227083,yolo11m.pt,bonnet
train,mtsd__train__h0Ulvcg2GuuPTGUZ_MUc6Q.jpg,31,0.582,0.940625,0.429688,0.04375,0.05625,yolo11m.pt,stop sign
train,mtsd__train__h19phzyR0R1MHYn7fqaWwA.jpg,14,0.539,0.489453,0.947917,0.977344,0.091667,yolo11m.pt,bonnet
train,mtsd__train__h2mmTwu0jg-evFaZEMZ_rg.jpg,14,0.621,0.5,0.91901,0.996875,0.141146,yolo11m.pt,bonnet
train,mtsd__train__H4HG7sat7n8kjXhixFJdjA.jpg,14,0.74,0.500391,0.884722,0.994531,0.208333,yolo11m.pt,bonnet
train,mtsd__train__H6KRBkN4Rqovo17mzyKLVw.jpg,14,0.595,0.499609,0.869444,0.997656,0.241667,yolo11m.pt,bonnet
train,mtsd__train__H6KRBkN4Rqovo17mzyKLVw.jpg,14,0.574,0.5,0.5,1.0,1.0,yolov8m-oiv7.pt,bonnet
train,mtsd__train__H7fGjr-4-68_Q9ulUmke5g.jpg,14,0.681,0.462891,0.933073,0.925781,0.117188,yolo11m.pt,bonnet
train,mtsd__train__H8_nkZ2ekAAOQT9QN4Kn1Q.jpg,14,0.746,0.499219,0.904167,0.995313,0.169444,yolo11m.pt,bonnet
train,mtsd__train__h8p23qwLL4NPoqNaWIinEw.jpg,14,0.646,0.571484,0.920573,0.853906,0.142187,yolo11m.pt,bonnet
train,mtsd__train__h9LZf2pRnqfytpcKdvxqFQ.jpg,14,0.593,0.499609,0.877083,0.997656,0.215278,yolo11m.pt,bonnet
train,mtsd__train__h_dHDY1RhuaV5W_aZ7dTkQ.jpg,14,0.723,0.499609,0.500174,0.999219,0.999653,yolov8m-oiv7.pt,bonnet
train,mtsd__train__h_hkA3gCKsWoxBelU19fiA.jpg,14,0.611,0.499219,0.88125,0.998438,0.214583,yolo11m.pt,bonnet
train,mtsd__train__H_MrCyBhai5RtNH7iVvJgg.jpg,14,0.657,0.501562,0.889583,0.990625,0.204167,yolo11m.pt,bonnet
train,mtsd__train__H_rNrfHp2z3-Sp-c9bFl5Q.jpg,31,0.837,0.284375,0.589583,0.0125,0.015625,yolo11m.pt,stop sign
train,mtsd__train__HaeZt1FKy8J-46Q4PXTfoQ.jpg,31,0.651,0.7625,0.366146,0.020313,0.05,yolo11m.pt,stop sign
train,mtsd__train__HAfxZDCN-l0WJCisZou6ZQ.jpg,14,0.512,0.497656,0.93125,0.992187,0.1125,yolo11m.pt,bonnet
train,mtsd__train__HAHq8lCgmxdA-fEvn_Itmg.jpg,14,0.593,0.500391,0.90651,0.996094,0.170312,yolo11m.pt,bonnet
train,mtsd__train__HaXIh-9vBUcE6QOHUkhLcA.jpg,14,0.662,0.5,0.915972,0.996875,0.147222,yolo11m.pt,bonnet
train,mtsd__train__hBatc4w3X3xbatIs5tN_sw.jpg,14,0.689,0.500391,0.921224,0.989844,0.128906,yolo11m.pt,bonnet
train,mtsd__train__HbT1BV2lJ8wyzlrk-mGhng.jpg,31,0.533,0.796094,0.623611,0.032812,0.055556,yolo11m.pt,stop sign
train,mtsd__train__HbwVaNSrTPd099KUY_zZzg.jpg,31,0.626,0.380469,0.577778,0.021094,0.047222,yolo11m.pt,stop sign
train,mtsd__train__HCN1KbamPhzY9jNZETUUag.jpg,14,0.504,0.500391,0.498828,0.999219,0.989844,yolov8m-oiv7.pt,bonnet
train,mtsd__train__hcUBQRgy5V2Wc9dUZGUqQA.jpg,14,0.549,0.499219,0.892578,0.996875,0.190104,yolo11m.pt,bonnet
train,mtsd__train__hdEZIjeKWu-ixv0dYHIeUg.jpg,31,0.644,0.061572,0.464062,0.022461,0.035417,yolo11m.pt,stop sign
train,mtsd__train__HDxd_V1Fe12W8NfqwzjHSA.jpg,14,0.547,0.5,0.790278,0.996875,0.391667,yolo11m.pt,bonnet
train,mtsd__train__HePKHcg0-6xrz0jYTQ_i0w.jpg,14,0.801,0.5,0.920573,0.99375,0.138021,yolo11m.pt,bonnet
train,mtsd__train__hETnQ4gOVK1MHDN9Ifju9g.jpg,14,0.555,0.5,0.939583,0.99375,0.10625,yolo11m.pt,bonnet
train,mtsd__train__hEURSw14FGjm85Yz5j_F2A.jpg,14,0.613,0.500391,0.881944,0.999219,0.213889,yolo11m.pt,bonnet
train,mtsd__train__hEURSw14FGjm85Yz5j_F2A.jpg,14,0.609,0.5,0.498611,1.0,0.997222,yolov8m-oiv7.pt,bonnet
train,mtsd__train__hFIZhIrLoAXkeKcAtpvq2g.jpg,14,0.742,0.5,0.879167,0.99375,0.21875,yolo11m.pt,bonnet
train,mtsd__train__HFnS9pzNqDfPEewJ7iAiFg.jpg,14,0.621,0.500781,0.895833,0.995313,0.173177,yolo11m.pt,bonnet
train,mtsd__train__hfsGO_p32mSLk6LBR2l2gg.jpg,31,0.607,0.753125,0.688542,0.039063,0.059375,yolo11m.pt,stop sign
train,mtsd__train__hGcB9ooWYRUOXe14QhLY6Q.jpg,14,0.798,0.499219,0.908333,0.995313,0.16875,yolo11m.pt,bonnet
train,mtsd__train__HGkDZas2yVc7vkqosl0whw.jpg,31,0.681,0.939063,0.481944,0.046875,0.081944,yolo11m.pt,stop sign
train,mtsd__train__HGwafjkvNMKSjBIVtbYmKQ.jpg,14,0.66,0.499609,0.896875,0.997656,0.1875,yolo11m.pt,bonnet
train,mtsd__train__HildW-LuHpX-epL8sbWfDA.jpg,14,0.593,0.5,0.5,1.0,1.0,yolov8m-oiv7.pt,bonnet
train,mtsd__train__HJ9x72OTCSLOpIkYexLWmA.jpg,14,0.557,0.5,0.498958,1.0,0.997917,yolov8m-oiv7.pt,bonnet
train,mtsd__train__HJ9x72OTCSLOpIkYexLWmA.jpg,14,0.529,0.500391,0.852778,0.994531,0.268056,yolo11m.pt,bonnet
train,mtsd__train__hJggygnijg278ooFn-yP7A.jpg,14,0.739,0.5,0.93125,0.998438,0.11875,yolo11m.pt,bonnet
train,mtsd__train__hJOS4n94ibC8Pd3AtpdDNg.jpg,14,0.801,0.499219,0.859375,0.996875,0.255208,yolo11m.pt,bonnet
train,mtsd__train__HjR2k70wGB4lkLBwBnuY_w.jpg,14,0.516,0.5,0.921875,0.996875,0.135417,yolo11m.pt,bonnet
train,mtsd__train__HK9rR9dXTx7dabNZ-lHhTg.jpg,14,0.804,0.353906,0.938542,0.707813,0.1,yolo11m.pt,bonnet
train,mtsd__train__HkdPnrliDiev0_KsPxaFxQ.jpg,14,0.854,0.545312,0.897917,0.90625,0.183333,yolo11m.pt,bonnet
train,mtsd__train__hkFmO53jQ9FmWpIy3ARTww.jpg,14,0.653,0.499219,0.863542,0.995313,0.252083,yolo11m.pt,bonnet
train,mtsd__train__hKuqfaI5fAbXXIoK6pr-5Q.jpg,14,0.508,0.499609,0.865972,0.997656,0.245833,yolo11m.pt,bonnet
train,mtsd__train__HLHkM0DBl2TEO01IepC-ew.jpg,14,0.811,0.5,0.888542,0.995313,0.202083,yolo11m.pt,bonnet
train,mtsd__train__HLN0TdOzvMKeolL95Ipniw.jpg,31,0.75,0.098047,0.554861,0.047461,0.0875,yolo11m.pt,stop sign
train,mtsd__train__hm7JC0KMkD_Ww4D06_GMpQ.jpg,14,0.768,0.489063,0.934375,0.975,0.110417,yolo11m.pt,bonnet
train,mtsd__train__HNiCB5Yjy6PCuqcrS8N1bA.jpg,14,0.816,0.500781,0.9125,0.995313,0.160417,yolo11m.pt,bonnet
train,mtsd__train__HnRwImi_Afz9AS0KNyEb9g.jpg,14,0.667,0.5,0.85625,0.996875,0.266667,yolo11m.pt,bonnet
train,mtsd__train__HOGFm28hEYx3XK7D9QrP7w.jpg,14,0.628,0.500391,0.936458,0.999219,0.108333,yolo11m.pt,bonnet
train,mtsd__train__hOihTaZiFLISDcmcg58ymA.jpg,14,0.578,0.504297,0.501562,0.991406,0.996875,yolov8m-oiv7.pt,bonnet
train,mtsd__train__hOihTaZiFLISDcmcg58ymA.jpg,14,0.557,0.5,0.9,0.996875,0.18125,yolo11m.pt,bonnet
train,mtsd__train__hR5edtqOI2pwPtYBpTbJYw.jpg,14,0.664,0.500391,0.855208,0.996094,0.2625,yolo11m.pt,bonnet
train,mtsd__train__hR68DCmrfw1YaV3pxWGUUQ.jpg,14,0.508,0.5,0.939583,0.995313,0.104167,yolo11m.pt,bonnet
train,mtsd__train__HRD15tLFlSp9Nj8W-J9ypw.jpg,14,0.547,0.5,0.902344,0.996875,0.169271,yolo11m.pt,bonnet
train,mtsd__train__Hrdz4Z_-o95kmiUtBR9MMw.jpg,14,0.598,0.5,0.50013,1.0,0.99974,yolov8m-oiv7.pt,bonnet
train,mtsd__train__HSVkZ4xlPt6huRzWtuRwRA.jpg,14,0.621,0.499219,0.816667,0.996875,0.34375,yolo11m.pt,bonnet
train,mtsd__train__HsXuDiylxVFG2GU1YfWuzw.jpg,14,0.657,0.5,0.821875,0.996875,0.335417,yolo11m.pt,bonnet
train,mtsd__train__HsXuDiylxVFG2GU1YfWuzw.jpg,14,0.623,0.5,0.497917,1.0,0.995833,yolov8m-oiv7.pt,bonnet
train,mtsd__train__HtRR1kUGg4eE7rgE96BoYQ.jpg,14,0.641,0.499219,0.929427,0.998438,0.120313,yolo11m.pt,bonnet
train,mtsd__train__HUj20saC0eaTNQFpPQ3mMg.jpg,14,0.508,0.5,0.498611,1.0,0.997222,yolov8m-oiv7.pt,bonnet
train,mtsd__train__HVrq5vCeDZ5D0rzADQyf-A.jpg,14,0.657,0.437109,0.934722,0.869531,0.105556,yolo11m.pt,bonnet
train,mtsd__train__HVv1gge14O2trf9oNrHTRw.jpg,14,0.658,0.5,0.88151,0.996875,0.210938,yolo11m.pt,bonnet
train,mtsd__train__hW5LcTwyA-rr3Lzx3qj6dg.jpg,14,0.676,0.492969,0.941406,0.985938,0.096354,yolo11m.pt,bonnet
train,mtsd__train__HwYhSqspCJUgzltbvTo2Gg.jpg,14,0.686,0.500391,0.805208,0.996094,0.364583,yolo11m.pt,bonnet
train,mtsd__train__HwYhSqspCJUgzltbvTo2Gg.jpg,14,0.666,0.500391,0.5,0.999219,1.0,yolov8m-oiv7.pt,bonnet
train,mtsd__train__hX4DkHXpnJsECnfHlJrQsQ.jpg,14,0.589,0.5,0.901042,0.99375,0.179167,yolo11m.pt,bonnet
train,mtsd__train__HxcEa3PWE1bryPGjSDL_wg.jpg,14,0.669,0.501563,0.847917,0.992187,0.2875,yolo11m.pt,bonnet
train,mtsd__train__hxcjUPBX-FzVqUEJCSOpeA.jpg,14,0.777,0.5,0.81875,0.99375,0.341667,yolo11m.pt,bonnet
train,mtsd__train__hxcjUPBX-FzVqUEJCSOpeA.jpg,14,0.593,0.5,0.501562,1.0,0.996875,yolov8m-oiv7.pt,bonnet
train,mtsd__train__HXDDV-45DUTcyLAVBXkQcQ.jpg,14,0.829,0.489844,0.927083,0.979687,0.127083,yolo11m.pt,bonnet
train,mtsd__train__HXHmWZwoEXGG0sA2BvAnAg.jpg,14,0.812,0.582031,0.928125,0.832812,0.11875,yolo11m.pt,bonnet
train,mtsd__train__HXHmWZwoEXGG0sA2BvAnAg.jpg,31,0.677,0.622656,0.642708,0.01875,0.0375,yolo11m.pt,stop sign
train,mtsd__train__HYcMVUriBEKaN4muxLsTfw.jpg,14,0.641,0.501172,0.502604,0.997656,0.988542,yolov8m-oiv7.pt,bonnet
train,mtsd__train__i-_z-RIr-E_TbeibwpPscA.jpg,14,0.56,0.499609,0.498611,0.999219,0.997222,yolov8m-oiv7.pt,bonnet
train,mtsd__train__i-bdkQPtLpdUJGdfi94Xcw.jpg,14,0.512,0.500391,0.869271,0.996094,0.240625,yolo11m.pt,bonnet
train,mtsd__train__I-mebUh5N0vtzrx0tDhxEg.jpg,14,0.574,0.485156,0.913542,0.96875,0.15625,yolo11m.pt,bonnet
train,mtsd__train__I2PyWAJTs7u7CrXWh9LAYw.jpg,14,0.643,0.5,0.873611,0.998438,0.230556,yolo11m.pt,bonnet
train,mtsd__train__I3sdXmzQFYFd3QPQ2jOY-Q.jpg,14,0.867,0.5,0.891667,0.996875,0.2,yolo11m.pt,bonnet
train,mtsd__train__I3txgH4Z0PVqHM36_vmxMQ.jpg,14,0.523,0.500781,0.855729,0.995312,0.265625,yolo11m.pt,bonnet
train,mtsd__train__I4679VsGUiM13J6mSMh-Ug.jpg,14,0.595,0.51875,0.932927,0.9625,0.111433,yolo11m.pt,bonnet
train,mtsd__train__i55vtZyapWU2bhcVadwAAA.jpg,14,0.712,0.49375,0.910677,0.984375,0.161979,yolo11m.pt,bonnet
train,mtsd__train__i5NHCt0Y69x_1ekT7MWGRA.jpg,14,0.657,0.5,0.884375,0.996875,0.210417,yolo11m.pt,bonnet
train,mtsd__train__i5NkWfw_M-efBeDRYpbWug.jpg,14,0.574,0.501172,0.933333,0.994531,0.115278,yolo11m.pt,bonnet
train,mtsd__train__I5YLasYI_8Jd9TS_bLjaLQ.jpg,14,0.514,0.5,0.498437,1.0,0.996875,yolov8m-oiv7.pt,bonnet
train,mtsd__train__i7uB6PymtdzE6PjmurUiiw.jpg,14,0.745,0.499219,0.829167,0.996875,0.320833,yolo11m.pt,bonnet
train,mtsd__train__i7uB6PymtdzE6PjmurUiiw.jpg,14,0.508,0.5,0.506771,1.0,0.986458,yolov8m-oiv7.pt,bonnet
train,mtsd__train__i83jcFCLDik57QIxpODA5g.jpg,14,0.545,0.5,0.5,1.0,1.0,yolov8m-oiv7.pt,bonnet
train,mtsd__train__i8n8gqzyHD-eBPmjox48Rg.jpg,14,0.562,0.5,0.85,0.996875,0.28125,yolo11m.pt,bonnet
train,mtsd__train__I8ohyoX5Ufl_qyZeH8o_ug.jpg,14,0.523,0.5,0.938889,0.99375,0.102778,yolo11m.pt,bonnet
train,mtsd__train__I_-5aQEc3ffEareolzRlMA.jpg,14,0.589,0.342969,0.955208,0.652344,0.075,yolo11m.pt,bonnet
train,mtsd__train__I_-5aQEc3ffEareolzRlMA.jpg,14,0.541,0.510938,0.872917,0.975,0.24375,yolo11m.pt,bonnet
train,mtsd__train__iaeuzHkQqbC_ax5ik-irpg.jpg,14,0.809,0.500391,0.920573,0.992969,0.138021,yolo11m.pt,bonnet
train,mtsd__train__iAi6UOGs4XVaymrEks-9rw.jpg,14,0.633,0.554297,0.8875,0.888281,0.204167,yolo11m.pt,bonnet
train,mtsd__train__IAPh3U31orbE5Yea4ukF_w.jpg,14,0.699,0.500781,0.888542,0.995312,0.20625,yolo11m.pt,bonnet
train,mtsd__train__IaPS8pyBQyiSbMlTgpJJ8Q.jpg,31,0.568,0.648438,0.466667,0.017188,0.030208,yolo11m.pt,stop sign
train,mtsd__train__ic6y4PXvyTRbZC2ZXI2QdQ.jpg,14,0.617,0.5,0.496875,1.0,0.99375,yolov8m-oiv7.pt,bonnet
train,mtsd__train__Icf1oe9MD0Vi1jaCt-JQ8w.jpg,14,0.774,0.499219,0.799479,0.996875,0.380208,yolo11m.pt,bonnet
train,mtsd__train__ICRcyowvNjZJPK8HcdLmmg.jpg,14,0.727,0.499219,0.905208,0.995312,0.172917,yolo11m.pt,bonnet
train,mtsd__train__idsMSogyyunL4XIkcnnB0g.jpg,14,0.651,0.499219,0.7625,0.998438,0.45,yolo11m.pt,bonnet
train,mtsd__train__idsMSogyyunL4XIkcnnB0g.jpg,14,0.531,0.5,0.494097,1.0,0.988194,yolov8m-oiv7.pt,bonnet
train,mtsd__train__IeJ-xPUn1HcznwopSMwL_w.jpg,14,0.817,0.5,0.821354,0.996875,0.334375,yolo11m.pt,bonnet
train,mtsd__train__If8kZg6HBMcFC0xK-1eyUA.jpg,31,0.823,0.541406,0.077083,0.046875,0.088889,yolo11m.pt,stop sign
train,mtsd__train__IFMsqoxfn6Fi2lGgjvCKMg.jpg,14,0.864,0.519531,0.874484,0.95625,0.235598,yolo11m.pt,bonnet
train,mtsd__train__ifQLxxxv4kYF8ogMsrTYPw.jpg,14,0.591,0.5,0.502083,1.0,0.995833,yolov8m-oiv7.pt,bonnet
train,mtsd__train__IGbYWxe-dPv079_C8Yus6g.jpg,14,0.555,0.499609,0.858333,0.996094,0.260417,yolo11m.pt,bonnet
train,mtsd__train__iGvUa-cIEmVZjfzFGeNkdQ.jpg,14,0.783,0.499609,0.859375,0.996094,0.2625,yolo11m.pt,bonnet
train,mtsd__train__IhkZPxneddsTM8pQ54p_uw.jpg,31,0.602,0.626563,0.642188,0.014062,0.029167,yolo11m.pt,stop sign
train,mtsd__train__ii364Klti44qxNkTwv9hOw.jpg,14,0.743,0.5,0.917708,0.996875,0.147917,yolo11m.pt,bonnet
train,mtsd__train__Iic9X-Vtafkqk_M15T7lNQ.jpg,14,0.547,0.398047,0.945573,0.79375,0.092188,yolo11m.pt,bonnet
train,mtsd__train__iImsUynste9X-iR_jwPKdg.jpg,31,0.794,0.300977,0.230469,0.028906,0.038542,yolo11m.pt,stop sign
train,mtsd__train__IiYIzlSW3mR4Y65gGqE9BQ.jpg,14,0.643,0.500781,0.498611,0.998438,0.997222,yolov8m-oiv7.pt,bonnet
train,mtsd__train__ijG6XKGTGFgbWlAG3VMJ9A.jpg,14,0.564,0.5,0.498611,1.0,0.997222,yolov8m-oiv7.pt,bonnet
train,mtsd__train__IJUQVvoE2PruScEqjDGfAQ.jpg,14,0.826,0.5,0.835417,0.996875,0.308333,yolo11m.pt,bonnet
train,mtsd__train__ijwuvmywZFYzDcs_mL5zQg.jpg,14,0.821,0.499609,0.863542,0.996094,0.252083,yolo11m.pt,bonnet
train,mtsd__train__ijwuvmywZFYzDcs_mL5zQg.jpg,14,0.537,0.5,0.498958,1.0,0.997917,yolov8m-oiv7.pt,bonnet
train,mtsd__train__ikD-YaIU3zqG01-AaQxTuA.jpg,31,0.895,0.05249,0.4125,0.039648,0.119792,yolo11m.pt,stop sign
train,mtsd__train__ikEPXxh4B2gN-9eIYzDELg.jpg,14,0.591,0.491797,0.913889,0.982031,0.15,yolo11m.pt,bonnet
train,mtsd__train__ILSHY3qZdNTqygXIEWnKaA.jpg,14,0.596,0.5,0.502604,1.0,0.994792,yolov8m-oiv7.pt,bonnet
train,mtsd__train__imCYIfEbXFA8vAYtksgfgQ.jpg,14,0.731,0.499219,0.90651,0.998437,0.170313,yolo11m.pt,bonnet
train,mtsd__train__iMKlVlwQreLHYxzhxG7ufw.jpg,14,0.535,0.500781,0.935417,0.998437,0.108333,yolo11m.pt,bonnet
train,mtsd__train__imL6U2X1ZKgh7llUqH8tYA.jpg,14,0.6,0.5,0.5,1.0,1.0,yolov8m-oiv7.pt,bonnet
train,mtsd__train__iNfBvklNQXpSpTJnA3jiOQ.jpg,31,0.774,0.496094,0.509722,0.021094,0.022222,yolo11m.pt,stop sign
train,mtsd__train__inihdNGUuQkroncG5dNGuA.jpg,14,0.535,0.500781,0.90651,0.996875,0.170312,yolo11m.pt,bonnet
train,mtsd__train__inihdNGUuQkroncG5dNGuA.jpg,14,0.502,0.5,0.498437,1.0,0.996875,yolov8m-oiv7.pt,bonnet
train,mtsd__train__InjCJ7X5XgvlJ1um4VHaYg.jpg,14,0.578,0.500781,0.498611,0.998438,0.997222,yolov8m-oiv7.pt,bonnet
train,mtsd__train__iNOcB62cfd5C_jJlntxM_A.jpg,31,0.56,0.671094,0.947917,0.046875,0.0375,yolo11m.pt,stop sign
train,mtsd__train__iomr0EyCQbtpfxPqZBL0jg.jpg,14,0.725,0.5,0.911458,0.996875,0.158333,yolo11m.pt,bonnet
train,mtsd__train__iomr0EyCQbtpfxPqZBL0jg.jpg,14,0.527,0.500391,0.498958,0.999219,0.997917,yolov8m-oiv7.pt,bonnet
train,mtsd__train__iOU19Srkmcclcfc4EBULJg.jpg,14,0.576,0.498437,0.905599,0.995313,0.157552,yolo11m.pt,bonnet
train,mtsd__train__IP1tZvAinoUTnafEgMp-aQ.jpg,14,0.696,0.5,0.501562,1.0,0.996875,yolov8m-oiv7.pt,bonnet
train,mtsd__train__IP8nSHnG95DRLBvB4Z0YCw.jpg,14,0.553,0.500781,0.915278,0.995313,0.147222,yolo11m.pt,bonnet
train,mtsd__train__IPKKcSkuD7EjT0lm8Zyv4w.jpg,31,0.606,0.216797,0.297222,0.046094,0.1125,yolo11m.pt,stop sign
train,mtsd__train__IQ-pZIaG8ThyDH5yygwGLg.jpg,14,0.551,0.313672,0.947917,0.625,0.08125,yolo11m.pt,bonnet
train,mtsd__train__IQlsRSjslMU-JbjFtqx1TQ.jpg,14,0.664,0.5,0.5,1.0,1.0,yolov8m-oiv7.pt,bonnet
train,mtsd__train__iQZ2rRca_Qa7um_jFxUoyQ.jpg,14,0.701,0.500391,0.503516,0.999219,0.992969,yolov8m-oiv7.pt,bonnet
train,mtsd__train__iQZ2rRca_Qa7um_jFxUoyQ.jpg,14,0.649,0.5,0.879167,0.996875,0.222917,yolo11m.pt,bonnet
train,mtsd__train__irvPJ_1NZRheMnTVjEcW5g.jpg,14,0.555,0.499219,0.500521,0.998437,0.990625,yolov8m-oiv7.pt,bonnet
train,mtsd__train__IrWrGg708eBOtYo5K634CQ.jpg,14,0.658,0.653809,0.952083,0.69082,0.083333,yolo11m.pt,bonnet
train,mtsd__train__ISBlZVNZSBxNcQuN4E0Z4A.jpg,14,0.506,0.499219,0.821875,0.995313,0.335417,yolo11m.pt,bonnet
train,mtsd__train__isnUkz7A8g2Js7ifDadnHA.jpg,14,0.506,0.499609,0.498958,0.999219,0.997917,yolov8m-oiv7.pt,bonnet
train,mtsd__train__iTlfbzT1mnvwzUltJ9KBnA.jpg,14,0.736,0.5,0.904167,0.998438,0.175,yolo11m.pt,bonnet
train,mtsd__train__IURUwax3dUke3UEzPRcOOw.jpg,31,0.959,0.109009,0.133333,0.199951,0.264583,yolo11m.pt,stop sign
train,mtsd__train__IUyg9zJwdB9e5IV1gIcG9A.jpg,14,0.753,0.5,0.908594,0.996875,0.166146,yolo11m.pt,bonnet
train,mtsd__train__iVj9Q_HBdEHNib8RfIYGEw.jpg,31,0.531,0.325,0.677083,0.019531,0.029167,yolo11m.pt,stop sign
train,mtsd__train__IvjW_34J-u64zJ0wa1OQjw.jpg,14,0.607,0.5,0.885417,0.99375,0.202083,yolo11m.pt,bonnet
train,mtsd__train__ivL9jd2lguf4CE2Co6-rQg.jpg,14,0.523,0.497656,0.909375,0.99375,0.160417,yolo11m.pt,bonnet
train,mtsd__train__IVnUPQ6TJTT8irtxYeD5bw.jpg,14,0.596,0.502344,0.910417,0.992187,0.164583,yolo11m.pt,bonnet
train,mtsd__train__ivr9bNApvPsKkF_lbKadew.jpg,14,0.589,0.5,0.792708,0.99375,0.389583,yolo11m.pt,bonnet
train,mtsd__train__IwFEH_Y97YVN4KXUkGfZtw.jpg,14,0.717,0.5,0.858333,0.99375,0.264583,yolo11m.pt,bonnet
train,mtsd__train__iwWFVdZeaYhbcjq1FEJwhw.jpg,14,0.776,0.5,0.873958,0.995313,0.233333,yolo11m.pt,bonnet
train,mtsd__train__IwxQzuztvzIyBEBwVG2-NQ.jpg,14,0.823,0.498828,0.826562,0.996094,0.321875,yolo11m.pt,bonnet
train,mtsd__train__IwxQzuztvzIyBEBwVG2-NQ.jpg,14,0.703,0.5,0.499479,1.0,0.998958,yolov8m-oiv7.pt,bonnet
train,mtsd__train__iX0exp5S7IWz1co_xHikcw.jpg,31,0.765,0.146973,0.582292,0.046875,0.061458,yolo11m.pt,stop sign
train,mtsd__train__IXDsyR99DduTnN_-srpL-A.jpg,14,0.589,0.499609,0.891667,0.994531,0.2,yolo11m.pt,bonnet
train,mtsd__train__iY6mMIzamXk041CyfqpcTQ.jpg,14,0.689,0.498438,0.908333,0.996875,0.164583,yolo11m.pt,bonnet
train,mtsd__train__IySciI8SGQT9J4vSd-pJ_w.jpg,14,0.686,0.5,0.860417,0.996875,0.260417,yolo11m.pt,bonnet
train,mtsd__train__iYsrdKaHDp5LRnRMaIQpig.jpg,14,0.745,0.499219,0.868229,0.996875,0.242708,yolo11m.pt,bonnet
train,mtsd__train__iYsrdKaHDp5LRnRMaIQpig.jpg,14,0.578,0.5,0.502604,1.0,0.980208,yolov8m-oiv7.pt,bonnet
train,mtsd__train__IZjXRilwwymcMIN5-dOE7g.jpg,14,0.596,0.5,0.869792,0.99375,0.2375,yolo11m.pt,bonnet
train,mtsd__train__J-wgeOqU1bQXYX4w2RpU0w.jpg,14,0.863,0.666309,0.933333,0.667383,0.116667,yolo11m.pt,bonnet
train,mtsd__train__j0ZBw7ld790nPmze1DeO2w.jpg,31,0.52,0.93125,0.090755,0.025,0.10599,yolo11m.pt,stop sign
train,mtsd__train__j1XRoaquZ5WmPXKHyNGIkA.jpg,14,0.67,0.498828,0.894271,0.996094,0.194792,yolo11m.pt,bonnet
train,mtsd__train__J3J34GQvRCodRgos9xx6Ng.jpg,14,0.562,0.5,0.499306,1.0,0.994444,yolov8m-oiv7.pt,bonnet
train,mtsd__train__J3l_IV5Q9cpYLRvBox9xNA.jpg,14,0.564,0.5,0.910417,0.996875,0.158333,yolo11m.pt,bonnet
train,mtsd__train__j5LDR63F3GZ4zFZ3ax6ExA.jpg,14,0.802,0.5,0.854167,0.996875,0.26875,yolo11m.pt,bonnet
train,mtsd__train__j5LDR63F3GZ4zFZ3ax6ExA.jpg,14,0.558,0.5,0.5,1.0,0.99375,yolov8m-oiv7.pt,bonnet
train,mtsd__train__j8Cu7t1zmoW_kdTJ6sCkUA.jpg,14,0.587,0.499219,0.902083,0.995313,0.175,yolo11m.pt,bonnet
train,mtsd__train__J8J35fOj1uNeTJ6EnP-8QA.jpg,14,0.684,0.5,0.93151,0.996875,0.120312,yolo11m.pt,bonnet
train,mtsd__train__J9KVv-igh7cgwylkOCACZQ.jpg,14,0.706,0.5,0.8625,0.99375,0.252083,yolo11m.pt,bonnet
train,mtsd__train__JaVwlI1thgr3j5EMacFsDw.jpg,14,0.585,0.5,0.84375,0.996875,0.30625,yolo11m.pt,bonnet
train,mtsd__train__JbBcZSLCnvm4ZLZXTwVDLg.jpg,14,0.712,0.360742,0.9,0.720703,0.18125,yolo11m.pt,bonnet
train,mtsd__train__Jbe9PnPZZ-a5OVQ8sA0zJA.jpg,14,0.646,0.500391,0.915365,0.996094,0.138021,yolo11m.pt,bonnet
train,mtsd__train__jBF54CrV1q1DV9cvkk1amA.jpg,14,0.674,0.500781,0.859375,0.995313,0.25625,yolo11m.pt,bonnet
train,mtsd__train__jBTMROtxpuNJGB7lMT4KrQ.jpg,14,0.964,0.603516,0.767708,0.791406,0.44375,yolo11m.pt,bonnet
train,mtsd__train__jC1tDi3J5vtOyBt5CYfCWQ.jpg,14,0.731,0.499219,0.811458,0.998437,0.35625,yolo11m.pt,bonnet
train,mtsd__train__jC1tDi3J5vtOyBt5CYfCWQ.jpg,14,0.576,0.5,0.5,1.0,1.0,yolov8m-oiv7.pt,bonnet
train,mtsd__train__jCejZlC_Z303DsiOwL7nsA.jpg,14,0.523,0.498438,0.859375,0.99375,0.25625,yolo11m.pt,bonnet
train,mtsd__train__jdA_GobsB3nek9krLajDiA.jpg,14,0.637,0.649316,0.907292,0.698242,0.166667,yolo11m.pt,bonnet
train,mtsd__train__JdewzWwJErdFkNLaeLwezQ.jpg,14,0.551,0.500781,0.888542,0.99375,0.2,yolo11m.pt,bonnet
train,mtsd__train__JDRhuUJ2Rdn_UFy7Ple2EQ.jpg,14,0.72,0.499609,0.910156,0.996094,0.158854,yolo11m.pt,bonnet
train,mtsd__train__JdxBZaRA2-k3FW4CGEBG3A.jpg,14,0.694,0.499609,0.882292,0.997656,0.216667,yolo11m.pt,bonnet
train,mtsd__train__jECbGjuRIkhdhNF-JitBYQ.jpg,14,0.688,0.488281,0.923958,0.973437,0.13125,yolo11m.pt,bonnet
train,mtsd__train__jeHwVExNfuZEboaep63s9Q.jpg,14,0.706,0.5,0.923958,0.996875,0.13125,yolo11m.pt,bonnet
train,mtsd__train__Jek5_e6Kga4BnovxBWEm3A.jpg,14,0.703,0.499609,0.894444,0.997656,0.183333,yolo11m.pt,bonnet
train,mtsd__train__jF4N4IGfY8vkm-TZNrZsDw.jpg,14,0.836,0.533203,0.884722,0.725781,0.208333,yolo11m.pt,bonnet
train,mtsd__train__JGIJkKiGQ4K-L8mCLPFLdA.jpg,14,0.684,0.5,0.494271,0.998438,0.980903,yolov8m-oiv7.pt,bonnet
train,mtsd__train__JGIJkKiGQ4K-L8mCLPFLdA.jpg,14,0.585,0.499609,0.813889,0.996094,0.347222,yolo11m.pt,bonnet
train,mtsd__train__jh8hvqqw1NkkJreVqjpZKg.jpg,14,0.796,0.499219,0.858333,0.998438,0.263889,yolo11m.pt,bonnet
train,mtsd__train__JH9YhLk6H5LntHd7it3XNw.jpg,14,0.551,0.5,0.860417,0.996875,0.25625,yolo11m.pt,bonnet
train,mtsd__train__jI5YPzmEbSfndHuK2Y5iRg.jpg,14,0.56,0.499219,0.929167,0.995313,0.122222,yolo11m.pt,bonnet
train,mtsd__train__JkMsQa-r28nOZ3Ty-Z-V-Q.jpg,14,0.748,0.5,0.892708,0.996875,0.19375,yolo11m.pt,bonnet
train,mtsd__train__JlDb4U_VtKfl1YjH1uwXYQ.jpg,14,0.745,0.499219,0.885417,0.992187,0.208333,yolo11m.pt,bonnet
train,mtsd__train__JlDb4U_VtKfl1YjH1uwXYQ.jpg,14,0.527,0.501562,0.502604,0.996875,0.982292,yolov8m-oiv7.pt,bonnet
train,mtsd__train__jLF4O1Nne-zHsxXzf5slHg.jpg,14,0.628,0.498828,0.828646,0.996094,0.321875,yolo11m.pt,bonnet
train,mtsd__train__JmevGJqZ4SAMpksgQ0o56w.jpg,31,0.521,0.072559,0.576042,0.036914,0.052083,yolo11m.pt,stop sign
train,mtsd__train__jMKfdzYcyohcz62YhCwiBg.jpg,14,0.621,0.5,0.870833,0.996875,0.233333,yolo11m.pt,bonnet
train,mtsd__train__jMMUlp_Jcs8F75qngJyRGw.jpg,14,0.833,0.646094,0.952083,0.696875,0.08125,yolo11m.pt,bonnet
train,mtsd__train__jnq7pZRo5ezsdSnHS-SfmQ.jpg,14,0.626,0.499609,0.501562,0.999219,0.988542,yolov8m-oiv7.pt,bonnet
train,mtsd__train__jOEyNq_Cn-rn-VCp3jQdyw.jpg,14,0.6,0.499219,0.935417,0.998438,0.104167,yolo11m.pt,bonnet
train,mtsd__train__JoYvIzvnCc7WKzgANf7p7g.jpg,14,0.63,0.500781,0.5,0.998438,1.0,yolov8m-oiv7.pt,bonnet
train,mtsd__train__JpT0RKYA26B9yGtMUs6-kA.jpg,14,0.557,0.5,0.499479,0.998438,0.988542,yolov8m-oiv7.pt,bonnet
train,mtsd__train__jQbViUoqnV_gGrYRpr0gAw.jpg,14,0.525,0.499219,0.893229,0.995313,0.192708,yolo11m.pt,bonnet
train,mtsd__train__jQi48ElTaGpuxCbj6xW_Mg.jpg,14,0.578,0.499609,0.821875,0.996094,0.333333,yolo11m.pt,bonnet
train,mtsd__train__jqjSGLzGwOFd5fYfIPVuIQ.jpg,14,0.591,0.5,0.497917,1.0,0.995833,yolov8m-oiv7.pt,bonnet
train,mtsd__train__jqQ6V413S6QDDhpKTenifQ.jpg,14,0.639,0.605859,0.939323,0.785156,0.104687,yolo11m.pt,bonnet
train,mtsd__train__JrRKvaL_0w67zT0pXFGNrw.jpg,14,0.583,0.499609,0.909722,0.999219,0.158333,yolo11m.pt,bonnet
train,mtsd__train__JrVG11vHsAaoB3B5PyUVVA.jpg,14,0.508,0.5,0.500694,1.0,0.995833,yolov8m-oiv7.pt,bonnet
train,mtsd__train__jSeHCH0vnCxYXne-VNggtA.jpg,14,0.558,0.500781,0.848958,0.995312,0.272917,yolo11m.pt,bonnet
train,mtsd__train__jsGWRv5z496QCwNl5yz0cA.jpg,14,0.609,0.500391,0.503125,0.999219,0.985417,yolov8m-oiv7.pt,bonnet
train,mtsd__train__JtIJxxfH3pnUEbmOXc2g_A.jpg,31,0.742,0.289063,0.697222,0.019531,0.051389,yolo11m.pt,stop sign
train,mtsd__train__jTLiPAzwJI6eFPBKYjXJ8g.jpg,14,0.679,0.5,0.864583,0.996875,0.247917,yolo11m.pt,bonnet
train,mtsd__train__jUyI1Kzu2DlBv3Ptkj1YDw.jpg,14,0.564,0.502344,0.822917,0.989063,0.333333,yolo11m.pt,bonnet
train,mtsd__train__jvOpOsjkx_4iyT496kHpbw.jpg,14,0.539,0.5,0.497917,1.0,0.995833,yolov8m-oiv7.pt,bonnet
train,mtsd__train__jvQ13B4vkbM2Ev3Zx4vU-A.jpg,14,0.602,0.499219,0.920833,0.99375,0.141667,yolo11m.pt,bonnet
train,mtsd__train__JW_x3y4eK-AT4U-Q8Z10Rw.jpg,14,0.852,0.501563,0.883333,0.99375,0.216667,yolo11m.pt,bonnet
train,mtsd__train__jWb5sA2h_c6wDj1gQutJjQ.jpg,14,0.657,0.496875,0.926823,0.992188,0.125521,yolo11m.pt,bonnet
train,mtsd__train__JWKtNtyL85NSukTVA_GDGQ.jpg,14,0.502,0.499219,0.501953,0.998438,0.989844,yolov8m-oiv7.pt,bonnet
train,mtsd__train__JwPOjxpgGyF5GZVFsZ9Zbw.jpg,14,0.771,0.499219,0.939583,0.998438,0.10625,yolo11m.pt,bonnet
train,mtsd__train__JxTOUYiJstW2p8fh9TYBgg.jpg,14,0.639,0.499609,0.915278,0.997656,0.143056,yolo11m.pt,bonnet
train,mtsd__train__JyMNmcDsCBiRKYdtBPN1MQ.jpg,14,0.58,0.500391,0.508203,0.999219,0.977344,yolov8m-oiv7.pt,bonnet
train,mtsd__train__jYtbuIt4SsQT9aiBMdAleg.jpg,14,0.621,0.5,0.813542,0.996875,0.35,yolo11m.pt,bonnet
train,mtsd__train__JzNcd-nYaufW91yLWF4htg.jpg,14,0.734,0.479688,0.927083,0.959375,0.127083,yolo11m.pt,bonnet
train,mtsd__train__jZps3BTWyEwnUD7SKV826g.jpg,14,0.633,0.494531,0.897135,0.989062,0.182292,yolo11m.pt,bonnet
train,mtsd__train__K-7L3AWT62VZLu7Xv6SAvQ.jpg,14,0.583,0.499219,0.875,0.996875,0.216667,yolo11m.pt,bonnet
train,mtsd__train__k-P7rpS2mUUmA1J3dHTwAQ.jpg,14,0.689,0.496875,0.951042,0.990625,0.08125,yolo11m.pt,bonnet
train,mtsd__train__K22-8Zp96mkdcO66OfsJow.jpg,14,0.689,0.58125,0.898438,0.834375,0.184375,yolo11m.pt,bonnet
train,mtsd__train__k2pQY95bXU32MMmnOETPmg.jpg,31,0.626,0.123047,0.536458,0.029297,0.0375,yolo11m.pt,stop sign
train,mtsd__train__K3N7j2NmCwe42S4PNZN6_A.jpg,14,0.688,0.492188,0.902778,0.984375,0.175,yolo11m.pt,bonnet
train,mtsd__train__k40YYPIKNL9FmMURzu7Hag.jpg,14,0.625,0.5,0.915625,0.99375,0.154167,yolo11m.pt,bonnet
train,mtsd__train__k4Xwc6fcb2JjIoyhH5xq0Q.jpg,14,0.72,0.496094,0.90625,0.992188,0.16875,yolo11m.pt,bonnet
train,mtsd__train__k4Xwc6fcb2JjIoyhH5xq0Q.jpg,14,0.56,0.499609,0.502213,0.999219,0.995573,yolov8m-oiv7.pt,bonnet
train,mtsd__train__k5Mw54Qd5VFVNeesiYjLoQ.jpg,14,0.644,0.498438,0.921094,0.99375,0.136979,yolo11m.pt,bonnet
train,mtsd__train__k5t9x93xN3OiVUp6LtVCNQ.jpg,14,0.582,0.504297,0.916406,0.989844,0.150521,yolo11m.pt,bonnet
train,mtsd__train__K88iOY35fGHfZAzj_TycmA.jpg,14,0.696,0.644922,0.91875,0.707031,0.147917,yolo11m.pt,bonnet
train,mtsd__train__K8dt1D6t8YVil_f5745hVQ.jpg,31,0.566,0.151172,0.084115,0.036328,0.086979,yolo11m.pt,stop sign
train,mtsd__train__KA9KbiQuumTN223d7MYYOA.jpg,31,0.669,0.096387,0.501042,0.041797,0.060417,yolo11m.pt,stop sign
train,mtsd__train__KaBEtGH4r16GWdOUYbkWqQ.jpg,14,0.759,0.499609,0.9,0.996094,0.18125,yolo11m.pt,bonnet
train,mtsd__train__KaBEtGH4r16GWdOUYbkWqQ.jpg,14,0.553,0.5,0.498437,1.0,0.996875,yolov8m-oiv7.pt,bonnet
train,mtsd__train__kAv2pGS9fe77BMvaVn-9XA.jpg,14,0.769,0.5,0.941667,0.996875,0.1,yolo11m.pt,bonnet
train,mtsd__train__KavkGprveRjljiM7K90g-w.jpg,14,0.539,0.499219,0.95,0.995313,0.083333,yolo11m.pt,bonnet
train,mtsd__train__kb_n2xvE6rpDw5_jWWMlGQ.jpg,14,0.637,0.5,0.498437,1.0,0.996875,yolov8m-oiv7.pt,bonnet
train,mtsd__train__kb_n2xvE6rpDw5_jWWMlGQ.jpg,14,0.582,0.499219,0.928125,0.995313,0.125,yolo11m.pt,bonnet
train,mtsd__train__kBHa5SoUbJuPuWG95XPpbw.jpg,14,0.595,0.5,0.498437,1.0,0.996875,yolov8m-oiv7.pt,bonnet
train,mtsd__train__kBTyEnEsSRiuG1Dj8uwpJg.jpg,14,0.828,0.698047,0.817187,0.602344,0.351042,yolo11m.pt,bonnet
train,mtsd__train__kc2qtr8ZIsZkB9QdmUQOag.jpg,14,0.596,0.499219,0.911458,0.998438,0.148438,yolo11m.pt,bonnet
train,mtsd__train__kc2qtr8ZIsZkB9QdmUQOag.jpg,14,0.549,0.5,0.500651,1.0,0.99349,yolov8m-oiv7.pt,bonnet
train,mtsd__train__KcpkCCW6bboN1_cmEwgWxA.jpg,14,0.516,0.499219,0.858333,0.996875,0.264583,yolo11m.pt,bonnet
train,mtsd__train__kCuoKiMhC7Wkm6miMzRCsQ.jpg,14,0.621,0.495313,0.916667,0.9875,0.141667,yolo11m.pt,bonnet
train,mtsd__train__KeHiHmRuWLSgvdnYGei4Hw.jpg,14,0.63,0.5,0.905556,0.998438,0.166667,yolo11m.pt,bonnet
train,mtsd__train__KeKSKx7dNoegDu0V9_p0aQ.jpg,14,0.834,0.485156,0.866667,0.967188,0.25,yolo11m.pt,bonnet
train,mtsd__train__KEL4WPJ_qwZ67Uxso1x2Pg.jpg,31,0.523,0.496875,0.508333,0.010938,0.019444,yolo11m.pt,stop sign
train,mtsd__train__KFdOmnvlica-safYQdpPYA.jpg,14,0.703,0.499219,0.9375,0.995313,0.108333,yolo11m.pt,bonnet
train,mtsd__train__kGne0bkEJ1LUNNT-Zk0ygg.jpg,31,0.557,0.150977,0.430208,0.067578,0.10625,yolo11m.pt,stop sign
train,mtsd__train__khab8lppdVHkz3AoYffSKw.jpg,14,0.525,0.569531,0.945833,0.854688,0.091667,yolo11m.pt,bonnet
train,mtsd__train__khdM6Uh3IZJdzfH3pAcwCA.jpg,14,0.606,0.480859,0.861111,0.960156,0.255556,yolo11m.pt,bonnet
train,mtsd__train__kHW51jI68usC7jfuoGSsoA.jpg,14,0.576,0.5,0.509896,1.0,0.978125,yolov8m-oiv7.pt,bonnet
train,mtsd__train__kHW51jI68usC7jfuoGSsoA.jpg,14,0.518,0.503906,0.914844,0.989062,0.157812,yolo11m.pt,bonnet
train,mtsd__train__kI5ZUa9FVdbHGYlIdcsU6g.jpg,14,0.537,0.5,0.499089,1.0,0.99349,yolov8m-oiv7.pt,bonnet
train,mtsd__train__kIfSUglfWCUJr5sNd1NFcQ.jpg,14,0.848,0.491016,0.902083,0.980469,0.177778,yolo11m.pt,bonnet
train,mtsd__train__KJIO_lqjiNeUrd92VW7nyA.jpg,14,0.676,0.499219,0.913889,0.998438,0.147222,yolo11m.pt,bonnet
train,mtsd__train__kkTdpKPkNJg-p_wgMXNidA.jpg,14,0.648,0.459375,0.931458,0.91875,0.124335,yolo11m.pt,bonnet
train,mtsd__train__KlFjMnoymAy0IbalZ0ITNQ.jpg,14,0.722,0.500781,0.886458,0.995313,0.204167,yolo11m.pt,bonnet
train,mtsd__train__KmY8MIFOCBLh2FgtDxV7Dw.jpg,14,0.708,0.499219,0.841667,0.995313,0.29375,yolo11m.pt,bonnet
train,mtsd__train__KmY8MIFOCBLh2FgtDxV7Dw.jpg,14,0.574,0.5,0.499479,1.0,0.996875,yolov8m-oiv7.pt,bonnet
train,mtsd__train__kmypCNrN3zoGKi1kbWKMOw.jpg,14,0.566,0.499219,0.922656,0.996875,0.129687,yolo11m.pt,bonnet
train,mtsd__train__kmypCNrN3zoGKi1kbWKMOw.jpg,14,0.545,0.498438,0.5,0.996875,1.0,yolov8m-oiv7.pt,bonnet
train,mtsd__train__KnYbPN_b08OYQztAm-l6-g.jpg,14,0.589,0.497656,0.785417,0.992187,0.408333,yolo11m.pt,bonnet
train,mtsd__train__kOFZuCkhp9Zq3Tu0ESONiQ.jpg,14,0.727,0.5,0.882812,0.996875,0.215625,yolo11m.pt,bonnet
train,mtsd__train__KOQlbZe9RhHMlnLrOQBE1A.jpg,14,0.78,0.499609,0.848437,0.996094,0.284375,yolo11m.pt,bonnet
train,mtsd__train__kP6_7q2akDLfmn1xhBZZPA.jpg,14,0.693,0.499219,0.947917,0.992188,0.0875,yolo11m.pt,bonnet
train,mtsd__train__KPuB5AtkcR01aFVtwwNgYA.jpg,14,0.613,0.385547,0.958333,0.766406,0.066667,yolo11m.pt,bonnet
train,mtsd__train__KqijjnCynHtPxseorMENqA.jpg,31,0.759,0.13916,0.671094,0.067383,0.067188,yolo11m.pt,stop sign
train,mtsd__train__kqo4K54sm50s6bie7tonyQ.jpg,14,0.657,0.5,0.884375,0.996875,0.2125,yolo11m.pt,bonnet
train,mtsd__train__KqptrxjtwqZFEaqn21kcLQ.jpg,14,0.734,0.499609,0.873437,0.996094,0.230208,yolo11m.pt,bonnet
train,mtsd__train__Kqy6sr39NwCp14WHq8GzjQ.jpg,14,0.666,0.5,0.498958,1.0,0.991667,yolov8m-oiv7.pt,bonnet
train,mtsd__train__kSCeLruwLEKaZ5if7aZxHw.jpg,14,0.57,0.499609,0.496528,0.999219,0.993056,yolov8m-oiv7.pt,bonnet
train,mtsd__train__KTAraHBkhwJ5d-V7CXXONw.jpg,14,0.704,0.447656,0.930556,0.892188,0.116667,yolo11m.pt,bonnet
train,mtsd__train__KTAraHBkhwJ5d-V7CXXONw.jpg,31,0.578,0.079834,0.519444,0.013574,0.044444,yolo11m.pt,stop sign
train,mtsd__train__KtgPPFVUYRfVreut9Reupw.jpg,14,0.625,0.5,0.498958,1.0,0.997917,yolov8m-oiv7.pt,bonnet
train,mtsd__train__KuA-cL_sKqMKNS5U9_Uj8w.jpg,14,0.745,0.500781,0.905208,0.995313,0.172917,yolo11m.pt,bonnet
train,mtsd__train__kUUV9AWGyKh18jENdyMBzQ.jpg,14,0.761,0.5,0.807639,0.995313,0.356944,yolo11m.pt,bonnet
train,mtsd__train__kv42dvJJNjqAfXclCOw9cg.jpg,14,0.523,0.625,0.922222,0.74375,0.136111,yolo11m.pt,bonnet
train,mtsd__train__KVGU9aI2XgbX51Ize6sKyw.jpg,14,0.677,0.5,0.5,1.0,1.0,yolov8m-oiv7.pt,bonnet
train,mtsd__train__KvMlvg8fcqJ55TDaPZCKLQ.jpg,14,0.799,0.499219,0.502604,0.998437,0.990625,yolov8m-oiv7.pt,bonnet
train,mtsd__train__KvwYIaDqH1t4Jv7XT0LxJg.jpg,14,0.657,0.5,0.916667,0.99375,0.147917,yolo11m.pt,bonnet
train,mtsd__train__KvYEm6nw6z98QzWqyk-Mzg.jpg,14,0.723,0.500391,0.907292,0.996094,0.166667,yolo11m.pt,bonnet
train,mtsd__train__kWzQtMGDSOkZ970ATcxKLw.jpg,14,0.832,0.500781,0.888542,0.995313,0.20625,yolo11m.pt,bonnet
train,mtsd__train__kyF11MTL6lSSB_RSWtMLCQ.jpg,14,0.518,0.5,0.503255,1.0,0.989323,yolov8m-oiv7.pt,bonnet
train,mtsd__train__kYQdw5R1qZbeTj7GlwiGng.jpg,14,0.694,0.5,0.93724,0.995312,0.104688,yolo11m.pt,bonnet
train,mtsd__train__kYqjfPSR6M5n0qUrr-gB2A.jpg,14,0.533,0.5,0.857292,0.995313,0.2625,yolo11m.pt,bonnet
train,mtsd__train__KzBa8p0H8NyDEH1eVbm94g.jpg,14,0.533,0.475781,0.941406,0.948437,0.096354,yolo11m.pt,bonnet
train,mtsd__train__kzebgh2foPeGlwfB3GsRXQ.jpg,31,0.866,0.7125,0.408333,0.05625,0.130556,yolo11m.pt,stop sign
train,mtsd__train__Kzg44VpbuvxvKlLfPudqPQ.jpg,14,0.771,0.5,0.905208,0.996875,0.170833,yolo11m.pt,bonnet
train,mtsd__train__Kzg44VpbuvxvKlLfPudqPQ.jpg,14,0.52,0.5,0.498958,1.0,0.997917,yolov8m-oiv7.pt,bonnet
train,mtsd__train__kzm9CwhN8sse-sTmpCwH2Q.jpg,14,0.832,0.5,0.873958,0.99375,0.235417,yolo11m.pt,bonnet
train,mtsd__train__kzNn-11upM3-vQyiiLY5dg.jpg,14,0.545,0.536719,0.922222,0.923437,0.133333,yolo11m.pt,bonnet
train,mtsd__train__kZpe7_zLIXD90E3HzwoXnQ.jpg,31,0.596,0.21958,0.563021,0.051465,0.069792,yolo11m.pt,stop sign
train,mtsd__train__kZpe7_zLIXD90E3HzwoXnQ.jpg,14,0.531,0.521875,0.925,0.951562,0.1375,yolo11m.pt,bonnet
train,mtsd__train__l1sbb0rb5d2twOzuzFRSkw.jpg,31,0.506,0.242969,0.610417,0.019531,0.025,yolo11m.pt,stop sign
train,mtsd__train__L3Bt-Kk-wzitXkz6Sb0B5g.jpg,14,0.606,0.5,0.499479,1.0,0.998958,yolov8m-oiv7.pt,bonnet
train,mtsd__train__L4IsGLa8epyiMOEnUCkBkg.jpg,14,0.602,0.5,0.5,1.0,0.9875,yolov8m-oiv7.pt,bonnet
train,mtsd__train__L4PvL8LB9Fwbo9-_rOyjaw.jpg,14,0.722,0.5,0.83125,0.996875,0.314583,yolo11m.pt,bonnet
train,mtsd__train__l4vjWmPcE30gKGS7aaoD0A.jpg,14,0.809,0.5,0.896354,0.996875,0.190625,yolo11m.pt,bonnet
train,mtsd__train__l4WzucPuD80vuJM5hWch7w.jpg,14,0.626,0.498828,0.823611,0.996094,0.330555,yolo11m.pt,bonnet
train,mtsd__train__l56BhteqdnbSqNXPzU8w3g.jpg,14,0.873,0.563672,0.871528,0.866406,0.236111,yolo11m.pt,bonnet
train,mtsd__train__L5dZqn-Yrc2iSr0uq-ru0Q.jpg,14,0.773,0.5,0.917708,0.996875,0.14375,yolo11m.pt,bonnet
train,mtsd__train__l60Y7WOMM3bSqtOXNZHszg.jpg,14,0.539,0.5,0.504036,1.0,0.98776,yolov8m-oiv7.pt,bonnet
train,mtsd__train__l60Y7WOMM3bSqtOXNZHszg.jpg,14,0.512,0.5,0.878646,0.995313,0.217708,yolo11m.pt,bonnet
train,mtsd__train__l7FP8ZKSnsQfwuyNhafB3Q.jpg,14,0.752,0.499219,0.954167,0.976563,0.077083,yolo11m.pt,bonnet
train,mtsd__train__l7OkSdXejO-sQfEALHlBTg.jpg,14,0.521,0.5,0.497396,1.0,0.994792,yolov8m-oiv7.pt,bonnet
train,mtsd__train__l7vRRK5WPOTZePWobUjsyg.jpg,14,0.51,0.500781,0.915625,0.995313,0.152083,yolo11m.pt,bonnet
train,mtsd__train__l85HxGIPKniihY5l4AFsoA.jpg,14,0.806,0.498437,0.913542,0.995312,0.152083,yolo11m.pt,bonnet
train,mtsd__train__L8EZDiZ5zBwPgbI6s4N8oA.jpg,31,0.543,0.025806,0.677778,0.036719,0.061111,yolo11m.pt,stop sign
train,mtsd__train__l8O8MQfrAjE6THSfr2Tqgg.jpg,14,0.551,0.610156,0.936458,0.773438,0.1125,yolo11m.pt,bonnet
train,mtsd__train__L90QI6-o9dPEogVhOrdxhQ.jpg,14,0.845,0.513672,0.930208,0.772656,0.125,yolo11m.pt,bonnet
train,mtsd__train__L90QI6-o9dPEogVhOrdxhQ.jpg,31,0.587,0.635938,0.49375,0.010937,0.016667,yolo11m.pt,stop sign
train,mtsd__train__L_iifbyw76hwP6MI2WxtaA.jpg,14,0.861,0.501562,0.815625,0.99375,0.347917,yolo11m.pt,bonnet
train,mtsd__train__L_qLMwPYl2eCgOAKN40QUA.jpg,14,0.602,0.500781,0.916667,0.995313,0.147917,yolo11m.pt,bonnet
train,mtsd__train__LA8GfA8clFDGsOxVkBkXhg.jpg,14,0.609,0.5,0.495833,1.0,0.991667,yolov8m-oiv7.pt,bonnet
train,mtsd__train__lan5s7xPWIS0gaBO2dUa1Q.jpg,14,0.755,0.500391,0.903125,0.999219,0.18125,yolo11m.pt,bonnet
train,mtsd__train__LawwL3J-bdvxCUld48IMCQ.jpg,14,0.835,0.483203,0.816667,0.964844,0.341667,yolo11m.pt,bonnet
train,mtsd__train__LAYY36wfBoxQtABg_7TTIA.jpg,14,0.632,0.5,0.938542,0.996875,0.102083,yolo11m.pt,bonnet
train,mtsd__train__LcErJo0NFssx98KuyF4VpQ.jpg,14,0.679,0.578516,0.935677,0.838281,0.111979,yolo11m.pt,bonnet
train,mtsd__train__LCXPRsYPgmCgOE6q3g7rqw.jpg,14,0.72,0.5,0.925365,0.996875,0.129509,yolo11m.pt,bonnet
train,mtsd__train__lD0KKaIImy9wH33BkybB4g.jpg,31,0.52,0.645312,0.536111,0.03125,0.055556,yolo11m.pt,stop sign
train,mtsd__train__ld4tKU2ZBY9Q6kN-ezXxRg.jpg,14,0.593,0.5,0.888021,0.996875,0.197917,yolo11m.pt,bonnet
train,mtsd__train__LDu5Oxkm7jEb3Bq7YLp7bg.jpg,14,0.533,0.5,0.8125,0.996875,0.352083,yolo11m.pt,bonnet
train,mtsd__train__ldV3XyFZW0iXS3UsLq_o4A.jpg,14,0.734,0.5,0.927083,0.998438,0.122917,yolo11m.pt,bonnet
train,mtsd__train__Lf3voLV4kO_3ftQDvH38UQ.jpg,31,0.518,0.178906,0.60625,0.021094,0.029167,yolo11m.pt,stop sign
train,mtsd__train__lfbSY-VMQRiPLADYKtI1mw.jpg,14,0.6,0.5,0.91875,1.0,0.1375,yolo11m.pt,bonnet
train,mtsd__train__lFG-943oGygs9Bnr0UHJGA.jpg,14,0.789,0.5,0.855208,0.99375,0.270833,yolo11m.pt,bonnet
train,mtsd__train__lfQaZlC4_XmaTgaQ4D2UoQ.jpg,14,0.551,0.630078,0.960417,0.733594,0.066667,yolo11m.pt,bonnet
train,mtsd__train__lfqpvfNWXoaVh7i0Bzq_ug.jpg,14,0.553,0.5,0.870833,0.996875,0.233333,yolo11m.pt,bonnet
train,mtsd__train__lfqpvfNWXoaVh7i0Bzq_ug.jpg,14,0.551,0.499219,0.498958,0.998437,0.9875,yolov8m-oiv7.pt,bonnet
train,mtsd__train__LfU1ciH96EfrMSbUFoBY4w.jpg,14,0.664,0.61084,0.920833,0.775195,0.141667,yolo11m.pt,bonnet
train,mtsd__train__LgAleoNHs7eQv0xpjiupug.jpg,14,0.752,0.5,0.890625,0.996875,0.197917,yolo11m.pt,bonnet
train,mtsd__train__lgBSkrzlQr0h8XgLnO36Gg.jpg,14,0.657,0.497656,0.921094,0.989063,0.141146,yolo11m.pt,bonnet
train,mtsd__train__lGoC-YbUVcx0ZfVwxFn-Dw.jpg,14,0.537,0.5,0.880729,0.996875,0.217708,yolo11m.pt,bonnet
train,mtsd__train__LGq--ZTVUoDc-rLqhiZsDA.jpg,14,0.516,0.667871,0.9625,0.661133,0.0625,yolo11m.pt,bonnet
train,mtsd__train__lGZJrPffrnnyBkfqleV58A.jpg,14,0.776,0.499219,0.835417,0.998437,0.308333,yolo11m.pt,bonnet
train,mtsd__train__lihAr3nnBhKMeecz3jcILg.jpg,14,0.525,0.5,0.834375,0.995313,0.308333,yolo11m.pt,bonnet
train,mtsd__train__litVKOA4ZBpmV9Bfn6MB2g.jpg,14,0.651,0.5,0.882812,0.995313,0.211458,yolo11m.pt,bonnet
train,mtsd__train__livU2uKHLlQjllYmzu7IZQ.jpg,14,0.835,0.553125,0.869792,0.890625,0.241667,yolo11m.pt,bonnet
train,mtsd__train__LL6JXoXB0ziH0dO3_FF8KA.jpg,31,0.866,0.203857,0.519792,0.047754,0.060417,yolo11m.pt,stop sign
train,mtsd__train__LLKSGXYW0ELZ6eyMwVfOww.jpg,14,0.686,0.5,0.927083,0.996875,0.125,yolo11m.pt,bonnet
train,mtsd__train__llrd-VHgFuTzD8pEbPN-Wg.jpg,14,0.649,0.500781,0.5,0.998437,1.0,yolov8m-oiv7.pt,bonnet
train,mtsd__train__LlxP6KHddL--zXyryNKUCA.jpg,14,0.646,0.494531,0.909722,0.989063,0.158333,yolo11m.pt,bonnet
train,mtsd__train__LMa5eA9FG-gvoM0hp27OWQ.jpg,31,0.759,0.909375,0.607292,0.084375,0.1125,yolo11m.pt,stop sign
train,mtsd__train__LmcEEtDbBReRmWHOQT5auQ.jpg,14,0.541,0.497656,0.915625,0.992188,0.15,yolo11m.pt,bonnet
train,mtsd__train__LMhRApYdcM_0MQNbbePemg.jpg,14,0.662,0.500391,0.503255,0.999219,0.991406,yolov8m-oiv7.pt,bonnet
train,mtsd__train__Lmi6EGYX021gNItP_5IMSQ.jpg,14,0.917,0.546094,0.863542,0.904688,0.25625,yolo11m.pt,bonnet
train,mtsd__train__LML0U_QwKF-lkoktGNTVCg.jpg,14,0.719,0.521875,0.930208,0.953125,0.120833,yolo11m.pt,bonnet
train,mtsd__train__lN5_4NBGNszsqfohGtCNdA.jpg,14,0.639,0.492188,0.935417,0.982813,0.110417,yolo11m.pt,bonnet
train,mtsd__train__LOJr_UoOro895-fQHBingw.jpg,14,0.56,0.499219,0.888889,0.995313,0.201389,yolo11m.pt,bonnet
train,mtsd__train__LP2brl0KvHtnvagIp4jQyg.jpg,14,0.615,0.5,0.900694,0.996875,0.176389,yolo11m.pt,bonnet
train,mtsd__train__lp3mWQdUy_ZOXmmfXueWXg.jpg,14,0.893,0.500391,0.825,0.996094,0.33125,yolo11m.pt,bonnet
train,mtsd__train__lP7J_vxySpMSwlA6eEKBWQ.jpg,14,0.812,0.377734,0.927344,0.728906,0.132812,yolo11m.pt,bonnet
train,mtsd__train__lpK8In-Ddsocg6sdeSwGoA.jpg,14,0.609,0.594922,0.947917,0.803906,0.091667,yolo11m.pt,bonnet
train,mtsd__train__lPMOrcHzS0jbVpVMnWTEHA.jpg,31,0.698,0.167773,0.59375,0.029297,0.039583,yolo11m.pt,stop sign
train,mtsd__train__Lq57fGn_45vuSLEz_39Ziw.jpg,14,0.506,0.5,0.820833,0.996875,0.339583,yolo11m.pt,bonnet
train,mtsd__train__Lq5Bg_ak1rpo9Ot5t_hSwA.jpg,14,0.755,0.5,0.865625,0.995313,0.25,yolo11m.pt,bonnet
train,mtsd__train__LrDc526XnYsPUBhTi64bbw.jpg,14,0.66,0.5,0.504297,1.0,0.978906,yolov8m-oiv7.pt,bonnet
train,mtsd__train__lROFgD_q02bN9OP97g_HCQ.jpg,14,0.591,0.499219,0.938542,0.995313,0.104167,yolo11m.pt,bonnet
train,mtsd__train__LRSaqU2hZ9j7oLBNa6hGZQ.jpg,14,0.684,0.500781,0.922222,0.996875,0.131944,yolo11m.pt,bonnet
train,mtsd__train__lSQ3mRdq-U-Ku13pCntCjg.jpg,14,0.813,0.520312,0.927344,0.959375,0.128646,yolo11m.pt,bonnet
train,mtsd__train__lThzjrUeuW_GGqsceNPfHQ.jpg,14,0.529,0.496875,0.920833,0.99375,0.133333,yolo11m.pt,bonnet
train,mtsd__train__ltyhBtSU9AOVPc4vhiIWgw.jpg,14,0.615,0.499219,0.922917,0.995313,0.133333,yolo11m.pt,bonnet
train,mtsd__train__lUs0LoFEINsW0J0s0dQIIw.jpg,14,0.706,0.500781,0.900261,0.995313,0.182813,yolo11m.pt,bonnet
train,mtsd__train__luZfHzp3O46UZQPR_2Ne_A.jpg,14,0.539,0.499609,0.853646,0.999219,0.265625,yolo11m.pt,bonnet
train,mtsd__train__lw7XwGWTb2aXXGW9Me4ajQ.jpg,14,0.644,0.499219,0.927344,0.996875,0.124479,yolo11m.pt,bonnet
train,mtsd__train__lW9KdodimUBv0Vf2s5C8iw.jpg,14,0.666,0.579688,0.93724,0.834375,0.108854,yolo11m.pt,bonnet
train,mtsd__train__Lwz835C-e8LDoaF9TO3T9A.jpg,14,0.74,0.473438,0.883333,0.946875,0.204167,yolo11m.pt,bonnet
train,mtsd__train__lYHPOY_1rxLJCqtEm90a8g.jpg,14,0.772,0.499219,0.930208,0.998437,0.116667,yolo11m.pt,bonnet
train,mtsd__train__lzV5u7WC5qADYY0HKJHeMQ.jpg,31,0.698,0.682031,0.645139,0.013281,0.030556,yolo11m.pt,stop sign
train,mtsd__train__lZY570TZzFoJ6j70j7jNpg.jpg,14,0.518,0.550781,0.95625,0.884375,0.075,yolo11m.pt,bonnet
train,mtsd__train__m0YZHKvYQUFJfj3JPvXspg.jpg,14,0.606,0.5,0.879687,0.996875,0.221875,yolo11m.pt,bonnet
train,mtsd__train__m17RytszIC8fNXmTBHchzA.jpg,14,0.891,0.500781,0.875521,0.992188,0.232292,yolo11m.pt,bonnet
train,mtsd__train__M1_pa1Dh_ZRww0H1QjKUMQ.jpg,14,0.699,0.441406,0.925,0.882812,0.133333,yolo11m.pt,bonnet
train,mtsd__train__M2M0JC3kFUQ13YqLzY3iAA.jpg,14,0.543,0.499609,0.911111,0.999219,0.154167,yolo11m.pt,bonnet
train,mtsd__train__m3Ah8RqB3vFlFmF90vQI9Q.jpg,14,0.555,0.500781,0.895833,0.995312,0.183333,yolo11m.pt,bonnet
train,mtsd__train__M3JcjXVvX8v2yGbZLN-2xw.jpg,14,0.609,0.696875,0.928906,0.604688,0.125521,yolo11m.pt,bonnet
train,mtsd__train__m4AIWmKlF_cs3wI_waVYIw.jpg,14,0.863,0.5,0.861979,0.995313,0.255208,yolo11m.pt,bonnet
train,mtsd__train__M4s-pUUvE1ibxdvaEeToHg.jpg,14,0.63,0.5,0.888542,0.996875,0.202083,yolo11m.pt,bonnet
train,mtsd__train__M5DjBSdGQ31WIZETv-wMDA.jpg,14,0.606,0.503125,0.934028,0.990625,0.109722,yolo11m.pt,bonnet
train,mtsd__train__m6-b0k90MbrysRH-HgSX_A.jpg,31,0.607,0.685156,0.436111,0.050781,0.0875,yolo11m.pt,stop sign
train,mtsd__train__m7bJsJkhaJuLVso_2ulRYA.jpg,14,0.557,0.497656,0.929167,0.992187,0.119444,yolo11m.pt,bonnet
train,mtsd__train__m7Z6awK3JqL2Hm_zLIk0vw.jpg,14,0.722,0.5,0.896875,0.996875,0.189583,yolo11m.pt,bonnet
train,mtsd__train__m_ohDkaiskweN1t90eRD1g.jpg,14,0.523,0.499219,0.5,0.998437,1.0,yolov8m-oiv7.pt,bonnet
train,mtsd__train__M_scTw8rgYyN1X-60oKDYQ.jpg,31,0.593,0.591016,0.621875,0.010938,0.016667,yolo11m.pt,stop sign
train,mtsd__train__mafNYarE1uvgxIK0n0ullw.jpg,14,0.791,0.612109,0.892708,0.772656,0.197917,yolo11m.pt,bonnet
train,mtsd__train__MAWC9rJHjXzXmJB-tu-qFA.jpg,14,0.537,0.537109,0.927083,0.782031,0.13125,yolo11m.pt,bonnet
train,mtsd__train__MBGUCYWq-qW02S6GVE1scQ.jpg,14,0.508,0.499219,0.873958,0.998438,0.233333,yolo11m.pt,bonnet
train,mtsd__train__mBSzTBtWWJRx7qNSq3o6sg.jpg,31,0.6,0.256445,0.671354,0.017969,0.022917,yolo11m.pt,stop sign
train,mtsd__train__mcfnCbjlJYozjLXksDSdXQ.jpg,14,0.803,0.485938,0.933594,0.971875,0.116146,yolo11m.pt,bonnet
train,mtsd__train__mcLOOsjvrfbQD6Ju1LuPEA.jpg,14,0.791,0.391797,0.867708,0.782031,0.24375,yolo11m.pt,bonnet
train,mtsd__train__mD7GE4i-NdOWvq5dJK6SfA.jpg,14,0.508,0.492969,0.857639,0.985938,0.256944,yolo11m.pt,bonnet
train,mtsd__train__mdoLwY7ZJNLOz024xLVKyw.jpg,31,0.591,0.563672,0.517361,0.010938,0.022222,yolo11m.pt,stop sign
train,mtsd__train__MdwfnwwNhobIO1y2Ad4ZHQ.jpg,14,0.66,0.614844,0.928472,0.765625,0.122222,yolo11m.pt,bonnet
train,mtsd__train__mE8dOw0jXPVpVc0TiKXpAQ.jpg,14,0.568,0.551563,0.917708,0.892188,0.147917,yolo11m.pt,bonnet
train,mtsd__train__MEDr2oO_Nx2q2LxMkH-q2g.jpg,14,0.52,0.5,0.5,1.0,0.994444,yolov8m-oiv7.pt,bonnet
train,mtsd__train__MeKzPpyGl1mdyNAeHw1WwQ.jpg,14,0.787,0.499219,0.836979,0.995313,0.307292,yolo11m.pt,bonnet
train,mtsd__train__MeLao-hVSOVcIOMcnStrIw.jpg,31,0.635,0.439063,0.061111,0.04375,0.077778,yolo11m.pt,stop sign
train,mtsd__train__Met7EOlFjw4hxqOIqRxDRg.jpg,14,0.646,0.474609,0.935417,0.947656,0.110417,yolo11m.pt,bonnet
train,mtsd__train__MeYAIXHn29LZ0ETWRV6Hnw.jpg,14,0.769,0.5,0.895833,0.998438,0.179688,yolo11m.pt,bonnet
train,mtsd__train__mfZQjKuehDrzwK8DDY8Q0g.jpg,14,0.779,0.5,0.859375,0.995313,0.25625,yolo11m.pt,bonnet
train,mtsd__train__mgfF0Gbq0ygIP8HrFIDnNw.jpg,14,0.504,0.502344,0.910417,0.99375,0.166667,yolo11m.pt,bonnet
train,mtsd__train__MgPvLDoMFAhCFauII7OP_g.jpg,14,0.585,0.693359,0.936458,0.611719,0.10625,yolo11m.pt,bonnet
train,mtsd__train__mGRDyciblHIQHMP4Gf789Q.jpg,14,0.651,0.499219,0.906944,0.992188,0.163889,yolo11m.pt,bonnet
train,mtsd__train__MGyeCnIlnHmCMKXWdsakrw.jpg,14,0.882,0.480469,0.919792,0.959375,0.141667,yolo11m.pt,bonnet
train,mtsd__train__mhFpDqcxuckfJho3xaJWRw.jpg,14,0.742,0.502734,0.91849,0.989844,0.142188,yolo11m.pt,bonnet
train,mtsd__train__MhPNvpTcDI9nX1_Gt-oyug.jpg,14,0.72,0.5,0.5,1.0,1.0,yolov8m-oiv7.pt,bonnet
train,mtsd__train__mIbidpmvzqkYC4P08py2DQ.jpg,14,0.591,0.472656,0.904167,0.942187,0.163889,yolo11m.pt,bonnet
train,mtsd__train__MjaMiiFFiX4ri7Re4iwRsQ.jpg,14,0.562,0.5,0.5,1.0,0.99375,yolov8m-oiv7.pt,bonnet
train,mtsd__train__MjIyzmQ5azUqyuwJaxORMA.jpg,14,0.681,0.500781,0.858854,0.995312,0.263542,yolo11m.pt,bonnet
train,mtsd__train__MJqKnoJ0MVPbXHg2g6VChA.jpg,14,0.533,0.501562,0.845833,0.99375,0.283333,yolo11m.pt,bonnet
train,mtsd__train__MK9Rvn4Iy0AmPwV03oLecg.jpg,14,0.662,0.500391,0.910417,0.996094,0.158333,yolo11m.pt,bonnet
train,mtsd__train__ml2LMOrGV5rXO2H7M9hrEQ.jpg,14,0.803,0.499609,0.880556,0.994531,0.216667,yolo11m.pt,bonnet
train,mtsd__train__ml2LMOrGV5rXO2H7M9hrEQ.jpg,14,0.514,0.5,0.502778,1.0,0.990278,yolov8m-oiv7.pt,bonnet
train,mtsd__train__MLOqFFsX5YuKzUXlFltZGA.jpg,14,0.737,0.374219,0.911458,0.748438,0.160417,yolo11m.pt,bonnet
train,mtsd__train__MnrQ8FpMJCcqgG7eirAhHg.jpg,14,0.609,0.548438,0.890278,0.9,0.194444,yolo11m.pt,bonnet
train,mtsd__train__mO94q9gaCpJCcktoyvtYtQ.jpg,14,0.681,0.499219,0.859375,0.995313,0.2625,yolo11m.pt,bonnet
train,mtsd__train__MOJ4Wa87SF4z3-KPMvY4VQ.jpg,14,0.514,0.500781,0.895833,0.995312,0.191667,yolo11m.pt,bonnet
train,mtsd__train__mplRPvs9XQIbfyReNn2Pjw.jpg,14,0.596,0.501172,0.858854,0.994531,0.261458,yolo11m.pt,bonnet
train,mtsd__train__mqqHL0dmbyedsCUuULvSug.jpg,14,0.658,0.5,0.923958,0.996875,0.129167,yolo11m.pt,bonnet
train,mtsd__train__mQrCcrRijfAgzzVQ2xWAvg.jpg,31,0.658,0.690625,0.403125,0.048438,0.064583,yolo11m.pt,stop sign
train,mtsd__train__MR4jKSXZExwWzRcGx4N62A.jpg,14,0.672,0.501563,0.883854,0.990625,0.213542,yolo11m.pt,bonnet
train,mtsd__train__mrCMaaQiY0zMUtMSzVCQ0g.jpg,14,0.807,0.589453,0.932292,0.819531,0.116667,yolo11m.pt,bonnet
train,mtsd__train__mrUcAOiL0MUqNqIx-q_mMg.jpg,14,0.672,0.5,0.506771,1.0,0.986458,yolov8m-oiv7.pt,bonnet
train,mtsd__train__MSAEnXiChLKMc2QSXBF7rg.jpg,14,0.576,0.501563,0.5,0.996875,1.0,yolov8m-oiv7.pt,bonnet
train,mtsd__train__mSBsAQqihRg0eXZtYoXg3A.jpg,14,0.836,0.499219,0.896875,0.996875,0.189583,yolo11m.pt,bonnet
train,mtsd__train__Msuc8coHOtFmjsSWQRWCMA.jpg,14,0.557,0.490625,0.913542,0.978125,0.154167,yolo11m.pt,bonnet
train,mtsd__train__mtjp-OVRz4w5PvEsAZ1jyA.jpg,14,0.525,0.499219,0.888542,0.998438,0.195833,yolo11m.pt,bonnet
train,mtsd__train__mTxSIEZzz2ehlYTplJmoYA.jpg,14,0.551,0.499219,0.93724,0.998437,0.104688,yolo11m.pt,bonnet
train,mtsd__train__mug8JFnDnly5bevmc0MivA.jpg,14,0.512,0.499219,0.920217,0.995313,0.138587,yolo11m.pt,bonnet
train,mtsd__train__MVDbmglom_bDf6q2z1VQyg.jpg,14,0.691,0.500391,0.900533,0.996094,0.173628,yolo11m.pt,bonnet
train,mtsd__train__mVEqhyk0cUq3lKSNDuUy3Q.jpg,14,0.589,0.5,0.501953,1.0,0.985677,yolov8m-oiv7.pt,bonnet
train,mtsd__train__MVjccDGDCzFMHFrfsHDB3Q.jpg,14,0.639,0.499219,0.897222,0.998437,0.186111,yolo11m.pt,bonnet
train,mtsd__train__mWsjuC68oi0cDWxhmu6u1w.jpg,14,0.861,0.698535,0.93125,0.601367,0.122917,yolo11m.pt,bonnet
train,mtsd__train__mx2UPPlixh9t9dCJeTD-5Q.jpg,14,0.621,0.5,0.5,0.998438,1.0,yolov8m-oiv7.pt,bonnet
train,mtsd__train__mx2UPPlixh9t9dCJeTD-5Q.jpg,14,0.502,0.483203,0.922222,0.964844,0.136111,yolo11m.pt,bonnet
train,mtsd__train__MxJhtJEtv58Fpw9SGal3jg.jpg,14,0.621,0.5,0.91875,0.99375,0.139583,yolo11m.pt,bonnet
train,mtsd__train__mYkiPzZpV07zMr61Q_YzAA.jpg,14,0.936,0.407422,0.7375,0.813281,0.50625,yolo11m.pt,bonnet
train,mtsd__train__Myrz4X53biiqYWUe5AXreA.jpg,14,0.58,0.5,0.513672,1.0,0.972656,yolov8m-oiv7.pt,bonnet
train,mtsd__train__mYxRd0mxf4iCRmaOoEEaNA.jpg,14,0.666,0.497266,0.780469,0.994531,0.396875,yolo11m.pt,bonnet
train,mtsd__train__mYyAoRMRZNKMB8EQhRCeUA.jpg,14,0.844,0.669434,0.938542,0.65957,0.10625,yolo11m.pt,bonnet
train,mtsd__train__MZ4VFXk0Zpnz_YL9cctZ9g.jpg,14,0.66,0.499219,0.501042,0.998437,0.99375,yolov8m-oiv7.pt,bonnet
train,mtsd__train__mZ_tbXjbcb2Vt5pjov-wVQ.jpg,14,0.566,0.600781,0.901042,0.798438,0.185417,yolo11m.pt,bonnet
train,mtsd__train__MzfGwz-I15yGtGUpp-spyg.jpg,14,0.762,0.524219,0.925,0.951563,0.13125,yolo11m.pt,bonnet
train,mtsd__train__mZHXOhSLCp62Tt4Pk_0pgA.jpg,14,0.691,0.492969,0.948958,0.984375,0.085417,yolo11m.pt,bonnet
train,mtsd__train__mZpG5tY7zkWzGSNICb6bpQ.jpg,14,0.506,0.500391,0.5,0.999219,1.0,yolov8m-oiv7.pt,bonnet
train,mtsd__train__mzwlcF6XuKl_af0PGn5Pdw.jpg,14,0.706,0.5,0.891667,0.996875,0.193056,yolo11m.pt,bonnet
train,mtsd__train__N-31Dmd6uSAkeaCQNhJFgA.jpg,14,0.924,0.493066,0.916667,0.770117,0.145833,yolo11m.pt,bonnet
train,mtsd__train__n0rmCMKzstnvyH5tipDnFg.jpg,31,0.557,0.94375,0.328125,0.059375,0.089583,yolo11m.pt,stop sign
train,mtsd__train__N1aDCxOhi73mHYj_AcQT-A.jpg,14,0.521,0.476563,0.915625,0.951563,0.154167,yolo11m.pt,bonnet
train,mtsd__train__N1WmmYOqbQbXcqjs5WhOZA.jpg,14,0.585,0.627734,0.916406,0.741406,0.150521,yolo11m.pt,bonnet
train,mtsd__train__n2Dl79P70g7VS13QxdSg-g.jpg,14,0.553,0.499219,0.944792,0.996875,0.091667,yolo11m.pt,bonnet
train,mtsd__train__N3kPikshIMDy21_eKrSuvA.jpg,31,0.613,0.200391,0.671354,0.016797,0.025,yolo11m.pt,stop sign
train,mtsd__train__N81w-6N8lRJo6Cebgyejdg.jpg,14,0.521,0.5,0.499479,1.0,0.998958,yolov8m-oiv7.pt,bonnet
train,mtsd__train__n8dLTCm7DN0VWRFC3KuZVQ.jpg,14,0.602,0.499219,0.89974,0.998438,0.171875,yolo11m.pt,bonnet
train,mtsd__train__n9ksq5h_d-ECFIEUncH5ag.jpg,14,0.646,0.5,0.945833,0.995313,0.091667,yolo11m.pt,bonnet
train,mtsd__train__NAEJ6PSm4D4xRsPC27mC3g.jpg,14,0.715,0.5,0.9,0.99375,0.185417,yolo11m.pt,bonnet
train,mtsd__train__naFRb-mKqpsQ8J18IACGrg.jpg,31,0.722,0.915625,0.479167,0.026563,0.061111,yolo11m.pt,stop sign
train,mtsd__train__nbNSFga4C-Je3vATEqBbEg.jpg,14,0.765,0.555469,0.91849,0.882813,0.146354,yolo11m.pt,bonnet
train,mtsd__train__NBqO7-b8thuXRE1l4G8Y_w.jpg,14,0.6,0.5,0.880208,0.996875,0.222917,yolo11m.pt,bonnet
train,mtsd__train__nd02d-8_Oxb8m4dMFVQwfQ.jpg,14,0.669,0.497656,0.92526,0.989062,0.132812,yolo11m.pt,bonnet
train,mtsd__train__nd1sem2oeQiYke8ALEzsag.jpg,14,0.723,0.532031,0.902083,0.929687,0.177083,yolo11m.pt,bonnet
train,mtsd__train__ndKW9f1DHFgtSD_wKbN__g.jpg,31,0.759,0.055029,0.321528,0.047852,0.125,yolo11m.pt,stop sign
train,mtsd__train__nE213yWR80Egb9nu5nd3Sg.jpg,14,0.862,0.500391,0.897917,0.994531,0.1875,yolo11m.pt,bonnet
train,mtsd__train__NeuXkQoqWqyav86VO3DVDA.jpg,14,0.952,0.690625,0.885937,0.615625,0.217708,yolo11m.pt,bonnet
train,mtsd__train__nFGrP2GU7hRzrv_DfEB58A.jpg,14,0.796,0.5,0.894792,0.995313,0.19375,yolo11m.pt,bonnet
train,mtsd__train__Nfw3igP5bIVf0PUccBIjQg.jpg,14,0.547,0.548828,0.908333,0.897656,0.164583,yolo11m.pt,bonnet
train,mtsd__train__Ng1E1tQOns6_Nq2HpFgHiA.jpg,14,0.679,0.499219,0.899306,0.998438,0.179167,yolo11m.pt,bonnet
train,mtsd__train__nhsAyeRZIOSeTu6B07Zv3A.jpg,14,0.845,0.486328,0.818056,0.971094,0.338889,yolo11m.pt,bonnet
train,mtsd__train__NIbGS8XA02AiaM8yiEvxaw.jpg,14,0.51,0.499609,0.502214,0.999219,0.993489,yolov8m-oiv7.pt,bonnet
train,mtsd__train__nijogkOOe0-2xAnGgwJ3qg.jpg,14,0.839,0.499219,0.860417,0.998438,0.2625,yolo11m.pt,bonnet
train,mtsd__train__NizpvHmC6i_XpXO2QesHhA.jpg,14,0.537,0.500781,0.907292,0.996875,0.166667,yolo11m.pt,bonnet
train,mtsd__train__nJ1Zh8Cea3Tq1KsSRc5gXw.jpg,14,0.549,0.499219,0.93125,0.995313,0.116667,yolo11m.pt,bonnet
train,mtsd__train__Nj5n3qXPXp8ckyy8LXkkEQ.jpg,14,0.589,0.5,0.908073,0.99375,0.167187,yolo11m.pt,bonnet
train,mtsd__train__Nje4YXygPqH70E7KEqGJOQ.jpg,31,0.541,0.180469,0.652083,0.029297,0.0375,yolo11m.pt,stop sign
train,mtsd__train__nJk-io7MtQHV1DN6VvuGGA.jpg,14,0.56,0.499219,0.921875,0.995313,0.139583,yolo11m.pt,bonnet
train,mtsd__train__njK_7lPkQMLicwxfXxX5Jw.jpg,14,0.689,0.5,0.841146,0.995313,0.296875,yolo11m.pt,bonnet
train,mtsd__train__NJXcpVN0rnir_3KOYmlJ_g.jpg,14,0.617,0.499219,0.839583,0.998437,0.3,yolo11m.pt,bonnet
train,mtsd__train__NJYmFhflrEBBR_d252SjXQ.jpg,14,0.643,0.532812,0.960417,0.871875,0.066667,yolo11m.pt,bonnet
train,mtsd__train__NjywPfGDUI3tSx9lL1hO8g.jpg,14,0.916,0.5,0.88125,0.992188,0.220833,yolo11m.pt,bonnet
train,mtsd__train__NkpxGETiU66XruGicxvqGA.jpg,14,0.604,0.5,0.498437,1.0,0.994792,yolov8m-oiv7.pt,bonnet
train,mtsd__train__nL-AThuJXSQi4ggfeBVC5Q.jpg,14,0.796,0.490625,0.916406,0.98125,0.150521,yolo11m.pt,bonnet
train,mtsd__train__nMFFkaLk2Rc_yxRay1ZL6w.jpg,14,0.587,0.516406,0.88125,0.964063,0.216667,yolo11m.pt,bonnet
train,mtsd__train__NmjXQcjlNrXYJevpG6Velw.jpg,14,0.837,0.373047,0.890625,0.744531,0.195833,yolo11m.pt,bonnet
train,mtsd__train__nmNBT2mH00H9s1nZ748-mw.jpg,31,0.701,0.287891,0.717708,0.044141,0.05625,yolo11m.pt,stop sign
train,mtsd__train__nNf6zom-t97xJrOfnzsRkw.jpg,14,0.502,0.499609,0.866667,0.996094,0.245833,yolo11m.pt,bonnet
train,mtsd__train__NoO62Zlqt5MW5MfG1X8vVQ.jpg,14,0.558,0.5,0.854167,0.99375,0.26875,yolo11m.pt,bonnet
train,mtsd__train__npG4lxcoh8e16LyP-_Pi_A.jpg,14,0.759,0.566406,0.923958,0.8625,0.135417,yolo11m.pt,bonnet
train,mtsd__train__npHDV_NroJk42dgQV56aGw.jpg,14,0.576,0.496875,0.886979,0.990625,0.205208,yolo11m.pt,bonnet
train,mtsd__train__NpsB5gEpiYrH9roEGRzXMA.jpg,14,0.677,0.500391,0.825,0.996094,0.325,yolo11m.pt,bonnet
train,mtsd__train__NqIRKd1yUSmuVr_Q8xa3Jw.jpg,14,0.527,0.5,0.917708,0.996875,0.14375,yolo11m.pt,bonnet
train,mtsd__train__NQuThtL5DdhoS4HvwSTLFA.jpg,14,0.543,0.499219,0.9,0.996875,0.18125,yolo11m.pt,bonnet
train,mtsd__train__NReJSAXPjUX6WNHkHa6WuQ.jpg,31,0.729,0.877344,0.589583,0.046875,0.064583,yolo11m.pt,stop sign
train,mtsd__train__NRpnoshurWg_245cxX99Gg.jpg,14,0.83,0.5,0.855555,0.996875,0.266667,yolo11m.pt,bonnet
train,mtsd__train__nRq3DrQzf_NgqBMJL-aytg.jpg,14,0.545,0.500391,0.869271,0.994531,0.246875,yolo11m.pt,bonnet
train,mtsd__train__nRq3DrQzf_NgqBMJL-aytg.jpg,14,0.51,0.5,0.499479,1.0,0.998958,yolov8m-oiv7.pt,bonnet
train,mtsd__train__nTFE3EL5bx7oIlk1nTCNvg.jpg,14,0.628,0.500781,0.883333,0.995313,0.210417,yolo11m.pt,bonnet
train,mtsd__train__NTXKz5UMW8aJb650W6rEXQ.jpg,14,0.812,0.500391,0.876562,0.996094,0.230208,yolo11m.pt,bonnet
train,mtsd__train__nUbOh81B2bhfMLKA9Wsqrg.jpg,14,0.521,0.496875,0.920573,0.990625,0.127604,yolo11m.pt,bonnet
train,mtsd__train__NuUz2-An1JBCO-fo-_yKUg.jpg,14,0.658,0.5,0.501432,1.0,0.997135,yolov8m-oiv7.pt,bonnet
train,mtsd__train__nvCVdx732-B4PwQjc_nDeg.jpg,14,0.607,0.5,0.853646,0.995313,0.271875,yolo11m.pt,bonnet
train,mtsd__train__nvTAH9t6wy-Ji5-ZVC_Ebw.jpg,14,0.637,0.500781,0.496834,0.998438,0.988125,yolov8m-oiv7.pt,bonnet
train,mtsd__train__NVZwEB5pDAOzeX7wZ-c2SQ.jpg,14,0.796,0.486719,0.891667,0.971875,0.197917,yolo11m.pt,bonnet
train,mtsd__train__Nw14n5oEOJCWV_-UDvIadA.jpg,14,0.593,0.501563,0.834722,0.992188,0.302778,yolo11m.pt,bonnet
train,mtsd__train__Nw2m4QSDFOE8gj5Cy3xUIQ.jpg,31,0.765,0.882813,0.620833,0.021875,0.063889,yolo11m.pt,stop sign
train,mtsd__train__NWe7am1Y-8nKfuBbX2scBA.jpg,14,0.746,0.504297,0.895833,0.988281,0.189583,yolo11m.pt,bonnet
train,mtsd__train__nXaCv4XywWFVfrw8-8IjCg.jpg,14,0.729,0.500781,0.914583,0.998437,0.154167,yolo11m.pt,bonnet
train,mtsd__train__NxJBV_bDAfoLv63WwU8U9A.jpg,14,0.553,0.508984,0.921875,0.972656,0.1375,yolo11m.pt,bonnet
train,mtsd__train__NXk20qgS-3KdsTeMw6E9nQ.jpg,14,0.502,0.694531,0.938542,0.609375,0.108333,yolo11m.pt,bonnet
train,mtsd__train__nxou4BjOUTjxQBiFlbAi_g.jpg,14,0.676,0.500391,0.857292,0.996094,0.260417,yolo11m.pt,bonnet
train,mtsd__train__nxZ0PGKCa_sgxQsUGBEMsg.jpg,14,0.562,0.499219,0.502083,0.998437,0.99375,yolov8m-oiv7.pt,bonnet
train,mtsd__train__nZ2Tm8XOLHDMU_qc0nSXKQ.jpg,14,0.717,0.475391,0.930208,0.949219,0.122917,yolo11m.pt,bonnet
train,mtsd__train__nZzlFe1HeDxNmC9yTmYQ6g.jpg,14,0.555,0.5,0.5,1.0,1.0,yolov8m-oiv7.pt,bonnet
train,mtsd__train__o0CGxiYJQD-3UGhkztV0nw.jpg,14,0.839,0.5,0.866667,0.995313,0.247917,yolo11m.pt,bonnet
train,mtsd__train__O3L9Zq-30vsOL7FQ_meqJg.jpg,14,0.63,0.5,0.920573,0.996875,0.138021,yolo11m.pt,bonnet
train,mtsd__train__o4Zs_bROzb8jCHD0kb01zw.jpg,14,0.56,0.499219,0.877604,0.995313,0.223958,yolo11m.pt,bonnet
train,mtsd__train__o5lebXQ9KtiLDwN1T9suxw.jpg,14,0.686,0.500781,0.890625,0.995312,0.202083,yolo11m.pt,bonnet
train,mtsd__train__O65CHTeSu5Hv8Llg2g9WdA.jpg,14,0.783,0.402734,0.915625,0.805469,0.154167,yolo11m.pt,bonnet
train,mtsd__train__o8KJbFoZxVnpBcqGu7AMKg.jpg,14,0.83,0.499219,0.783333,0.995313,0.410417,yolo11m.pt,bonnet
train,mtsd__train__o8S9aLIrNRdzByXbvjxHMg.jpg,14,0.621,0.5,0.902083,0.995313,0.175,yolo11m.pt,bonnet
train,mtsd__train__o_9QZTCcKmqzjvYMG2hrQw.jpg,31,0.873,0.051953,0.601389,0.040918,0.069444,yolo11m.pt,stop sign
train,mtsd__train__o_pnzZyQAWxwLZqmVDZB_Q.jpg,14,0.856,0.5,0.885937,0.995313,0.209375,yolo11m.pt,bonnet
train,mtsd__train__Obkc67uY-mQ7iTsIAWxCJA.jpg,14,0.774,0.499219,0.864583,0.998438,0.252083,yolo11m.pt,bonnet
train,mtsd__train__Obkc67uY-mQ7iTsIAWxCJA.jpg,14,0.51,0.5,0.495313,1.0,0.990625,yolov8m-oiv7.pt,bonnet
train,mtsd__train__oBTjD9Xa6tVZxISg7a8Ohw.jpg,14,0.628,0.5,0.502995,1.0,0.99401,yolov8m-oiv7.pt,bonnet
train,mtsd__train__oCGd5LDerw7CzR4DWT6fmQ.jpg,14,0.643,0.5,0.497917,1.0,0.995833,yolov8m-oiv7.pt,bonnet
train,mtsd__train__Od_t1wfH7ogCZ9e8ohU4Bg.jpg,14,0.686,0.499219,0.839583,0.996875,0.302083,yolo11m.pt,bonnet
train,mtsd__train__odnwrc09YKk-2KsmmYzDCA.jpg,14,0.615,0.548828,0.881944,0.899219,0.211111,yolo11m.pt,bonnet
train,mtsd__train__OENb8BfFyAocFzHHM4Mehg.jpg,31,0.626,0.010651,0.455469,0.021252,0.054688,yolo11m.pt,stop sign
train,mtsd__train__OEocR8aa8tjwidKmJqDQeg.jpg,14,0.602,0.499609,0.904167,0.996094,0.16875,yolo11m.pt,bonnet
train,mtsd__train__OepLAo6wF0-wKj7H8lt0bQ.jpg,14,0.596,0.5,0.868056,0.996875,0.241667,yolo11m.pt,bonnet
train,mtsd__train__oG-0Up9w0hgdubqV1zi3WQ.jpg,14,0.535,0.500781,0.877778,0.995312,0.225,yolo11m.pt,bonnet
train,mtsd__train__OHsEFlldaHt-dINWhJ4N4w.jpg,14,0.504,0.498828,0.820833,0.996094,0.333333,yolo11m.pt,bonnet
train,mtsd__train__OIIT_NXcI0iwpzBK2HqqDQ.jpg,14,0.591,0.509375,0.960417,0.946875,0.0625,yolo11m.pt,bonnet
train,mtsd__train__OIOP_v7NlQukCLWN3I2MFQ.jpg,14,0.512,0.5,0.5,1.0,1.0,yolov8m-oiv7.pt,bonnet
train,mtsd__train__oiyAf9ARilG8wRpEzMA3jw.jpg,14,0.658,0.463672,0.822917,0.925781,0.333333,yolo11m.pt,bonnet
train,mtsd__train__oiyAf9ARilG8wRpEzMA3jw.jpg,14,0.606,0.5,0.501042,1.0,0.99375,yolov8m-oiv7.pt,bonnet
train,mtsd__train__oj_hujn8DAlK0ZKxnM_GHg.jpg,14,0.658,0.500781,0.903906,0.996875,0.175521,yolo11m.pt,bonnet
train,mtsd__train__OJhg5ONwCJXvLnewqvFmEQ.jpg,14,0.606,0.498828,0.929167,0.996094,0.120833,yolo11m.pt,bonnet
train,mtsd__train__oJph5RtcpB44_D-AhQJMYA.jpg,14,0.743,0.499609,0.872917,0.994531,0.235417,yolo11m.pt,bonnet
train,mtsd__train__oKopAdLpoovdAuGQOSJGGw.jpg,14,0.525,0.5,0.500521,1.0,0.994792,yolov8m-oiv7.pt,bonnet
train,mtsd__train__olM9uzo0P_8BNYjg-7SuCA.jpg,14,0.595,0.475,0.914583,0.946875,0.148611,yolo11m.pt,bonnet
train,mtsd__train__OlQV1ti4DHLsnz81mVAh-w.jpg,14,0.78,0.499609,0.893229,0.997656,0.194792,yolo11m.pt,bonnet
train,mtsd__train__OluFt0hv9XNyT1ZpDADY7A.jpg,31,0.676,0.025092,0.548958,0.039758,0.05,yolo11m.pt,stop sign
train,mtsd__train__OMNnFAc4Dwe0N5YqrO5d7Q.jpg,14,0.708,0.429688,0.8,0.857813,0.38125,yolo11m.pt,bonnet
train,mtsd__train__OmZbaaD7pNNnZuq5hR4qWQ.jpg,14,0.748,0.452344,0.882292,0.903125,0.214583,yolo11m.pt,bonnet
train,mtsd__train__on-r39XKERvez0Tv_iViKw.jpg,14,0.694,0.499219,0.914583,0.995313,0.152083,yolo11m.pt,bonnet
train,mtsd__train__oNJ1bCSq6XGnSoIj3ZbgNw.jpg,14,0.712,0.5,0.914583,0.995313,0.152083,yolo11m.pt,bonnet
train,mtsd__train__onjDtm9PAqKj62L1lvOVjg.jpg,14,0.765,0.500391,0.867188,0.996094,0.244792,yolo11m.pt,bonnet
train,mtsd__train__oNz2-jTx3fh_1HzX_7etTw.jpg,14,0.587,0.5,0.89375,0.996875,0.189583,yolo11m.pt,bonnet
train,mtsd__train__ooIHfLPROi1t3MaKMKwDRQ.jpg,14,0.595,0.498828,0.919792,0.996094,0.141667,yolo11m.pt,bonnet
train,mtsd__train__Ooj1vX0E-0L_dvzR45prCw.jpg,31,0.797,0.877344,0.53125,0.025,0.042708,yolo11m.pt,stop sign
train,mtsd__train__oou3ko4K4GOms1tsXJElVQ.jpg,14,0.662,0.5,0.897396,0.996875,0.186458,yolo11m.pt,bonnet
train,mtsd__train__oou3ko4K4GOms1tsXJElVQ.jpg,14,0.523,0.500391,0.567057,0.999219,0.865885,yolov8m-oiv7.pt,bonnet
train,mtsd__train__OPgXbB_Fwz93Oc6Em19NxA.jpg,14,0.664,0.499219,0.853646,0.99375,0.269792,yolo11m.pt,bonnet
train,mtsd__train__opljDbd3b0nYJe42SBWaNw.jpg,14,0.691,0.5,0.829167,0.996875,0.319444,yolo11m.pt,bonnet
train,mtsd__train__opMo6O6nvKaO2tREe-Slhw.jpg,14,0.583,0.494531,0.934375,0.989063,0.114583,yolo11m.pt,bonnet
train,mtsd__train__OqdZ4GzRedC2VsVPN7-dJg.jpg,14,0.666,0.500781,0.90625,0.996875,0.148438,yolo11m.pt,bonnet
train,mtsd__train__oQQnEpn3NjApLvyNLeeVPA.jpg,14,0.617,0.5,0.933333,0.996875,0.108333,yolo11m.pt,bonnet
train,mtsd__train__or0F26h6wRTQilgwvUwYCQ.jpg,14,0.674,0.494141,0.927083,0.986719,0.125,yolo11m.pt,bonnet
train,mtsd__train__oRGGcFrhdRk6glhZiB_A7A.jpg,14,0.527,0.499219,0.801389,0.998438,0.372222,yolo11m.pt,bonnet
train,mtsd__train__oRmcptrPXQR79QBZ2UFN7g.jpg,14,0.639,0.510938,0.922917,0.96875,0.135417,yolo11m.pt,bonnet
train,mtsd__train__OSG7joS9-XiSlpWXNEXLUg.jpg,14,0.739,0.498828,0.923611,0.996094,0.127778,yolo11m.pt,bonnet
train,mtsd__train__oT63_OIKUlwRxM9N3L3vkA.jpg,14,0.529,0.5,0.871875,0.996875,0.234375,yolo11m.pt,bonnet
train,mtsd__train__oT7OO9jjmGX5sas5FDCwdQ.jpg,14,0.761,0.500781,0.889583,0.995313,0.2,yolo11m.pt,bonnet
train,mtsd__train__oTSZaYL4T01ZvqeIuQGzbA.jpg,14,0.693,0.5,0.839583,0.996875,0.295833,yolo11m.pt,bonnet
train,mtsd__train__oTSZaYL4T01ZvqeIuQGzbA.jpg,14,0.591,0.5,0.502604,1.0,0.994792,yolov8m-oiv7.pt,bonnet
train,mtsd__train__oujQmCS0UXFZ5cW40x0kyg.jpg,31,0.553,0.150391,0.329167,0.020312,0.026042,yolo11m.pt,stop sign
train,mtsd__train__Ovbe110wb5Ulk_ADv60teg.jpg,14,0.621,0.498437,0.852604,0.995312,0.271875,yolo11m.pt,bonnet
train,mtsd__train__oVknBAgaw_Ex8F1ibqowIA.jpg,14,0.693,0.5,0.499306,1.0,0.998611,yolov8m-oiv7.pt,bonnet
train,mtsd__train__OVVsX3Zb3H2aA-lv-zc4Pw.jpg,14,0.797,0.498437,0.776042,0.995313,0.427083,yolo11m.pt,bonnet
train,mtsd__train__OWchPhNhiOgyg1_MvjvHXg.jpg,14,0.587,0.494531,0.952083,0.982813,0.079167,yolo11m.pt,bonnet
train,mtsd__train__Owh0I8nlYR--oSWgXGiXbw.jpg,14,0.688,0.500781,0.881944,0.995313,0.213889,yolo11m.pt,bonnet
train,mtsd__train__OwxgZ0x8mUhWPHMwGM60hw.jpg,14,0.518,0.496875,0.91875,0.992188,0.14375,yolo11m.pt,bonnet
train,mtsd__train__OxIAlu4UPfy0ikAtilsvow.jpg,31,0.623,0.015479,0.608333,0.030859,0.077083,yolo11m.pt,stop sign
train,mtsd__train__oYb_UqoSbmms718Nwj3-yQ.jpg,14,0.633,0.495703,0.926389,0.989844,0.127778,yolo11m.pt,bonnet
train,mtsd__train__oYX9NcPJ2Oc4ASX2bDoaiw.jpg,14,0.598,0.495313,0.902778,0.989062,0.172222,yolo11m.pt,bonnet
train,mtsd__train__oZFKGseBWxyA6vQPGEir7Q.jpg,14,0.606,0.5,0.864062,0.996875,0.248958,yolo11m.pt,bonnet
train,mtsd__train__oZFKGseBWxyA6vQPGEir7Q.jpg,14,0.58,0.5,0.502214,1.0,0.995573,yolov8m-oiv7.pt,bonnet
train,mtsd__train__OZQOUNcoZi4HmbMRHfFqKQ.jpg,14,0.623,0.499219,0.884375,0.996875,0.210417,yolo11m.pt,bonnet
train,mtsd__train__oZSLflvnM4860K-lt68vcA.jpg,14,0.583,0.499219,0.883333,0.995312,0.214583,yolo11m.pt,bonnet
train,mtsd__train__p-12RSeIRcOFPlliWv9i0w.jpg,14,0.831,0.417578,0.9125,0.835156,0.1625,yolo11m.pt,bonnet
train,mtsd__train__P-bPSUmARrQ_CZuugCLSMQ.jpg,14,0.591,0.500781,0.839063,0.996875,0.298958,yolo11m.pt,bonnet
train,mtsd__train__P-OaNeU8J42L45dQhLnhjA.jpg,14,0.658,0.5,0.846875,0.995312,0.283333,yolo11m.pt,bonnet
train,mtsd__train__p0Do6xz8sitflL2FHue1ug.jpg,14,0.686,0.5,0.91875,0.99375,0.141667,yolo11m.pt,bonnet
train,mtsd__train__P14zkDD-ivkbY00Bqq_rjQ.jpg,14,0.609,0.474219,0.903125,0.94375,0.172917,yolo11m.pt,bonnet
train,mtsd__train__p3OgZDSfc9fh3ZjuyDOnew.jpg,14,0.667,0.5,0.871875,0.995312,0.239583,yolo11m.pt,bonnet
train,mtsd__train__P3uwbgncW96RkcY72V3dFQ.jpg,14,0.606,0.491016,0.959375,0.675781,0.064583,yolo11m.pt,bonnet
train,mtsd__train__P3v4bTqwLRx1aItzzTqKrA.jpg,31,0.848,0.255078,0.203385,0.043359,0.064062,yolo11m.pt,stop sign
train,mtsd__train__P3v4bTqwLRx1aItzzTqKrA.jpg,14,0.521,0.499219,0.773958,0.996875,0.429167,yolo11m.pt,bonnet
train,mtsd__train__p50kujalQC3LB-njMqV9Nw.jpg,14,0.723,0.457031,0.930208,0.914062,0.120833,yolo11m.pt,bonnet
train,mtsd__train__p50kujalQC3LB-njMqV9Nw.jpg,14,0.623,0.500391,0.499479,0.999219,0.992708,yolov8m-oiv7.pt,bonnet
train,mtsd__train__p5x1l_xzTYHETarVxHp4mg.jpg,14,0.696,0.493359,0.951042,0.982031,0.083333,yolo11m.pt,bonnet
train,mtsd__train__P6jz2WSAKuvAI7NP6pS7Yg.jpg,14,0.762,0.484766,0.892708,0.967969,0.19375,yolo11m.pt,bonnet
train,mtsd__train__P6qY6EjfU2vzy0igI-LL0A.jpg,31,0.648,0.39082,0.472917,0.013281,0.017708,yolo11m.pt,stop sign
train,mtsd__train__P6SVNyRBXqddf4u33ljEbg.jpg,31,0.662,0.08457,0.680556,0.014063,0.030556,yolo11m.pt,stop sign
train,mtsd__train__p6uOGdiqGlIWqmKR00KBvg.jpg,14,0.606,0.5,0.85625,0.996875,0.264583,yolo11m.pt,bonnet
train,mtsd__train__p9gV1RFPqTkczRFazkCN2A.jpg,14,0.621,0.501953,0.913889,0.996094,0.144444,yolo11m.pt,bonnet
train,mtsd__train__p9lclWXBUMybQ6vrKr63fw.jpg,31,0.568,0.376172,0.6375,0.017969,0.029167,yolo11m.pt,stop sign
train,mtsd__train__P_M5hyo1bYP0iHkRtWatfQ.jpg,14,0.593,0.5,0.497917,1.0,0.995833,yolov8m-oiv7.pt,bonnet
train,mtsd__train__paU2v0zZOIwSg0rfmjEGTQ.jpg,31,0.683,0.147266,0.521875,0.024609,0.035417,yolo11m.pt,stop sign
train,mtsd__train__pb0bhzO_3EJA43JuKE7ZMA.jpg,14,0.557,0.5,0.501172,1.0,0.997656,yolov8m-oiv7.pt,bonnet
train,mtsd__train__pBdRSlILnESsQXZJxj1Pgw.jpg,31,0.871,0.944531,0.558333,0.04375,0.069444,yolo11m.pt,stop sign
train,mtsd__train__pbEUXe9hrA2G6raZnxcVlw.jpg,31,0.709,0.142187,0.363021,0.040625,0.053125,yolo11m.pt,stop sign
train,mtsd__train__pCg9HrUmUoI47AHMVQcHEw.jpg,14,0.709,0.500391,0.904427,0.996094,0.174479,yolo11m.pt,bonnet
train,mtsd__train__pCtdcEpAhZiq8ODJu5drxw.jpg,14,0.683,0.492969,0.898958,0.985937,0.18125,yolo11m.pt,bonnet
train,mtsd__train__pdw2CkJTvAYLBRA6V12YfQ.jpg,14,0.502,0.5,0.503993,1.0,0.989236,yolov8m-oiv7.pt,bonnet
train,mtsd__train__pE91GC_sxlnP318p50qOIw.jpg,31,0.723,0.333594,0.567188,0.044531,0.0625,yolo11m.pt,stop sign
train,mtsd__train__pGb69aU9z2g-IKXV5LXRdA.jpg,14,0.701,0.500391,0.886111,0.996094,0.208333,yolo11m.pt,bonnet
train,mtsd__train__pGdXicixEStF28R9ct9Thg.jpg,14,0.596,0.499609,0.867708,0.994531,0.241667,yolo11m.pt,bonnet
train,mtsd__train__pGdXicixEStF28R9ct9Thg.jpg,14,0.506,0.499609,0.500911,0.999219,0.998177,yolov8m-oiv7.pt,bonnet
train,mtsd__train__pigSquevEFuLZ6l_PUXeyA.jpg,14,0.619,0.499609,0.913889,0.994531,0.147222,yolo11m.pt,bonnet
train,mtsd__train__pjkeatQTGWJEMZgQcerw2Q.jpg,14,0.689,0.5,0.915625,0.992188,0.147917,yolo11m.pt,bonnet
train,mtsd__train__Pkz8gKy1Dp0ddFMEDc6r0Q.jpg,14,0.539,0.499219,0.921875,0.995313,0.119792,yolo11m.pt,bonnet
train,mtsd__train__PLlpJoEAei5eXyVVm7pnhQ.jpg,14,0.587,0.5,0.5,1.0,0.995833,yolov8m-oiv7.pt,bonnet
train,mtsd__train__pLWiaMT5VQqcljyXo6cPAA.jpg,14,0.693,0.597656,0.903125,0.801563,0.179167,yolo11m.pt,bonnet
train,mtsd__train__pm1L6Cm8wFb8OIzSDjZEHw.jpg,14,0.816,0.337109,0.919792,0.671875,0.139583,yolo11m.pt,bonnet
train,mtsd__train__PnGMzSokjx_mR40CGK9i0g.jpg,31,0.727,0.3875,0.429688,0.022656,0.055208,yolo11m.pt,stop sign
train,mtsd__train__PNrx4rtNsI8ZttVA3Llmwg.jpg,14,0.604,0.489063,0.923611,0.975,0.130556,yolo11m.pt,bonnet
train,mtsd__train__PogSC2g0MSYxQX6ezoMEpg.jpg,31,0.734,0.452344,0.603472,0.010937,0.051389,yolo11m.pt,stop sign
train,mtsd__train__polbLoLlCml1CsDi3hjQpg.jpg,14,0.719,0.500781,0.888889,0.995312,0.201389,yolo11m.pt,bonnet
train,mtsd__train__polbLoLlCml1CsDi3hjQpg.jpg,14,0.518,0.5,0.499306,1.0,0.998611,yolov8m-oiv7.pt,bonnet
train,mtsd__train__Pozpbppwr5TVl87-Jq5QLA.jpg,14,0.88,0.534375,0.927083,0.7875,0.129167,yolo11m.pt,bonnet
train,mtsd__train__PpjUnYfO32s08ou07BCQVQ.jpg,14,0.589,0.5,0.499479,1.0,0.998958,yolov8m-oiv7.pt,bonnet
train,mtsd__train__PPmjxvHFYNn0cBU5KDg-rA.jpg,31,0.543,0.928125,0.777083,0.0125,0.019444,yolo11m.pt,stop sign
train,mtsd__train__PpNazmjE_x98JaM5dMW81w.jpg,14,0.537,0.5,0.500521,1.0,0.998958,yolov8m-oiv7.pt,bonnet
train,mtsd__train__ppPaleH3ysTNcpwwtHOcAw.jpg,14,0.558,0.5,0.899479,0.995313,0.184375,yolo11m.pt,bonnet
train,mtsd__train__ppRYIZS3v1tE9Nz3c5gmRw.jpg,14,0.611,0.500781,0.904167,0.995313,0.175,yolo11m.pt,bonnet
train,mtsd__train__Pq6tlGCVV7sdy4Jy9y2_TA.jpg,14,0.731,0.507812,0.742188,0.98125,0.490625,yolo11m.pt,bonnet
train,mtsd__train__PQJ37T4CdyaywrDrXCUCgw.jpg,14,0.874,0.509375,0.521528,0.978125,0.925,yolo11m.pt,bonnet
train,mtsd__train__pRAoSijG6LvMcIJliG0QpQ.jpg,14,0.706,0.5,0.917708,0.996875,0.147917,yolo11m.pt,bonnet
train,mtsd__train__PRtYRWsyPtb3S8sOyOCsQQ.jpg,31,0.547,0.100977,0.502083,0.013281,0.027083,yolo11m.pt,stop sign
train,mtsd__train__PRtYRWsyPtb3S8sOyOCsQQ.jpg,14,0.51,0.500781,0.879167,0.996875,0.225,yolo11m.pt,bonnet
train,mtsd__train__PSik_BXCXIQ-SUs77yUljw.jpg,14,0.621,0.499219,0.7625,0.998438,0.447222,yolo11m.pt,bonnet
train,mtsd__train__PSP7JwZL4cJoLz0qdwUAxQ.jpg,14,0.564,0.5,0.498958,1.0,0.997917,yolov8m-oiv7.pt,bonnet
train,mtsd__train__ptH6KcPqHhxJc8kOB1xthQ.jpg,14,0.749,0.499219,0.889583,0.995313,0.202083,yolo11m.pt,bonnet
train,mtsd__train__PTwCRC6aPnI3BaYVm2Dqqw.jpg,14,0.539,0.499219,0.918489,0.995313,0.142187,yolo11m.pt,bonnet
train,mtsd__train__pUXCSbq7nUO1Cx4y4YZl_Q.jpg,31,0.516,0.127637,0.558333,0.019922,0.027083,yolo11m.pt,stop sign
train,mtsd__train__PV4fRbUukG9V6Bq36HEKJw.jpg,14,0.749,0.5,0.857813,0.996875,0.263542,yolo11m.pt,bonnet
train,mtsd__train__pVBDDo2vo6EfG2U770YqFg.jpg,14,0.772,0.500391,0.889583,0.996094,0.202083,yolo11m.pt,bonnet
train,mtsd__train__PvT33eattinmBnkxQT3GeA.jpg,14,0.679,0.507422,0.875521,0.982031,0.232292,yolo11m.pt,bonnet
train,mtsd__train__PwGEeDQ5Xm_HmuqgL5cJow.jpg,14,0.742,0.500781,0.90599,0.995312,0.167187,yolo11m.pt,bonnet
train,mtsd__train__PWgGBnMadWWqt0B3jAMJJg.jpg,14,0.794,0.5,0.739063,0.998438,0.4875,yolo11m.pt,bonnet
train,mtsd__train__Pwmr4FLYWFixVM54SYcGrg.jpg,14,0.837,0.500781,0.890104,0.995312,0.203125,yolo11m.pt,bonnet
train,mtsd__train__PxLa9-ZMltojDG3u4hD30g.jpg,14,0.625,0.5,0.866146,0.99375,0.246875,yolo11m.pt,bonnet
train,mtsd__train__PXxyBqALt2BwoDdbChk46w.jpg,14,0.667,0.625098,0.92474,0.745117,0.133854,yolo11m.pt,bonnet
train,mtsd__train__Py1jK63RYpynXUkFf9_SAg.jpg,14,0.722,0.5,0.89375,0.996875,0.191667,yolo11m.pt,bonnet
train,mtsd__train__Py_MLuqF0AMO1A0ZTD6gBw.jpg,14,0.808,0.458594,0.93125,0.917188,0.11875,yolo11m.pt,bonnet
train,mtsd__train__PYbQr59lY2wpQVHOdrKCow.jpg,14,0.672,0.499219,0.896875,0.995313,0.183333,yolo11m.pt,bonnet
train,mtsd__train__pYGCEffPY_z8DPdw8FLPQg.jpg,14,0.749,0.460156,0.929861,0.917188,0.118056,yolo11m.pt,bonnet
train,mtsd__train__pzVKEtWB5cJiGZmOYCCkpg.jpg,14,0.672,0.5,0.922917,0.996875,0.1375,yolo11m.pt,bonnet
train,mtsd__train__Q-pq3RVx6FA9l1fl9bn51A.jpg,14,0.674,0.5,0.504861,1.0,0.981944,yolov8m-oiv7.pt,bonnet
train,mtsd__train__q10w5oSzG5DhgeHxenVQ4Q.jpg,14,0.664,0.499219,0.954167,0.995313,0.075,yolo11m.pt,bonnet
train,mtsd__train__q11J5YetqQ47tKR88TIIow.jpg,14,0.743,0.499609,0.930208,0.997656,0.120833,yolo11m.pt,bonnet
train,mtsd__train__q2jTT3czwnf-HHAyIKMzbw.jpg,14,0.886,0.5,0.800521,0.995313,0.378125,yolo11m.pt,bonnet
train,mtsd__train__Q2sWrMrImNlWEXqQOgJrsA.jpg,14,0.537,0.499219,0.945833,0.995313,0.0875,yolo11m.pt,bonnet
train,mtsd__train__q364E3pNLBc0jylLwjXY-g.jpg,14,0.557,0.5,0.501562,1.0,0.996875,yolov8m-oiv7.pt,bonnet
train,mtsd__train__Q3l-waN2q3y7TLNvlT5fhw.jpg,14,0.564,0.499219,0.707292,0.998437,0.560417,yolo11m.pt,bonnet
train,mtsd__train__q4bkCqAzJ8QAKKxRRqKtbg.jpg,14,0.84,0.5,0.857639,0.996875,0.2625,yolo11m.pt,bonnet
train,mtsd__train__q4xNIE8i68q1pfBLbxhtfA.jpg,31,0.547,0.19707,0.408333,0.028125,0.041667,yolo11m.pt,stop sign
train,mtsd__train__q5raLjnJhMmTwe5csoFW_Q.jpg,14,0.562,0.500781,0.917708,0.995312,0.145833,yolo11m.pt,bonnet
train,mtsd__train__Q5TiM8-P6e_bDWXYIMxLag.jpg,14,0.589,0.446094,0.928906,0.889063,0.121354,yolo11m.pt,bonnet
train,mtsd__train__q6JdHMbh2TuNzF7RoyMNsw.jpg,14,0.628,0.4875,0.88125,0.975,0.21875,yolo11m.pt,bonnet
train,mtsd__train__q6Wq6FCHL59I-RDwLkHOYQ.jpg,14,0.535,0.507031,0.717187,0.982812,0.553125,yolo11m.pt,bonnet
train,mtsd__train__q7MNfOWOEY6z67tUsOCVMQ.jpg,14,0.527,0.5,0.917708,0.99375,0.145833,yolo11m.pt,bonnet
train,mtsd__train__Q7rGkBFbzfKZMqg9sQpbEA.jpg,14,0.598,0.500781,0.889062,0.995313,0.201042,yolo11m.pt,bonnet
train,mtsd__train__q8_A5R1_YaZwRgy7vQWTJQ.jpg,31,0.635,0.051123,0.341146,0.030273,0.044792,yolo11m.pt,stop sign
train,mtsd__train__q8b5YKxqY_Ck6ry-E9PJuA.jpg,14,0.637,0.500781,0.867708,0.995312,0.241667,yolo11m.pt,bonnet
train,mtsd__train__q94ivCFV-tYH_v9mDroyDQ.jpg,14,0.525,0.504688,0.868056,0.9875,0.205556,yolo11m.pt,bonnet
train,mtsd__train__QA9dnVjruL1VoIi1UERjng.jpg,14,0.626,0.501172,0.858333,0.994531,0.260417,yolo11m.pt,bonnet
train,mtsd__train__qACqTi0wzamBX9tM4WuXiQ.jpg,14,0.791,0.5,0.895833,0.996875,0.191667,yolo11m.pt,bonnet
train,mtsd__train__QawAvmD_7MSMghjIPLDMHQ.jpg,31,0.691,0.676562,0.4625,0.017187,0.0375,yolo11m.pt,stop sign
train,mtsd__train__qayHnrqCREh8x7IH99Q-nQ.jpg,14,0.51,0.5,0.905208,0.996875,0.164583,yolo11m.pt,bonnet
train,mtsd__train__qbg_2hYivgxjwMrbjNzvKA.jpg,14,0.613,0.499609,0.908333,0.997656,0.1625,yolo11m.pt,bonnet
train,mtsd__train__qbjcsIx3MMw9nMmM_AYDUw.jpg,14,0.628,0.500781,0.886111,0.995313,0.211111,yolo11m.pt,bonnet
train,mtsd__train__QCaINvP5Q_n7D3AoMsCvjg.jpg,14,0.606,0.5,0.877604,0.995313,0.226562,yolo11m.pt,bonnet
train,mtsd__train__Qcy5Gje4hvrmWlxs-eDCRQ.jpg,14,0.641,0.499219,0.883333,0.995313,0.208333,yolo11m.pt,bonnet
train,mtsd__train__Qcy5Gje4hvrmWlxs-eDCRQ.jpg,14,0.602,0.500391,0.498438,0.999219,0.996875,yolov8m-oiv7.pt,bonnet
train,mtsd__train__qd9vJb4CXGb0OmxjfKKgaQ.jpg,14,0.791,0.500391,0.905208,0.996094,0.175,yolo11m.pt,bonnet
train,mtsd__train__QDBIEcp-k_QR5Nze8qjGSg.jpg,14,0.736,0.576172,0.881771,0.844531,0.213542,yolo11m.pt,bonnet
train,mtsd__train__QdCWw7I_2TFX4ZhuRD3tAg.jpg,14,0.708,0.5,0.885417,0.995312,0.210417,yolo11m.pt,bonnet
train,mtsd__train__QdIlDDHDfCh-UrArWwYPZg.jpg,31,0.752,0.463281,0.374479,0.020312,0.029167,yolo11m.pt,stop sign
train,mtsd__train__QDipopo7mTRDFEVWZPXWBg.jpg,14,0.644,0.496875,0.897917,0.99375,0.185417,yolo11m.pt,bonnet
train,mtsd__train__QDO-9fN0eJbytr5usKwb0w.jpg,14,0.723,0.585938,0.93724,0.821875,0.104688,yolo11m.pt,bonnet
train,mtsd__train__QDPUuCa8J_BX2OcS-2uLDA.jpg,14,0.568,0.500781,0.9125,0.992188,0.15625,yolo11m.pt,bonnet
train,mtsd__train__qErWdLHS8VnDyApu6M4smg.jpg,14,0.562,0.499219,0.930208,0.996875,0.11875,yolo11m.pt,bonnet
train,mtsd__train__qF5yNyF-PV-UtZ3xxwdamg.jpg,14,0.602,0.496094,0.941667,0.989062,0.097222,yolo11m.pt,bonnet
train,mtsd__train__qFb3603XFsViW49woKyFiA.jpg,14,0.583,0.478906,0.951042,0.954687,0.08125,yolo11m.pt,bonnet
train,mtsd__train__QFrANj1Ja1QGHE4vw-RbBQ.jpg,14,0.562,0.572656,0.95,0.851563,0.079167,yolo11m.pt,bonnet
train,mtsd__train__qFSw6SHcT83E4588OiESrg.jpg,14,0.595,0.5,0.498958,1.0,0.997917,yolov8m-oiv7.pt,bonnet
train,mtsd__train__qFxY4HuaXeTjkCcmAP4zWg.jpg,14,0.74,0.499219,0.89375,0.995313,0.189583,yolo11m.pt,bonnet
train,mtsd__train__qgi4br7cRLTKTjKsSWLT2w.jpg,14,0.609,0.5,0.499089,1.0,0.99349,yolov8m-oiv7.pt,bonnet
train,mtsd__train__QGJg5nhehCQB53cQHM575g.jpg,14,0.689,0.586719,0.859896,0.825,0.263542,yolo11m.pt,bonnet
train,mtsd__train__QhMq657cqzlr-0oki4J8dA.jpg,14,0.514,0.5,0.499479,1.0,0.998958,yolov8m-oiv7.pt,bonnet
train,mtsd__train__Qi1cxIc46JWQ97wJhFzRyQ.jpg,14,0.598,0.500781,0.817708,0.995312,0.339583,yolo11m.pt,bonnet
train,mtsd__train__QIdETwBc9-jgDa7PtoyPMw.jpg,31,0.896,0.967188,0.260417,0.065625,0.231944,yolo11m.pt,stop sign
train,mtsd__train__Qilc3HY3Cdsb_VWQBCyJpw.jpg,14,0.591,0.503125,0.9375,0.9875,0.105556,yolo11m.pt,bonnet
train,mtsd__train__Qilc3HY3Cdsb_VWQBCyJpw.jpg,14,0.516,0.5,0.502778,1.0,0.991667,yolov8m-oiv7.pt,bonnet
train,mtsd__train__QkOBriiyoZIA0S2iE7L5rg.jpg,31,0.613,0.517969,0.676042,0.010938,0.014583,yolo11m.pt,stop sign
train,mtsd__train__ql6cdFEf9P1b90FT9m4Mtw.jpg,14,0.633,0.499609,0.9,0.994531,0.179167,yolo11m.pt,bonnet
train,mtsd__train__ql_yVNG6gmrqPFzJM8lZDQ.jpg,14,0.781,0.499609,0.91875,0.996094,0.145833,yolo11m.pt,bonnet
train,mtsd__train__qldWOeOeuX-CazIGK-FIRg.jpg,14,0.621,0.500781,0.498437,0.998438,0.996875,yolov8m-oiv7.pt,bonnet
train,mtsd__train__qM2JuH9DMQcKATyTul6c0Q.jpg,14,0.715,0.5,0.891146,0.996875,0.190625,yolo11m.pt,bonnet
train,mtsd__train__Qm6EAoTtuvATLblUJ9aDdQ.jpg,14,0.617,0.498437,0.834375,0.995313,0.308333,yolo11m.pt,bonnet
train,mtsd__train__QngrhZQxTtm4A5bQpVXpVQ.jpg,14,0.641,0.496875,0.913889,0.992188,0.15,yolo11m.pt,bonnet
train,mtsd__train__qNXWifkzOgMPolbUo73A-g.jpg,14,0.527,0.5,0.498958,1.0,0.997917,yolov8m-oiv7.pt,bonnet
train,mtsd__train__QoD1ainVdF9gcfX25rhLoA.jpg,14,0.512,0.500781,0.896354,0.998438,0.180208,yolo11m.pt,bonnet
train,mtsd__train__QogfObMSwn_-1FdjsECzgQ.jpg,31,0.512,0.720313,0.640625,0.040625,0.058333,yolo11m.pt,stop sign
train,mtsd__train__qolPAq7JGsUfQTQMIDL4tg.jpg,14,0.566,0.497656,0.866146,0.992187,0.248958,yolo11m.pt,bonnet
train,mtsd__train__QPcgQSfLoj8JCE0EMyiukw.jpg,14,0.572,0.5,0.50625,1.0,0.9875,yolov8m-oiv7.pt,bonnet
train,mtsd__train__QPcgQSfLoj8JCE0EMyiukw.jpg,14,0.555,0.499219,0.929167,0.996875,0.120833,yolo11m.pt,bonnet
train,mtsd__train__QPKqplk9loeZXkgj4S_j-A.jpg,14,0.535,0.499609,0.900694,0.994531,0.175,yolo11m.pt,bonnet
train,mtsd__train__QPKqplk9loeZXkgj4S_j-A.jpg,14,0.512,0.489063,0.498611,0.978125,0.997222,yolov8m-oiv7.pt,bonnet
train,mtsd__train__QpwDqMjDWf8shUJWvazcBw.jpg,14,0.698,0.511719,0.882292,0.973437,0.21875,yolo11m.pt,bonnet
train,mtsd__train__QqLEpjHYp3vSB8Qk1ZHBqQ.jpg,14,0.693,0.499219,0.897917,0.998438,0.179167,yolo11m.pt,bonnet
train,mtsd__train__QR2QI92gjUNGX2Ci5s37dA.jpg,14,0.717,0.499219,0.919792,0.99375,0.141667,yolo11m.pt,bonnet
train,mtsd__train__Qr_LFxPsNEx__NPbJNYxyA.jpg,14,0.74,0.5,0.855556,0.996875,0.263889,yolo11m.pt,bonnet
train,mtsd__train__Qr_LFxPsNEx__NPbJNYxyA.jpg,14,0.677,0.5,0.500694,1.0,0.998611,yolov8m-oiv7.pt,bonnet
train,mtsd__train__QRFs3qaNP83UBSz27d-Xpg.jpg,14,0.727,0.425781,0.915625,0.851563,0.147917,yolo11m.pt,bonnet
train,mtsd__train__QRgNEPzvNZaK89pFcKPPBA.jpg,14,0.693,0.5,0.855208,0.99375,0.266667,yolo11m.pt,bonnet
train,mtsd__train__QrORyJGZke6PRV-gu2wZ3w.jpg,14,0.516,0.500781,0.761719,0.995313,0.440625,yolo11m.pt,bonnet
train,mtsd__train__QROWAYqS0Kq32BtoJFIpvw.jpg,31,0.688,0.016141,0.448958,0.020209,0.022917,yolo11m.pt,stop sign
train,mtsd__train__Qt-wwD3wtkh7Grx3CzoWSA.jpg,14,0.686,0.500391,0.5,0.999219,1.0,yolov8m-oiv7.pt,bonnet
train,mtsd__train__QT-ZCa_xlX_geJzMd6rQcw.jpg,31,0.533,0.349609,0.577083,0.014063,0.01875,yolo11m.pt,stop sign
train,mtsd__train__QUUcP1vN7cFCBklSo5eLfA.jpg,14,0.613,0.498438,0.873958,0.996875,0.227083,yolo11m.pt,bonnet
train,mtsd__train__QWfLa0qhDURnkc-ZNS47RQ.jpg,14,0.566,0.499219,0.902778,0.998437,0.175,yolo11m.pt,bonnet
train,mtsd__train__qwJWhUiRKjE2G3G0r4JV6g.jpg,14,0.535,0.5,0.919792,0.996875,0.125,yolo11m.pt,bonnet
train,mtsd__train__qWP9dnJFkSXEy3ZKiOPULQ.jpg,14,0.78,0.5,0.908594,0.996875,0.170313,yolo11m.pt,bonnet
train,mtsd__train__QWUNX_X1nM16bEDy_dzXkg.jpg,14,0.765,0.498438,0.894271,0.99375,0.190625,yolo11m.pt,bonnet
train,mtsd__train__QxgjVoCMzpWQ_PQ3vfeaqw.jpg,14,0.557,0.501563,0.94375,0.984375,0.091667,yolo11m.pt,bonnet
train,mtsd__train__qyfmxIDBpf_4XXOLpq4-ZA.jpg,14,0.648,0.499609,0.89821,0.996094,0.18382,yolo11m.pt,bonnet
train,mtsd__train__qYpN6e7DuI3yI5RDO0oOEQ.jpg,31,0.604,0.286719,0.509722,0.020313,0.038889,yolo11m.pt,stop sign
train,mtsd__train__qYpN6e7DuI3yI5RDO0oOEQ.jpg,14,0.583,0.500781,0.499306,0.998438,0.998611,yolov8m-oiv7.pt,bonnet
train,mtsd__train__qYpN6e7DuI3yI5RDO0oOEQ.jpg,14,0.518,0.499219,0.869444,0.995312,0.241667,yolo11m.pt,bonnet
train,mtsd__train__QZSV9e9Pi64itpbA48klBA.jpg,14,0.504,0.497656,0.789062,0.990625,0.390625,yolo11m.pt,bonnet
train,mtsd__train__R-fV18XuEpvET9rXRVc3Ow.jpg,14,0.643,0.499219,0.93125,0.99375,0.116667,yolo11m.pt,bonnet
train,mtsd__train__R-FwgvwWnrZYx6J_ne8mFA.jpg,14,0.722,0.5,0.886111,0.99375,0.202778,yolo11m.pt,bonnet
train,mtsd__train__R1Jx1F-HtnQWdQ2Y8u-z0A.jpg,14,0.789,0.500781,0.928125,0.996875,0.122917,yolo11m.pt,bonnet
train,mtsd__train__R1WQbmyFC8BCNHXGXRNb8Q.jpg,14,0.843,0.500391,0.876042,0.992969,0.23125,yolo11m.pt,bonnet
train,mtsd__train__r38Sg-2Su6_lH9Z9He-M4w.jpg,14,0.769,0.499609,0.891927,0.997656,0.190104,yolo11m.pt,bonnet
train,mtsd__train__R4b4NM6U1JcW-rwpqZFlMg.jpg,14,0.922,0.607812,0.8875,0.78125,0.208333,yolo11m.pt,bonnet
train,mtsd__train__r4sBGZssCH53VV-vzMdWKQ.jpg,14,0.657,0.497656,0.945833,0.989062,0.091667,yolo11m.pt,bonnet
train,mtsd__train__r5k4-hWNSRpOqU_qytnNJw.jpg,14,0.564,0.403125,0.928125,0.80625,0.122917,yolo11m.pt,bonnet
train,mtsd__train__r5l6v9WbH557rSg_3Nse_A.jpg,14,0.533,0.500781,0.916667,0.998438,0.141667,yolo11m.pt,bonnet
train,mtsd__train__r5VHmQPD0QVu8A9DN3awqw.jpg,14,0.602,0.5,0.503646,0.998438,0.986458,yolov8m-oiv7.pt,bonnet
train,mtsd__train__r8C18m37RoNQFs1GXhCVHQ.jpg,14,0.714,0.499219,0.9125,0.996875,0.158333,yolo11m.pt,bonnet
train,mtsd__train__r8Op3xZbWwqQG5dxLzkhmg.jpg,14,0.527,0.5,0.917708,0.995313,0.14375,yolo11m.pt,bonnet
train,mtsd__train__r9dDuSxsIgZsr5DGJre8GQ.jpg,14,0.514,0.603027,0.91224,0.792383,0.158854,yolo11m.pt,bonnet
train,mtsd__train__r_JK3SCnK4vvIyDC7KilwA.jpg,31,0.611,0.109204,0.344792,0.026514,0.034375,yolo11m.pt,stop sign
train,mtsd__train__RA4kqmkeJtbgQnUYBB2Kpg.jpg,14,0.595,0.5,0.509896,1.0,0.977431,yolov8m-oiv7.pt,bonnet
train,mtsd__train__RA4kqmkeJtbgQnUYBB2Kpg.jpg,14,0.543,0.5,0.822222,0.996875,0.330556,yolo11m.pt,bonnet
train,mtsd__train__rANo3Z1eq01JFgcHWqAN3g.jpg,14,0.518,0.499609,0.889583,0.994531,0.202083,yolo11m.pt,bonnet
train,mtsd__train__RAZjkRHPPdsrXU2pNayE_A.jpg,14,0.591,0.5,0.915625,0.996875,0.147917,yolo11m.pt,bonnet
train,mtsd__train__rc9LdBepE0poopEd39CCnw.jpg,14,0.958,0.616016,0.839062,0.764844,0.305208,yolo11m.pt,bonnet
train,mtsd__train__RCA9_R1JYyuPi8xPY5ajgQ.jpg,14,0.589,0.5,0.898958,0.996875,0.177083,yolo11m.pt,bonnet
train,mtsd__train__RCQCG5c3Zu-1tt3XImICYQ.jpg,14,0.739,0.496094,0.910156,0.992188,0.163021,yolo11m.pt,bonnet
train,mtsd__train__RcYj24OoY0O63ozYFMVHEw.jpg,14,0.829,0.5,0.907292,0.996875,0.16875,yolo11m.pt,bonnet
train,mtsd__train__RD6wo1Sj6xZz_w6r9q1xZw.jpg,14,0.876,0.499609,0.792708,0.996094,0.3875,yolo11m.pt,bonnet
train,mtsd__train__RD6wo1Sj6xZz_w6r9q1xZw.jpg,14,0.502,0.500781,0.500521,0.998438,0.998958,yolov8m-oiv7.pt,bonnet
train,mtsd__train__rDClefo8F2GAG54TEjXvDA.jpg,14,0.789,0.496094,0.932292,0.989062,0.109375,yolo11m.pt,bonnet
train,mtsd__train__Rdg_BSuUiILuOY6r-xB5xA.jpg,14,0.666,0.502734,0.881944,0.991406,0.211111,yolo11m.pt,bonnet
train,mtsd__train__RDWlzDcg9sNO6RmFiB_Atg.jpg,14,0.865,0.533203,0.927344,0.788281,0.132812,yolo11m.pt,bonnet
train,mtsd__train__Re3wucUK3pZezmkrYPvY8g.jpg,14,0.543,0.438281,0.935417,0.873438,0.108333,yolo11m.pt,bonnet
train,mtsd__train__REAcxk752S3BfeEW48XiXQ.jpg,14,0.633,0.5,0.802604,0.996875,0.371875,yolo11m.pt,bonnet
train,mtsd__train__ReNqFEmglJLeyc4I_mj2xw.jpg,14,0.635,0.5,0.904427,0.996875,0.174479,yolo11m.pt,bonnet
train,mtsd__train__rfGfh7BQonwTWZLMnt103A.jpg,14,0.566,0.500391,0.914062,0.994531,0.138021,yolo11m.pt,bonnet
train,mtsd__train__RFMKQE_gTB8WgaMB12t6xQ.jpg,14,0.525,0.5,0.504687,1.0,0.990625,yolov8m-oiv7.pt,bonnet
train,mtsd__train__rG9dfUmkTR1OQNK9Wl-l_g.jpg,14,0.506,0.415234,0.930556,0.825781,0.116667,yolo11m.pt,bonnet
train,mtsd__train__rgF1nNNMU_dKTj2ZLfBqqQ.jpg,14,0.669,0.500781,0.904167,0.995312,0.172917,yolo11m.pt,bonnet
train,mtsd__train__RGugxIDQ75IpGEha7SSs3Q.jpg,14,0.521,0.644141,0.957292,0.707031,0.070833,yolo11m.pt,bonnet
train,mtsd__train__RhDyYRS3y8SpFi5MoMj1zw.jpg,31,0.635,0.175,0.604167,0.021289,0.033333,yolo11m.pt,stop sign
train,mtsd__train__RI1yZswGgVVGL-_hRrg_OQ.jpg,14,0.815,0.499609,0.897917,0.996094,0.1875,yolo11m.pt,bonnet
train,mtsd__train__ric2jBr9pDj4DJ31akUapQ.jpg,14,0.574,0.500781,0.861458,0.996875,0.252083,yolo11m.pt,bonnet
train,mtsd__train__RJAXJfh8o_Ku0YIPCZU1yA.jpg,14,0.743,0.499219,0.825,0.996875,0.329167,yolo11m.pt,bonnet
train,mtsd__train__RjEVGvZQfN2vqyJi9WxY3g.jpg,14,0.67,0.499219,0.932745,0.998438,0.113488,yolo11m.pt,bonnet
train,mtsd__train__RkFRLdntmkJE0MH9w1-Zdg.jpg,31,0.703,0.188086,0.378646,0.026953,0.035417,yolo11m.pt,stop sign
train,mtsd__train__RlnnBB762rdUB6zqS8CBSg.jpg,14,0.71,0.5,0.851562,0.996875,0.276042,yolo11m.pt,bonnet
train,mtsd__train__RLsX0LwFmzFDS1twnisN2w.jpg,14,0.547,0.499609,0.830555,0.994531,0.313889,yolo11m.pt,bonnet
train,mtsd__train__rm1A45elzauFK9GbC9ijIg.jpg,14,0.611,0.499219,0.90625,0.998438,0.161458,yolo11m.pt,bonnet
train,mtsd__train__RmNWzbNq53OTQLEB1aJAVw.jpg,14,0.845,0.499609,0.926042,0.997656,0.127083,yolo11m.pt,bonnet
train,mtsd__train__RmtyJnPNSqubPCHv5bpSsg.jpg,14,0.666,0.598438,0.848958,0.8,0.285417,yolo11m.pt,bonnet
train,mtsd__train__RMz3Z2sZ7Ase9ji4yOGhOA.jpg,31,0.799,0.238672,0.534375,0.0375,0.05,yolo11m.pt,stop sign
train,mtsd__train__RnbDtk9v8I4bjcPToSkfMQ.jpg,31,0.729,0.853125,0.741667,0.021875,0.059722,yolo11m.pt,stop sign
train,mtsd__train__rOGmYVmKQh40IQYqWYUOFg.jpg,14,0.591,0.507812,0.903472,0.98125,0.176389,yolo11m.pt,bonnet
train,mtsd__train__rOryGadAuXGL1vlmSzW4PA.jpg,14,0.56,0.517969,0.927083,0.959375,0.127083,yolo11m.pt,bonnet
train,mtsd__train__rqdqHsHQbeRxcSeHwrBmeA.jpg,14,0.574,0.5,0.854167,0.996875,0.272917,yolo11m.pt,bonnet
train,mtsd__train__RQXIvGjHPuBwK7OK-XsEeg.jpg,14,0.859,0.6625,0.859375,0.673437,0.264583,yolo11m.pt,bonnet
train,mtsd__train__RrNLKHQ8WAwfN_zR12C04Q.jpg,14,0.557,0.500781,0.889583,0.995312,0.2,yolo11m.pt,bonnet
train,mtsd__train__Rs8cq70SSw028jBYjKpxgQ.jpg,14,0.802,0.499609,0.832292,0.996094,0.314583,yolo11m.pt,bonnet
train,mtsd__train__RS9vjtPma3olnv3qVHn-bw.jpg,14,0.653,0.499219,0.888021,0.995313,0.203125,yolo11m.pt,bonnet
train,mtsd__train__Rsf4-FawZROw0dLaepaBNA.jpg,14,0.539,0.5,0.821354,0.996875,0.336458,yolo11m.pt,bonnet
train,mtsd__train__rTHKF3uZo9W49t3dejsYmQ.jpg,14,0.712,0.5,0.763889,0.995313,0.447222,yolo11m.pt,bonnet
train,mtsd__train__rtI2qXLo-f2zoDD9BwlhfQ.jpg,14,0.651,0.499219,0.911458,0.996875,0.154167,yolo11m.pt,bonnet
train,mtsd__train__rTklNeurlIE4_ahbG-kjUg.jpg,14,0.502,0.498047,0.932943,0.994531,0.108073,yolo11m.pt,bonnet
train,mtsd__train__rTohiB4fiRl8DoZN5Y7juA.jpg,14,0.788,0.5,0.805729,0.996875,0.369792,yolo11m.pt,bonnet
train,mtsd__train__rtqvq5GrtRlvdsN5I7ej1Q.jpg,14,0.796,0.5,0.810417,0.996875,0.358333,yolo11m.pt,bonnet
train,mtsd__train__rtXDR1X1-JftGWO199tQkg.jpg,14,0.572,0.499219,0.89375,0.995313,0.191667,yolo11m.pt,bonnet
train,mtsd__train__rU9WrKRek4J695aqq1qGcA.jpg,14,0.789,0.500781,0.875,0.995312,0.23125,yolo11m.pt,bonnet
train,mtsd__train__rU9WrKRek4J695aqq1qGcA.jpg,14,0.582,0.5,0.504687,1.0,0.990625,yolov8m-oiv7.pt,bonnet
train,mtsd__train__RuCCeGKQIXg_uB5V9UXaTQ.jpg,14,0.521,0.5,0.509549,1.0,0.980903,yolov8m-oiv7.pt,bonnet
train,mtsd__train__RuM4Md72a7LlNOiaKh4i3w.jpg,14,0.683,0.454688,0.916667,0.90625,0.141667,yolo11m.pt,bonnet
train,mtsd__train__rURlVsvjFn0JTIEUwp6Nlw.jpg,14,0.681,0.5,0.935417,0.996875,0.108333,yolo11m.pt,bonnet
train,mtsd__train__RUtKDoFBq-JWiQa4zZOV7w.jpg,14,0.729,0.498828,0.780599,0.996094,0.415365,yolo11m.pt,bonnet
train,mtsd__train__rvgG1X9F1Zqqs9vX08Su_g.jpg,14,0.598,0.488672,0.916667,0.975781,0.141667,yolo11m.pt,bonnet
train,mtsd__train__RvHwCnOUEebvVdAk086Fqg.jpg,14,0.796,0.570312,0.8875,0.857813,0.202083,yolo11m.pt,bonnet
train,mtsd__train__rw7CTARVUfBdhOhstc9adw.jpg,14,0.74,0.498047,0.783333,0.994531,0.402778,yolo11m.pt,bonnet
train,mtsd__train__RWgufbLvGGO5lk_CW-frsg.jpg,14,0.535,0.651465,0.922917,0.693945,0.130556,yolo11m.pt,bonnet
train,mtsd__train__RWhzu15Ji27z9Q24Ljq6hg.jpg,14,0.637,0.500781,0.795139,0.995313,0.384722,yolo11m.pt,bonnet
train,mtsd__train__rwmJrAndtZsm757zJL-bpg.jpg,14,0.562,0.499219,0.871354,0.996875,0.236458,yolo11m.pt,bonnet
train,mtsd__train__rwOVwqxvgB-XhpL7OjNZZg.jpg,14,0.512,0.498828,0.91875,0.992969,0.145833,yolo11m.pt,bonnet
train,mtsd__train__RxkgUcxVCxv1yfN1Xt1rLw.jpg,14,0.674,0.5,0.913889,0.996875,0.144444,yolo11m.pt,bonnet
train,mtsd__train__RxkgUcxVCxv1yfN1Xt1rLw.jpg,14,0.512,0.5,0.5,1.0,1.0,yolov8m-oiv7.pt,bonnet
train,mtsd__train__RY7zLrAUQ2hHehEognmSAA.jpg,14,0.698,0.378125,0.928472,0.753125,0.120833,yolo11m.pt,bonnet
train,mtsd__train__ryn2p9UZxFCBgSPOrs5e1A.jpg,14,0.758,0.5,0.811806,0.995313,0.347222,yolo11m.pt,bonnet
train,mtsd__train__RyNgzZQCCxvRwhnCIhjnqw.jpg,14,0.604,0.498828,0.74375,0.996094,0.491667,yolo11m.pt,bonnet
train,mtsd__train__rYua-Cc--0n4ZHnyrCX37w.jpg,31,0.957,0.117944,0.209896,0.184033,0.238021,yolo11m.pt,stop sign
train,mtsd__train__rz1WpBnNSjLTu0s2kel5tA.jpg,14,0.765,0.5,0.870833,0.995313,0.2375,yolo11m.pt,bonnet
train,mtsd__train__rZeLw1xjt7-8Vik5IRIziw.jpg,14,0.787,0.5,0.898958,0.996875,0.185417,yolo11m.pt,bonnet
train,mtsd__train__RziDrz1VGOGHtiDTBXCWXQ.jpg,14,0.92,0.499219,0.838542,0.998437,0.3,yolo11m.pt,bonnet
train,mtsd__train__RzK8jdvGH6givORgwQBY8Q.jpg,31,0.547,0.627344,0.625491,0.0375,0.058574,yolo11m.pt,stop sign
train,mtsd__train__rzkqWbOPs3FWF7fUAjKiqg.jpg,14,0.779,0.499219,0.888889,0.99375,0.2,yolo11m.pt,bonnet
train,mtsd__train__s-fDLHcxli23tKgr4RAO-Q.jpg,14,0.547,0.499219,0.499089,0.998437,0.997656,yolov8m-oiv7.pt,bonnet
train,mtsd__train__S-iffiEFsejuu3Mdldinwg.jpg,14,0.657,0.5,0.502995,1.0,0.989844,yolov8m-oiv7.pt,bonnet
train,mtsd__train__S-iffiEFsejuu3Mdldinwg.jpg,14,0.625,0.5,0.882292,0.99375,0.214583,yolo11m.pt,bonnet
train,mtsd__train__S0EALoU25ygIptCKc4mwaw.jpg,14,0.709,0.5,0.5,1.0,1.0,yolov8m-oiv7.pt,bonnet
train,mtsd__train__S1o6WGflRZWhdtEAxiEEVQ.jpg,31,0.533,0.263672,0.535417,0.029688,0.041667,yolo11m.pt,stop sign
train,mtsd__train__s1UHrmvallc5wqO7eAjU-w.jpg,31,0.555,0.903125,0.439342,0.190625,0.873158,yolo11m.pt,stop sign
train,mtsd__train__S2aNBq63DMLTtkMvwEvYTw.jpg,14,0.781,0.499609,0.839062,0.994531,0.303125,yolo11m.pt,bonnet
train,mtsd__train__S2tga6rUP2pMCcmzCzKoCw.jpg,31,0.609,0.096973,0.526389,0.010156,0.026389,yolo11m.pt,stop sign
train,mtsd__train__s3xg0EopEwpLiD6jsR4RNQ.jpg,14,0.578,0.491406,0.916667,0.982813,0.147917,yolo11m.pt,bonnet
train,mtsd__train__S4U-3Xuh5yjyB1ru-9VS7w.jpg,14,0.768,0.500781,0.886111,0.995313,0.208333,yolo11m.pt,bonnet
train,mtsd__train__s5IKnbHzC9k07_Yby0C-Iw.jpg,14,0.749,0.500781,0.908073,0.996875,0.163021,yolo11m.pt,bonnet
train,mtsd__train__s6AdSbOgfkfjQmuEEULIiA.jpg,14,0.648,0.503906,0.927083,0.989062,0.129167,yolo11m.pt,bonnet
train,mtsd__train__s7OlO1Ty7hQss7agStEhRg.jpg,14,0.737,0.5,0.872917,0.996875,0.235417,yolo11m.pt,bonnet
train,mtsd__train__S8KJROG_e2am8RiOY5fvHg.jpg,14,0.553,0.5,0.501953,1.0,0.98776,yolov8m-oiv7.pt,bonnet
train,mtsd__train__S8KJROG_e2am8RiOY5fvHg.jpg,14,0.533,0.5,0.872917,0.995313,0.23125,yolo11m.pt,bonnet
train,mtsd__train__S8ZJTFTkl9Pv6F3hHpYQFA.jpg,14,0.52,0.499609,0.500521,0.999219,0.986458,yolov8m-oiv7.pt,bonnet
train,mtsd__train__S_rfzy_Gm02Pfsb9-rPdAA.jpg,14,0.502,0.502344,0.49987,0.995313,0.998177,yolov8m-oiv7.pt,bonnet
train,mtsd__train__sa1KvgfB5tUtSpS0OW9K4g.jpg,14,0.804,0.500391,0.908073,0.996094,0.167187,yolo11m.pt,bonnet
train,mtsd__train__sA7pZ_AgJmSJ2cs1hxizhA.jpg,14,0.676,0.514062,0.941927,0.967188,0.099479,yolo11m.pt,bonnet
train,mtsd__train__sat-sj2i0zBi4BV8nZzOkg.jpg,14,0.578,0.499219,0.852083,0.99375,0.275,yolo11m.pt,bonnet
train,mtsd__train__sat-sj2i0zBi4BV8nZzOkg.jpg,14,0.568,0.5,0.503646,1.0,0.988542,yolov8m-oiv7.pt,bonnet
train,mtsd__train__sB0ja6pyILT5MZePrhCqEA.jpg,14,0.748,0.553516,0.938542,0.889844,0.108333,yolo11m.pt,bonnet
train,mtsd__train__Sb6fuwCtIXJnhXeTb8GVwQ.jpg,31,0.58,0.866406,0.449479,0.023438,0.040625,yolo11m.pt,stop sign
train,mtsd__train__sb89_J4bJxM6oQX9KoBbeg.jpg,14,0.623,0.5,0.89375,0.996875,0.191667,yolo11m.pt,bonnet
train,mtsd__train__SBkRN707WP26VYNkKPrtMg.jpg,31,0.529,0.896094,0.293229,0.023438,0.194792,yolo11m.pt,stop sign
train,mtsd__train__SbpMUXKVxtizzTEWbTcHvA.jpg,14,0.771,0.501563,0.952083,0.99375,0.083333,yolo11m.pt,bonnet
train,mtsd__train__SCkzNL9k8KXhRXoTIE_6yA.jpg,14,0.691,0.500781,0.91875,0.995312,0.145833,yolo11m.pt,bonnet
train,mtsd__train__sdVgfJgFtJdyycQ_JfTZSQ.jpg,14,0.619,0.5,0.925,0.996875,0.130556,yolo11m.pt,bonnet
train,mtsd__train__SE6KiHUFp4uV-PMfIOzQLA.jpg,14,0.582,0.5,0.875,0.995313,0.225,yolo11m.pt,bonnet
train,mtsd__train__SE89xPRMnslUEzUTUhHh-w.jpg,14,0.753,0.5,0.920833,0.99375,0.1375,yolo11m.pt,bonnet
train,mtsd__train__SeULkEUbgjzQrSvqE8EmqA.jpg,14,0.803,0.500391,0.857292,0.996094,0.2625,yolo11m.pt,bonnet
train,mtsd__train__seYHeHYR3o8rq5frJfcGVw.jpg,14,0.812,0.5,0.838021,0.996875,0.303125,yolo11m.pt,bonnet
train,mtsd__train__SfGHOXxiNlSVbtkgQIb7UA.jpg,14,0.766,0.500391,0.838021,0.994531,0.305208,yolo11m.pt,bonnet
train,mtsd__train__sFQBvS4n0XoLza-MQBw2VA.jpg,14,0.555,0.502344,0.8875,0.989062,0.2,yolo11m.pt,bonnet
train,mtsd__train__SfTOvVaMAPCDNtzLgegTHA.jpg,31,0.56,0.528906,0.41875,0.030469,0.041667,yolo11m.pt,stop sign
train,mtsd__train__SgoiLfyfmlZRDEbMTneahg.jpg,14,0.706,0.5,0.503125,1.0,0.989583,yolov8m-oiv7.pt,bonnet
train,mtsd__train__sgtOLHAuq8YWO8dRZcNO1g.jpg,14,0.708,0.499219,0.919792,0.995313,0.14375,yolo11m.pt,bonnet
train,mtsd__train__shk7kjw7LlB98LYinzACcQ.jpg,14,0.787,0.499219,0.838542,0.996875,0.302083,yolo11m.pt,bonnet
train,mtsd__train__SIj-POWcsdiMYnRWHCngBA.jpg,14,0.653,0.5,0.927083,0.995313,0.125,yolo11m.pt,bonnet
train,mtsd__train__Sjyjx-pq05dZsO9Hwo51pg.jpg,14,0.516,0.5,0.498611,1.0,0.997222,yolov8m-oiv7.pt,bonnet
train,mtsd__train__SKcW2OTDpm9U65oPb63irw.jpg,14,0.568,0.5,0.788542,0.996875,0.4,yolo11m.pt,bonnet
train,mtsd__train__SlnJPwcyA6jK7kupT87Ijg.jpg,14,0.585,0.5,0.500911,1.0,0.991927,yolov8m-oiv7.pt,bonnet
train,mtsd__train__SmB4oi6u5lBtb5V9aa3KOw.jpg,14,0.748,0.460156,0.884375,0.917188,0.204167,yolo11m.pt,bonnet
train,mtsd__train__smDb_sJEbXF318qFGNwRNg.jpg,14,0.531,0.499219,0.85,0.99375,0.277083,yolo11m.pt,bonnet
train,mtsd__train__sntcxsbqafoAwWzUtxwABQ.jpg,14,0.648,0.5,0.884375,0.99375,0.2125,yolo11m.pt,bonnet
train,mtsd__train__sOWRKJ5PLfO8sZlwlS1BCA.jpg,31,0.646,0.208252,0.474306,0.021777,0.038889,yolo11m.pt,stop sign
train,mtsd__train__Srme_--34CrJMibpcIEzAA.jpg,14,0.566,0.336719,0.95,0.664062,0.083333,yolo11m.pt,bonnet
train,mtsd__train__srO7E7EH3opVRvHdxKm8mQ.jpg,14,0.676,0.500781,0.904167,0.995313,0.175,yolo11m.pt,bonnet
train,mtsd__train__SsNgfMel84IGNgmEWAZi8Q.jpg,14,0.691,0.600684,0.909375,0.795508,0.166667,yolo11m.pt,bonnet
train,mtsd__train__STsYzHAYzOBdeDvm6VWSmA.jpg,14,0.543,0.503125,0.902083,0.992187,0.18125,yolo11m.pt,bonnet
train,mtsd__train__SUEE3BTExX3F5nNazbfNRQ.jpg,14,0.57,0.500391,0.908333,0.996094,0.166667,yolo11m.pt,bonnet
train,mtsd__train__sUHI1RF5frktYgQjsBR4lA.jpg,14,0.615,0.5,0.821528,0.996875,0.334722,yolo11m.pt,bonnet
train,mtsd__train__svRq0VSCDS2Brkg1cBzxlA.jpg,14,0.643,0.499609,0.875,0.997656,0.23125,yolo11m.pt,bonnet
train,mtsd__train__sVunXJB18CoOY9pa1E9FwQ.jpg,31,0.813,0.073877,0.566146,0.035645,0.059375,yolo11m.pt,stop sign
train,mtsd__train__sVunXJB18CoOY9pa1E9FwQ.jpg,14,0.686,0.5,0.9125,0.99375,0.15625,yolo11m.pt,bonnet
train,mtsd__train__SwpVJf02QZnUSV4X3qZtRg.jpg,14,0.674,0.5,0.941667,1.0,0.097917,yolo11m.pt,bonnet
train,mtsd__train__swUrzQUo3yJuDnG-3-nJew.jpg,14,0.558,0.5,0.819792,0.996875,0.3375,yolo11m.pt,bonnet
train,mtsd__train__SWzCW6FBs-G1Kr2w6DJ86A.jpg,14,0.758,0.512109,0.878125,0.972656,0.227083,yolo11m.pt,bonnet
train,mtsd__train__Sx3ekYTaVynZgj19JpVvtA.jpg,14,0.975,0.643066,0.75,0.67793,0.477778,yolo11m.pt,bonnet
train,mtsd__train__sXix08uGzEqm_YMBIjK-rQ.jpg,14,0.611,0.616504,0.922917,0.762305,0.141667,yolo11m.pt,bonnet
train,mtsd__train__sxS2jUnziCwAA3qN3wwsCA.jpg,14,0.691,0.500781,0.916667,0.995312,0.145833,yolo11m.pt,bonnet
train,mtsd__train__sya4ZLamwD4ZNn3hnX6e0A.jpg,14,0.564,0.5,0.500521,1.0,0.994792,yolov8m-oiv7.pt,bonnet
train,mtsd__train__syg4ZjA5NRTSwLx-yEZLcQ.jpg,14,0.619,0.499609,0.863542,0.994531,0.25625,yolo11m.pt,bonnet
train,mtsd__train__sYPUevUKqBAs2iyRhZUKcA.jpg,31,0.512,0.651563,0.69375,0.035156,0.048958,yolo11m.pt,stop sign
train,mtsd__train__SysytNRlb304wZ1wjom4yA.jpg,14,0.621,0.500391,0.497569,0.999219,0.995139,yolov8m-oiv7.pt,bonnet
train,mtsd__train__sYV3jSz3id_X0v1XVDyX9Q.jpg,14,0.633,0.498828,0.952083,0.989844,0.079167,yolo11m.pt,bonnet
train,mtsd__train__sz4GwvkIHNaU2QKHrb_wXw.jpg,14,0.66,0.5,0.7625,0.996875,0.452083,yolo11m.pt,bonnet
train,mtsd__train__szCHjPCCNp3dV8fdu_9u0w.jpg,14,0.748,0.500391,0.865625,0.996094,0.247917,yolo11m.pt,bonnet
train,mtsd__train__szCHjPCCNp3dV8fdu_9u0w.jpg,14,0.531,0.500391,0.501562,0.999219,0.988542,yolov8m-oiv7.pt,bonnet
train,mtsd__train__SztfYXF7L8hZzMUj9Gjgzg.jpg,31,0.681,0.279297,0.457292,0.026563,0.036458,yolo11m.pt,stop sign
train,mtsd__train__T-0vYh7DEiZZ6LsYIsUxCg.jpg,14,0.533,0.5,0.5,1.0,1.0,yolov8m-oiv7.pt,bonnet
train,mtsd__train__t-yog112l83u_z4VW-HEPg.jpg,14,0.6,0.499609,0.899479,0.994531,0.186458,yolo11m.pt,bonnet
train,mtsd__train__T08VQ-IX_fnjubzdytBTKA.jpg,14,0.623,0.500391,0.92488,0.996094,0.130735,yolo11m.pt,bonnet
train,mtsd__train__T0lxRw3lVQ26Z6RBpcrJqQ.jpg,14,0.518,0.500781,0.85625,0.995313,0.266667,yolo11m.pt,bonnet
train,mtsd__train__t1mx9MT2e1JKsErGMrNMlQ.jpg,14,0.817,0.5,0.8625,0.996875,0.252778,yolo11m.pt,bonnet
train,mtsd__train__T1xEO8CAxCEqixU7L2P__g.jpg,14,0.752,0.5,0.897917,0.995313,0.1875,yolo11m.pt,bonnet
train,mtsd__train__T3vUrV3meTPhLnP_m5Hkqg.jpg,14,0.547,0.490625,0.894444,0.98125,0.188889,yolo11m.pt,bonnet
train,mtsd__train__t4elMVg2CVwGFqaRrp-C_g.jpg,14,0.595,0.498828,0.845312,0.997656,0.303125,yolo11m.pt,bonnet
train,mtsd__train__t4w65UwN-GjiJgXdaY_4KA.jpg,14,0.819,0.534375,0.916443,0.929688,0.143828,yolo11m.pt,bonnet
train,mtsd__train__t5okLAz8Nrrfb12oS1AoRw.jpg,14,0.703,0.499219,0.91276,0.998438,0.157812,yolo11m.pt,bonnet
train,mtsd__train__T68I2DifUNszZaHXcViKVQ.jpg,14,0.621,0.499219,0.840278,0.998438,0.297222,yolo11m.pt,bonnet
train,mtsd__train__T6Yy9LQU21tyTYPSdJ-Puw.jpg,14,0.617,0.5,0.497917,1.0,0.993056,yolov8m-oiv7.pt,bonnet
train,mtsd__train__t6z3uFjodnssBueTTGrqMQ.jpg,14,0.731,0.5,0.916667,0.99375,0.145833,yolo11m.pt,bonnet
train,mtsd__train__t9e5VLUWEtkrnCIHNjf0fA.jpg,14,0.564,0.500781,0.821354,0.995312,0.334375,yolo11m.pt,bonnet
train,mtsd__train__t_Fvs4qXEb7pyKWC8rjqYg.jpg,14,0.553,0.497656,0.803125,0.99375,0.370833,yolo11m.pt,bonnet
train,mtsd__train__T_L_z2cBs4oIIm4PQUYL1Q.jpg,14,0.574,0.5,0.901042,0.996875,0.18125,yolo11m.pt,bonnet
train,mtsd__train__TBL5FU9wmY6pwUdmzjhYvg.jpg,31,0.684,0.640625,0.545833,0.025781,0.04375,yolo11m.pt,stop sign
train,mtsd__train__TbsVre9NnBE3dPn4gtE_AA.jpg,31,0.553,0.321094,0.508333,0.024219,0.035417,yolo11m.pt,stop sign
train,mtsd__train__TC7d1SkqgOvUfkIhN78NLw.jpg,14,0.779,0.5,0.891146,0.996875,0.196875,yolo11m.pt,bonnet
train,mtsd__train__TCYluKiJTV7oN3krdjj6Ug.jpg,14,0.521,0.5,0.5,1.0,0.991667,yolov8m-oiv7.pt,bonnet
train,mtsd__train__TD0FNS_Ujcs1EqvYcrdG0A.jpg,14,0.56,0.5,0.5,1.0,1.0,yolov8m-oiv7.pt,bonnet
train,mtsd__train__TD0FNS_Ujcs1EqvYcrdG0A.jpg,14,0.557,0.503125,0.752778,0.992188,0.466667,yolo11m.pt,bonnet
train,mtsd__train__TD8k9BsaIJfeCWwoY4JBUA.jpg,14,0.789,0.500781,0.922917,0.995313,0.135417,yolo11m.pt,bonnet
train,mtsd__train__tDXdp5aa_uKNQf8daTwZ4A.jpg,14,0.765,0.482422,0.919792,0.963281,0.14375,yolo11m.pt,bonnet
train,mtsd__train__tefTocQRJvqI15wA9Zf3Vw.jpg,14,0.799,0.498437,0.896875,0.996875,0.185417,yolo11m.pt,bonnet
train,mtsd__train__tfCckmQxKg3ZU1hLTP49jw.jpg,14,0.755,0.5,0.501953,1.0,0.98776,yolov8m-oiv7.pt,bonnet
train,mtsd__train__tfCckmQxKg3ZU1hLTP49jw.jpg,14,0.643,0.5,0.883333,0.995313,0.20625,yolo11m.pt,bonnet
train,mtsd__train__Tfq6NtSUc67z2sU_LILprw.jpg,14,0.516,0.499219,0.9125,0.996875,0.154167,yolo11m.pt,bonnet
train,mtsd__train__TfxvpxWAacVOEz77xgRGog.jpg,14,0.776,0.49375,0.918489,0.985938,0.142187,yolo11m.pt,bonnet
train,mtsd__train__TG2VJodtuCqpcBsT4RvLbw.jpg,14,0.593,0.5,0.875,0.995313,0.229167,yolo11m.pt,bonnet
train,mtsd__train__Tgi-dCenrSdnxYzm1pKmUA.jpg,14,0.525,0.499219,0.908333,0.998438,0.164583,yolo11m.pt,bonnet
train,mtsd__train__TijNmFov63s8qeZHm7n8Kg.jpg,14,0.632,0.5,0.5,1.0,0.991667,yolov8m-oiv7.pt,bonnet
train,mtsd__train__TiutVYemIDx7cYq_L15fmA.jpg,14,0.693,0.501953,0.882292,0.991406,0.21875,yolo11m.pt,bonnet
train,mtsd__train__tJkfgW8vRBd_Iu4YwdGggQ.jpg,14,0.6,0.500391,0.5,0.999219,1.0,yolov8m-oiv7.pt,bonnet
train,mtsd__train__Tka9-tIBu57WM6lhOelK6Q.jpg,31,0.67,0.241406,0.557292,0.023828,0.029167,yolo11m.pt,stop sign
train,mtsd__train__tKWV3Tw7GFFjbPCGKSLY0Q.jpg,14,0.568,0.501562,0.864583,0.99375,0.25,yolo11m.pt,bonnet
train,mtsd__train__TL2KbsrKXpksHe0P3PxVcA.jpg,14,0.86,0.500781,0.883854,0.995313,0.209375,yolo11m.pt,bonnet
train,mtsd__train__TlcyVREgAxDvcpDwSZ6XmQ.jpg,14,0.698,0.5,0.905208,0.996875,0.16875,yolo11m.pt,bonnet
train,mtsd__train__tlPRkQ-P_KgmU_0pTwaZFQ.jpg,31,0.914,0.164648,0.679861,0.046484,0.095833,yolo11m.pt,stop sign
train,mtsd__train__tmbfHeFPtY_oxrSMXJJlSg.jpg,14,0.71,0.5,0.870117,0.996875,0.237891,yolo11m.pt,bonnet
train,mtsd__train__tmlrIXQabcmDZYwV0m3gHQ.jpg,14,0.785,0.498437,0.928906,0.996875,0.121354,yolo11m.pt,bonnet
train,mtsd__train__tNj1NkEhqj0rtYeLmI6DAw.jpg,14,0.543,0.5,0.501042,1.0,0.989583,yolov8m-oiv7.pt,bonnet
train,mtsd__train__toC5OC_xO1iNlsrJgINhzQ.jpg,14,0.521,0.5,0.502214,1.0,0.991406,yolov8m-oiv7.pt,bonnet
train,mtsd__train__tP3l8tG-mrA10SsRk3yRVA.jpg,14,0.506,0.500781,0.863889,0.996875,0.247222,yolo11m.pt,bonnet
train,mtsd__train__TpB1k5v2tS0vMI7zCK7jUQ.jpg,14,0.662,0.500391,0.852083,0.996094,0.270833,yolo11m.pt,bonnet
train,mtsd__train__TpeUTHL5PxbO9EhRldQ2ig.jpg,31,0.745,0.720703,0.398047,0.021875,0.07474,yolo11m.pt,stop sign
train,mtsd__train__tQ_V74rknaHrzRQdDboEUA.jpg,14,0.543,0.5,0.499074,1.0,0.995926,yolov8m-oiv7.pt,bonnet
train,mtsd__train__tqNy8KWwMHy_6S1h0Ko2FA.jpg,14,0.521,0.498047,0.95625,0.991406,0.06875,yolo11m.pt,bonnet
train,mtsd__train__TSfaP1MN6odsq11RTSjrbw.jpg,14,0.798,0.499219,0.910417,0.996875,0.160417,yolo11m.pt,bonnet
train,mtsd__train__tSn2W4lSvNj4XPQdYtYyrQ.jpg,14,0.611,0.5,0.502083,1.0,0.9875,yolov8m-oiv7.pt,bonnet
train,mtsd__train__tsoQEqgKmi641YPFuygfbA.jpg,14,0.529,0.5,0.882639,0.996875,0.209722,yolo11m.pt,bonnet
train,mtsd__train__tsU9Y1Q9_eaB0pnjK-Pi6w.jpg,14,0.576,0.502344,0.514063,0.995313,0.963542,yolov8m-oiv7.pt,bonnet
train,mtsd__train__TSUnMZcsnaNsmydE1PEJ2A.jpg,14,0.555,0.498828,0.902083,0.996094,0.179167,yolo11m.pt,bonnet
train,mtsd__train__ttJX-lhlPnpjSnjrepXMRA.jpg,14,0.836,0.504688,0.892708,0.984375,0.195833,yolo11m.pt,bonnet
train,mtsd__train__tudESRnC0aXv_6y3NndB7g.jpg,14,0.845,0.5,0.8,0.996875,0.372917,yolo11m.pt,bonnet
train,mtsd__train__tUl30V6lZrTsK6i_TJ4tzA.jpg,14,0.607,0.498437,0.897917,0.995313,0.1875,yolo11m.pt,bonnet
train,mtsd__train__tUYfRBQtURI9p5J1P2ZITw.jpg,14,0.58,0.523828,0.959375,0.941406,0.066667,yolo11m.pt,bonnet
train,mtsd__train__TUyvJbrY58bl4bILpg1w5g.jpg,14,0.701,0.499609,0.908333,0.997656,0.152083,yolo11m.pt,bonnet
train,mtsd__train__tvcz9GsH_W3Nzh0fuhHVcw.jpg,14,0.56,0.5,0.902995,0.995313,0.166667,yolo11m.pt,bonnet
train,mtsd__train__tvQmpld52gyL_kepwsoANg.jpg,14,0.781,0.483594,0.929427,0.967188,0.120313,yolo11m.pt,bonnet
train,mtsd__train__TwBQ22az8--9ptdEToipZg.jpg,14,0.6,0.500781,0.907292,0.995312,0.16875,yolo11m.pt,bonnet
train,mtsd__train__TwGdLi5JFYEnEMh-Cu9nnw.jpg,14,0.549,0.500391,0.504688,0.999219,0.986458,yolov8m-oiv7.pt,bonnet
train,mtsd__train__TwTVTcOY_T9Ey1_Wc4nsGA.jpg,14,0.699,0.488281,0.9,0.976562,0.183333,yolo11m.pt,bonnet
train,mtsd__train__TYaO-28AnLMtT1tZ5cnDFQ.jpg,31,0.752,0.940625,0.352865,0.028125,0.072396,yolo11m.pt,stop sign
train,mtsd__train__tYCFrz8NbPERDd4w6ccPIw.jpg,14,0.506,0.501563,0.507161,0.996875,0.985677,yolov8m-oiv7.pt,bonnet
train,mtsd__train__TYSHqDjyLzaCl7R1kegBhw.jpg,14,0.777,0.500781,0.917708,0.995313,0.147917,yolo11m.pt,bonnet
train,mtsd__train__TYURHtwIZeGwVleYh_mRWg.jpg,14,0.557,0.5,0.880208,0.996875,0.216146,yolo11m.pt,bonnet
train,mtsd__train__TYwiSx8MStckd8J80TPoUg.jpg,14,0.704,0.358984,0.95,0.714844,0.083333,yolo11m.pt,bonnet
train,mtsd__train__U1satGX3d88v7SqO82QKOQ.jpg,14,0.739,0.5,0.908333,0.996875,0.166667,yolo11m.pt,bonnet
train,mtsd__train__u2_3yR75X-XKvp2erlzR8Q.jpg,14,0.854,0.498047,0.813889,0.992969,0.341667,yolo11m.pt,bonnet
train,mtsd__train__u3EIAXgh0Wig_L8WocpjMg.jpg,14,0.674,0.499219,0.802604,0.998437,0.369792,yolo11m.pt,bonnet
train,mtsd__train__u3zH11pK24EK5gB_f4w_NA.jpg,14,0.557,0.5,0.498958,1.0,0.99375,yolov8m-oiv7.pt,bonnet
train,mtsd__train__u3zH11pK24EK5gB_f4w_NA.jpg,14,0.531,0.499219,0.866146,0.995313,0.246875,yolo11m.pt,bonnet
train,mtsd__train__U3ZMrkxQySJnTEKnWD-Efw.jpg,14,0.859,0.5,0.823958,0.996875,0.33125,yolo11m.pt,bonnet
train,mtsd__train__U5kd8gYknqWCOfF8NhMxUQ.jpg,14,0.732,0.5,0.882812,0.995312,0.219792,yolo11m.pt,bonnet
train,mtsd__train__u5mqyag0jQWQRxxk3N67Aw.jpg,14,0.807,0.499219,0.897917,0.995313,0.185417,yolo11m.pt,bonnet
train,mtsd__train__U63PO2SRmgAownYLyOyQDg.jpg,14,0.525,0.489844,0.93125,0.976562,0.116667,yolo11m.pt,bonnet
train,mtsd__train__U7TmC_kTq2uLcAu_2eY7rQ.jpg,14,0.759,0.500781,0.861458,0.995312,0.25625,yolo11m.pt,bonnet
train,mtsd__train__ua8vKHERts9ErLaTcisgeQ.jpg,14,0.582,0.498438,0.94375,0.990625,0.091667,yolo11m.pt,bonnet
train,mtsd__train__UAobybh454FZ58M1xnvDDQ.jpg,14,0.731,0.499219,0.902344,0.998438,0.165365,yolo11m.pt,bonnet
train,mtsd__train__uar5qa8WwT7psniQobM-4w.jpg,14,0.531,0.500781,0.5,0.996875,1.0,yolov8m-oiv7.pt,bonnet
train,mtsd__train__UbbfKSupzuYeHgRPTu_2Zg.jpg,14,0.651,0.5,0.502083,1.0,0.995833,yolov8m-oiv7.pt,bonnet
train,mtsd__train__UbbfKSupzuYeHgRPTu_2Zg.jpg,14,0.572,0.499219,0.888542,0.998437,0.197917,yolo11m.pt,bonnet
train,mtsd__train__uBJdansBO0hBmCjSyTllYQ.jpg,14,0.701,0.506348,0.923611,0.751367,0.127778,yolo11m.pt,bonnet
train,mtsd__train__UcCHAEYNoBPIwNLAIe2qHg.jpg,14,0.56,0.499609,0.498958,0.999219,0.997917,yolov8m-oiv7.pt,bonnet
train,mtsd__train__UCxxlWWq1AP-z7DJkjlY6w.jpg,14,0.648,0.5,0.500911,1.0,0.996094,yolov8m-oiv7.pt,bonnet
train,mtsd__train__UCxxlWWq1AP-z7DJkjlY6w.jpg,14,0.576,0.503906,0.921875,0.982813,0.1375,yolo11m.pt,bonnet
train,mtsd__train__UdL5NslSDJ0kVJF4xsG9_Q.jpg,14,0.632,0.511328,0.671875,0.975781,0.63125,yolo11m.pt,bonnet
train,mtsd__train__udoSvRUbKZI2SPXzBe5EaA.jpg,14,0.701,0.500781,0.888021,0.995313,0.207292,yolo11m.pt,bonnet
train,mtsd__train__uEtYBC9S-7Y4oWPBpqAWkQ.jpg,14,0.527,0.499609,0.497917,0.999219,0.9875,yolov8m-oiv7.pt,bonnet
train,mtsd__train__uey1bRLOpzQpR-q3Qno45w.jpg,14,0.739,0.499219,0.892708,0.998437,0.19375,yolo11m.pt,bonnet
train,mtsd__train__uFgouQRCqtq3LvJHceVSFw.jpg,14,0.558,0.496875,0.851042,0.99375,0.279167,yolo11m.pt,bonnet
train,mtsd__train__ufhf7qYzzIc_0KCfiBJmUw.jpg,14,0.78,0.391016,0.895833,0.779688,0.186111,yolo11m.pt,bonnet
train,mtsd__train__uFm_hGaHvDCi0s2Sg2jpyA.jpg,14,0.873,0.5,0.866667,0.995313,0.247222,yolo11m.pt,bonnet
train,mtsd__train__uftXMWoYub-pRju5vXhZTg.jpg,14,0.902,0.438281,0.883333,0.873437,0.216667,yolo11m.pt,bonnet
train,mtsd__train__UGy3HusEqAqNw5biS2Akpw.jpg,14,0.958,0.687402,0.728125,0.623633,0.527083,yolo11m.pt,bonnet
train,mtsd__train__Uh9keB_Lww5K5DetDyv0QA.jpg,14,0.839,0.500781,0.914583,0.995313,0.152083,yolo11m.pt,bonnet
train,mtsd__train__uJ12KFGaNAeTaN_VLuWADw.jpg,14,0.785,0.5,0.876389,0.996875,0.230556,yolo11m.pt,bonnet
train,mtsd__train__uj6WwUV_3peNq7YybC5h2A.jpg,14,0.51,0.428906,0.93125,0.854688,0.114583,yolo11m.pt,bonnet
train,mtsd__train__uJFN8a23lAnaSrrmVR2kbg.jpg,14,0.593,0.5,0.502604,1.0,0.994792,yolov8m-oiv7.pt,bonnet
train,mtsd__train__uJFN8a23lAnaSrrmVR2kbg.jpg,14,0.582,0.5,0.871354,0.995313,0.232292,yolo11m.pt,bonnet
train,mtsd__train__ukgVcyxcVkXdLh1PIfd4jA.jpg,14,0.591,0.499219,0.882292,0.995313,0.216667,yolo11m.pt,bonnet
train,mtsd__train__UKquvUREqQ-ll1t2MffftA.jpg,14,0.72,0.5,0.769792,0.995313,0.435417,yolo11m.pt,bonnet
train,mtsd__train__UmS2EMpjeWbUHocGPcJbEQ.jpg,14,0.643,0.498438,0.776389,0.990625,0.422222,yolo11m.pt,bonnet
train,mtsd__train__UN8EHgItGeJIT1PKGj18gA.jpg,14,0.628,0.498828,0.910417,0.997656,0.159722,yolo11m.pt,bonnet
train,mtsd__train__uPh9Ah58DwqJlPM538koqg.jpg,14,0.714,0.5,0.90625,0.995313,0.159375,yolo11m.pt,bonnet
train,mtsd__train__uPjzScVoBpbHQxL9e0d9jA.jpg,14,0.689,0.5,0.904427,0.996875,0.178646,yolo11m.pt,bonnet
train,mtsd__train__UqC3afGtJxpFWdy0yTd5dw.jpg,14,0.568,0.498047,0.939583,0.994531,0.104167,yolo11m.pt,bonnet
train,mtsd__train__UQttdh4PfRxScY6UYROf-A.jpg,14,0.758,0.499219,0.49987,0.998437,0.991927,yolov8m-oiv7.pt,bonnet
train,mtsd__train__uQuQzxPQ0IFn7u41-Cy-ng.jpg,14,0.537,0.5,0.786458,0.996875,0.410417,yolo11m.pt,bonnet
train,mtsd__train__Ur-qOAR48CQI4v58HXMPNg.jpg,14,0.676,0.5,0.875695,0.998438,0.226389,yolo11m.pt,bonnet
train,mtsd__train__UrswnMg-RBbYUHY1ipMbzw.jpg,14,0.606,0.500781,0.858333,0.995312,0.2625,yolo11m.pt,bonnet
train,mtsd__train__uTue_bU_UI7Db_sZyWnueA.jpg,14,0.529,0.499219,0.896875,0.996875,0.1875,yolo11m.pt,bonnet
train,mtsd__train__UUohLK_MfZjc3Z1Ptr1k6w.jpg,14,0.691,0.499219,0.891667,0.995313,0.2,yolo11m.pt,bonnet
train,mtsd__train__UuQIJGfbPIK6qLaghx-3Lg.jpg,14,0.753,0.5,0.836458,0.996875,0.30625,yolo11m.pt,bonnet
train,mtsd__train__UUvVg4VgiwQgwl7SXuFJdQ.jpg,14,0.564,0.500391,0.498264,0.999219,0.996528,yolov8m-oiv7.pt,bonnet
train,mtsd__train__UWGp4o5b7AGTiGhJ3vZYeA.jpg,14,0.57,0.5,0.867188,0.995312,0.244792,yolo11m.pt,bonnet
train,mtsd__train__UWoPV0hG8eRfu0ORu3YT9A.jpg,14,0.595,0.5,0.933333,0.996875,0.108333,yolo11m.pt,bonnet
train,mtsd__train__uWqKvY9saLIZc2pdE_TcAg.jpg,14,0.793,0.499609,0.890625,0.994531,0.190104,yolo11m.pt,bonnet
train,mtsd__train__uWt2Rj-lcduXLA6vX20xIg.jpg,14,0.527,0.499609,0.926042,0.997656,0.127083,yolo11m.pt,bonnet
train,mtsd__train__uxP2vKd64gdVQWUOow3GQg.jpg,14,0.529,0.499609,0.501215,0.999219,0.994792,yolov8m-oiv7.pt,bonnet
train,mtsd__train__v-RGhOdQFNu13hDlVZTlpw.jpg,14,0.758,0.5,0.84375,0.996875,0.291667,yolo11m.pt,bonnet
train,mtsd__train__v-RGhOdQFNu13hDlVZTlpw.jpg,14,0.529,0.5,0.509375,1.0,0.979167,yolov8m-oiv7.pt,bonnet
train,mtsd__train__V16_nfn5FkiOz4O_WgyxxA.jpg,31,0.604,0.312891,0.7,0.033594,0.04375,yolo11m.pt,stop sign
train,mtsd__train__v1794k5SEGx9UlQhk1Q8iQ.jpg,14,0.867,0.464063,0.923611,0.735938,0.133333,yolo11m.pt,bonnet
train,mtsd__train__V1jrGYQB_NjBXshlGRbNtQ.jpg,14,0.742,0.477344,0.907292,0.954688,0.16875,yolo11m.pt,bonnet
train,mtsd__train__V21SjiWTQ40_cejwhN_GdQ.jpg,14,0.591,0.5,0.501172,1.0,0.991406,yolov8m-oiv7.pt,bonnet
train,mtsd__train__v2WJ6uLLYXwn81MvsttMDA.jpg,14,0.512,0.497656,0.916406,0.99375,0.146354,yolo11m.pt,bonnet
train,mtsd__train__V2YJ8i7Ox8-VlKrg9kGvBA.jpg,31,0.521,0.564062,0.64375,0.0125,0.020833,yolo11m.pt,stop sign
train,mtsd__train__v5uOr-NvGzjAKQ0Qugzu2g.jpg,14,0.664,0.489453,0.863194,0.977344,0.245833,yolo11m.pt,bonnet
train,mtsd__train__V67onRE6eLqhGMrl9FiqgQ.jpg,14,0.74,0.576563,0.898958,0.84375,0.18125,yolo11m.pt,bonnet
train,mtsd__train__V6rJIlvneqhSr-2Qelv_Jw.jpg,14,0.833,0.514062,0.888542,0.96875,0.208333,yolo11m.pt,bonnet
train,mtsd__train__v74wKrwkpGbNnXuS3HgUyQ.jpg,14,0.729,0.500391,0.923958,0.996094,0.129167,yolo11m.pt,bonnet
train,mtsd__train__v7e-TqWVB0RIjb5YooTEaA.jpg,14,0.739,0.499219,0.795833,0.996875,0.385417,yolo11m.pt,bonnet
train,mtsd__train__v7e-TqWVB0RIjb5YooTEaA.jpg,14,0.557,0.5,0.498828,1.0,0.989844,yolov8m-oiv7.pt,bonnet
train,mtsd__train__v7S8ho_7CPLffnqcs-uF3A.jpg,14,0.564,0.500391,0.5,0.999219,1.0,yolov8m-oiv7.pt,bonnet
train,mtsd__train__v8dxLHknf7AnFzDu0zTUPQ.jpg,14,0.626,0.484375,0.821528,0.967188,0.334722,yolo11m.pt,bonnet
train,mtsd__train__V8QR8C3kKh8X8suyVoD80w.jpg,14,0.849,0.499219,0.769792,0.996875,0.435417,yolo11m.pt,bonnet
train,mtsd__train__V8QR8C3kKh8X8suyVoD80w.jpg,14,0.51,0.499219,0.496875,0.998437,0.99375,yolov8m-oiv7.pt,bonnet
train,mtsd__train__v_kkXiEGwAQZDgzrXvwN4A.jpg,14,0.709,0.5,0.908333,0.996875,0.1625,yolo11m.pt,bonnet
train,mtsd__train__V_mgoDHjTf46EUXCn0NclQ.jpg,14,0.52,0.5,0.901042,0.996875,0.18125,yolo11m.pt,bonnet
train,mtsd__train__VA_04-6CeLQ1z5LxQisW2Q.jpg,14,0.748,0.500781,0.904427,0.995313,0.174479,yolo11m.pt,bonnet
train,mtsd__train__vA_YiNZ9Q0G_nWoTetAB-g.jpg,14,0.547,0.499219,0.833333,0.995313,0.3125,yolo11m.pt,bonnet
train,mtsd__train__vA_YiNZ9Q0G_nWoTetAB-g.jpg,14,0.521,0.500391,0.500174,0.999219,0.996875,yolov8m-oiv7.pt,bonnet
train,mtsd__train__vAHUns7I9yFRd255HGSuJA.jpg,14,0.743,0.5,0.847222,0.996875,0.283333,yolo11m.pt,bonnet
train,mtsd__train__vBBDXq_bS92FCgzgoR8c0Q.jpg,14,0.827,0.500781,0.888889,0.995313,0.197222,yolo11m.pt,bonnet
train,mtsd__train__vBOyQcRdUfiRIuwT3fEUgQ.jpg,14,0.66,0.475781,0.910677,0.95,0.161979,yolo11m.pt,bonnet
train,mtsd__train__VC2ZfmBGTgrc1BlLRMJwqw.jpg,31,0.543,0.605078,0.488542,0.030469,0.0375,yolo11m.pt,stop sign
train,mtsd__train__Vc8G4m5bdauWNn0swHgV5Q.jpg,14,0.566,0.500781,0.853125,0.998438,0.26875,yolo11m.pt,bonnet
train,mtsd__train__vCFbKFeaaIWdkt4Ig6VgLQ.jpg,31,0.791,0.528906,0.545833,0.026562,0.033333,yolo11m.pt,stop sign
train,mtsd__train__vCZX70Y7QjC2MC3QbJQ-dg.jpg,14,0.759,0.5,0.873958,0.995313,0.235417,yolo11m.pt,bonnet
train,mtsd__train__VdDLaGMy6eHp5XTJvWKVRQ.jpg,14,0.706,0.5,0.929167,0.995312,0.125,yolo11m.pt,bonnet
train,mtsd__train__vdk76jNTESChRBSY-vs9ZQ.jpg,14,0.607,0.500781,0.90651,0.995312,0.170312,yolo11m.pt,bonnet
train,mtsd__train__vdLi12ZuMIzfvJJZvepbog.jpg,14,0.52,0.5,0.498437,1.0,0.996875,yolov8m-oiv7.pt,bonnet
train,mtsd__train__vdP7lW9THw80-ZOBe6h-wQ.jpg,14,0.557,0.5,0.500521,1.0,0.996875,yolov8m-oiv7.pt,bonnet
train,mtsd__train__ve0Sd5vu0L2KKO-Gv0QLzQ.jpg,14,0.783,0.499609,0.921224,0.997656,0.125,yolo11m.pt,bonnet
train,mtsd__train__VEOmT_n1xOpwS4j74HfslQ.jpg,14,0.521,0.499609,0.498958,0.999219,0.997917,yolov8m-oiv7.pt,bonnet
train,mtsd__train__VF5gQO5PhxGXMpESMcTS-A.jpg,14,0.842,0.5,0.809028,0.995313,0.348611,yolo11m.pt,bonnet
train,mtsd__train__VFaKDeitfSZ5Zls13O9k_A.jpg,14,0.568,0.5,0.883854,0.996875,0.213542,yolo11m.pt,bonnet
train,mtsd__train__vFHGwEVuHOp1ccof8aXsEg.jpg,14,0.712,0.500391,0.85625,0.996094,0.258333,yolo11m.pt,bonnet
train,mtsd__train__vFk2acgPUIaSrbtAbWX78w.jpg,14,0.578,0.499219,0.945573,0.995313,0.092187,yolo11m.pt,bonnet
train,mtsd__train__VftCAbe-02ag-wA4qaABGg.jpg,14,0.779,0.45625,0.897917,0.9125,0.189583,yolo11m.pt,bonnet
train,mtsd__train__VGG56qQ1HFgUcEyKxIhgPQ.jpg,14,0.641,0.5,0.499653,1.0,0.999306,yolov8m-oiv7.pt,bonnet
train,mtsd__train__VGG56qQ1HFgUcEyKxIhgPQ.jpg,14,0.537,0.5,0.859722,0.996875,0.256944,yolo11m.pt,bonnet
train,mtsd__train__VGGdKvYAnjFqjfeHZNU2nA.jpg,14,0.779,0.500781,0.890625,0.995313,0.2,yolo11m.pt,bonnet
train,mtsd__train__VGGdKvYAnjFqjfeHZNU2nA.jpg,14,0.539,0.500391,0.5,0.999219,1.0,yolov8m-oiv7.pt,bonnet
train,mtsd__train__VGkK7vPw8M3qvHldSd3W2A.jpg,14,0.523,0.5,0.927083,0.996875,0.125,yolo11m.pt,bonnet
train,mtsd__train__VhurCuS1PjHljuqayA9aoA.jpg,14,0.502,0.496094,0.895139,0.989062,0.186111,yolo11m.pt,bonnet
train,mtsd__train__VkPBlHxmIQ38Mbb-KVGK0w.jpg,14,0.502,0.499609,0.893229,0.994531,0.188542,yolo11m.pt,bonnet
train,mtsd__train__VL_9uUavG6XX-WrXJV20Eg.jpg,14,0.793,0.498437,0.9,0.995313,0.180556,yolo11m.pt,bonnet
train,mtsd__train__vLDSIdMY9dQlhPrduRkDIg.jpg,14,0.508,0.389062,0.920139,0.775,0.1375,yolo11m.pt,bonnet
train,mtsd__train__VLrF8aBQIcF2g_xtvrXr9g.jpg,14,0.619,0.5,0.869792,0.99375,0.239583,yolo11m.pt,bonnet
train,mtsd__train__vm06X_hbasXoX6Ltdvsuow.jpg,14,0.611,0.500781,0.94401,0.995313,0.091146,yolo11m.pt,bonnet
train,mtsd__train__vm6Urt-flSLkGLFE2b44hQ.jpg,14,0.628,0.5,0.498611,1.0,0.983333,yolov8m-oiv7.pt,bonnet
train,mtsd__train__VM6XTb-46yhP1e07CyC1SQ.jpg,31,0.63,0.210938,0.408333,0.021094,0.025,yolo11m.pt,stop sign
train,mtsd__train__VM_ocSs1IQlSg_5QNorFxA.jpg,31,0.904,0.69375,0.263542,0.048437,0.085417,yolo11m.pt,stop sign
train,mtsd__train__vMFK42fPwSsCQ6c4AiJaXw.jpg,14,0.696,0.426953,0.928262,0.852344,0.125012,yolo11m.pt,bonnet
train,mtsd__train__vMFK42fPwSsCQ6c4AiJaXw.jpg,31,0.553,0.398828,0.392296,0.017188,0.046646,yolo11m.pt,stop sign
train,mtsd__train__VnJ4ad4zhiKWGe--d2VUEA.jpg,14,0.562,0.5,0.910417,0.996875,0.160417,yolo11m.pt,bonnet
train,mtsd__train__VnlZa3EGrweHAcOnxMgjaQ.jpg,14,0.615,0.498437,0.908854,0.996875,0.153646,yolo11m.pt,bonnet
train,mtsd__train__Vop2jedi9o71wXlUsqmLvw.jpg,14,0.752,0.500391,0.922917,0.994531,0.133333,yolo11m.pt,bonnet
train,mtsd__train__VoqqRDOlWQi-1Vbr3Tme-Q.jpg,31,0.658,0.398828,0.580208,0.016406,0.025,yolo11m.pt,stop sign
train,mtsd__train__VoqqRDOlWQi-1Vbr3Tme-Q.jpg,31,0.583,0.091309,0.579167,0.021289,0.039583,yolo11m.pt,stop sign
train,mtsd__train__vP1pI0Zsr5K2JOalGXvQ8Q.jpg,14,0.632,0.501562,0.865625,0.99375,0.245833,yolo11m.pt,bonnet
train,mtsd__train__vp6SZLCLwWhZF9BAk7i9PQ.jpg,14,0.708,0.5,0.498611,1.0,0.997222,yolov8m-oiv7.pt,bonnet
train,mtsd__train__Vpm0yiQ0r-NMROvgTApv2A.jpg,31,0.555,0.777734,0.340625,0.028125,0.036458,yolo11m.pt,stop sign
train,mtsd__train__VpRwVXpnQuT4ZU3Honj78w.jpg,14,0.617,0.498828,0.936458,0.994531,0.110417,yolo11m.pt,bonnet
train,mtsd__train__vQr29h5lNK0JkV_cE3MQgw.jpg,14,0.793,0.500391,0.916667,0.994531,0.15,yolo11m.pt,bonnet
train,mtsd__train__VrVtqvZLVhl-3-NQJXRlNw.jpg,14,0.625,0.500391,0.8625,0.996094,0.254167,yolo11m.pt,bonnet
train,mtsd__train__Vsartxxk7G5PZhJ43Nv_rg.jpg,14,0.681,0.5,0.935417,0.99375,0.106944,yolo11m.pt,bonnet
train,mtsd__train__vTBgs00tIBfFKmTf48KWNQ.jpg,14,0.617,0.499219,0.80625,0.995313,0.358333,yolo11m.pt,bonnet
train,mtsd__train__vTBgs00tIBfFKmTf48KWNQ.jpg,31,0.593,0.236719,0.225521,0.032422,0.040104,yolo11m.pt,stop sign
train,mtsd__train__vtRnM27uE4enGjGAcJV2DQ.jpg,14,0.635,0.500781,0.502604,0.998437,0.990625,yolov8m-oiv7.pt,bonnet
train,mtsd__train__vtRnM27uE4enGjGAcJV2DQ.jpg,14,0.555,0.500781,0.834375,0.995312,0.308333,yolo11m.pt,bonnet
train,mtsd__train__VuHjwhrq6We0qkfrtBJ7VQ.jpg,14,0.613,0.499219,0.915625,0.995313,0.145833,yolo11m.pt,bonnet
train,mtsd__train__vuWKfYDvmlPSxq5OIvsYxA.jpg,14,0.537,0.498828,0.902344,0.996094,0.174479,yolo11m.pt,bonnet
train,mtsd__train__Vv4mCx4wLVF2W2C6WcJmVg.jpg,14,0.703,0.360547,0.939844,0.720312,0.103646,yolo11m.pt,bonnet
train,mtsd__train__vx9xPTa1_foqI_UmTUQgnA.jpg,14,0.527,0.496875,0.904167,0.99375,0.175,yolo11m.pt,bonnet
train,mtsd__train__vY9g1W-dssOYInRCzju5qw.jpg,14,0.591,0.498438,0.938889,0.846875,0.1,yolo11m.pt,bonnet
train,mtsd__train__VyeESaVXCOE2bG_YzQiXeg.jpg,14,0.792,0.501172,0.920573,0.994531,0.133854,yolo11m.pt,bonnet
train,mtsd__train__vYKL7brvI696z7dKMC2Edw.jpg,14,0.606,0.5,0.500521,1.0,0.990625,yolov8m-oiv7.pt,bonnet
train,mtsd__train__vYKL7brvI696z7dKMC2Edw.jpg,31,0.564,0.88125,0.464583,0.015625,0.039583,yolo11m.pt,stop sign
train,mtsd__train__VYVquHAuvqBm6aOwoIQOug.jpg,14,0.734,0.439844,0.899479,0.876562,0.182292,yolo11m.pt,bonnet
train,mtsd__train__vzTgyQnkbgyqCCWt5sUQDQ.jpg,14,0.83,0.526562,0.939583,0.946875,0.104167,yolo11m.pt,bonnet
train,mtsd__train__w1v8VSY9TcLhUDfrk3HLwA.jpg,14,0.52,0.691504,0.960417,0.61543,0.066667,yolo11m.pt,bonnet
train,mtsd__train__w2Nh8szOK0iS5McjfveCxA.jpg,14,0.518,0.5,0.498958,1.0,0.997917,yolov8m-oiv7.pt,bonnet
train,mtsd__train__w3B2ejMiPVHDUAGiOmZbNA.jpg,14,0.578,0.5,0.504167,1.0,0.983333,yolov8m-oiv7.pt,bonnet
train,mtsd__train__w3OsdOUb1k2xuvIaI7WtHw.jpg,14,0.743,0.564063,0.95625,0.871875,0.075,yolo11m.pt,bonnet
train,mtsd__train__w3TLtSpfX1p8cuh2RHeM6A.jpg,14,0.564,0.5,0.5,1.0,1.0,yolov8m-oiv7.pt,bonnet
train,mtsd__train__w3TLtSpfX1p8cuh2RHeM6A.jpg,14,0.506,0.500391,0.882639,0.996094,0.209722,yolo11m.pt,bonnet
train,mtsd__train__w4O9P-7MY3dzOD4upOMEAA.jpg,14,0.611,0.5,0.495833,1.0,0.991667,yolov8m-oiv7.pt,bonnet
train,mtsd__train__w5AY5khTXK3faHM3ANZ2tg.jpg,14,0.821,0.5,0.796875,0.996875,0.385417,yolo11m.pt,bonnet
train,mtsd__train__W6gdFdmEg4aZCRQhCPz7-w.jpg,31,0.539,0.375977,0.6375,0.029297,0.039583,yolo11m.pt,stop sign
train,mtsd__train__w6Ru-_y045N6S01dvtdhTA.jpg,31,0.525,0.087695,0.380741,0.033008,0.059259,yolo11m.pt,stop sign
train,mtsd__train__w6SZYGDZBLXlGlq7Lr6TxQ.jpg,14,0.593,0.500781,0.496745,0.998437,0.991927,yolov8m-oiv7.pt,bonnet
train,mtsd__train__w8G3GFe4hw9lUa98nfhiuw.jpg,14,0.587,0.465625,0.935417,0.91875,0.105556,yolo11m.pt,bonnet
train,mtsd__train__w8MFb2WK04qkVDK-vj6JBg.jpg,14,0.632,0.354102,0.942708,0.705859,0.097917,yolo11m.pt,bonnet
train,mtsd__train__w_hMekcslkxKPDiPjas9_A.jpg,14,0.684,0.500781,0.858854,0.995313,0.263542,yolo11m.pt,bonnet
train,mtsd__train__W_ope62qS9sFMuxCMZ77Cw.jpg,14,0.637,0.5,0.50013,1.0,0.997656,yolov8m-oiv7.pt,bonnet
train,mtsd__train__W_vpdCJWpE96ZrmgcG_kzw.jpg,14,0.905,0.596094,0.854167,0.804688,0.269444,yolo11m.pt,bonnet
train,mtsd__train__waGOFxtQYdoArbiM4LaPbg.jpg,14,0.852,0.499219,0.885417,0.995312,0.2125,yolo11m.pt,bonnet
train,mtsd__train__wBGmtuG5_gdxx1eMG8V4tQ.jpg,14,0.907,0.524609,0.876562,0.947656,0.226753,yolo11m.pt,bonnet
train,mtsd__train__wBQrZosGoVP7giNkEncMWQ.jpg,31,0.619,0.754688,0.461458,0.021875,0.03125,yolo11m.pt,stop sign
train,mtsd__train__WBXVWdJ89Vc6JLnLFV3oWQ.jpg,14,0.621,0.500781,0.903472,0.99375,0.173611,yolo11m.pt,bonnet
train,mtsd__train__WcGQx3-YOsgD_c5ftKWZBg.jpg,14,0.525,0.4875,0.925,0.970313,0.120833,yolo11m.pt,bonnet
train,mtsd__train__Wcz2Mp_m9iPVqTbCfECNmQ.jpg,14,0.927,0.500391,0.774479,0.996094,0.426042,yolo11m.pt,bonnet
train,mtsd__train__WD9jhjKSaEK_-mbUrIl_nA.jpg,14,0.89,0.41875,0.884115,0.834375,0.210938,yolo11m.pt,bonnet
train,mtsd__train__wdjhCsBs2XzAx6vhc-3bJQ.jpg,14,0.582,0.494922,0.886979,0.985156,0.203125,yolo11m.pt,bonnet
train,mtsd__train__WDnI4EwTMJgDnFMMcdvPiw.jpg,14,0.71,0.395117,0.91875,0.787109,0.145833,yolo11m.pt,bonnet
train,mtsd__train__wdPeK2kFW6i4HPsJEQZJ4A.jpg,14,0.683,0.499609,0.498611,0.999219,0.995833,yolov8m-oiv7.pt,bonnet
train,mtsd__train__wdPeK2kFW6i4HPsJEQZJ4A.jpg,31,0.604,0.239844,0.328472,0.028906,0.070833,yolo11m.pt,stop sign
train,mtsd__train__wdzyvm0piZc7TwXg5dbcjA.jpg,14,0.635,0.490234,0.945833,0.975781,0.0875,yolo11m.pt,bonnet
train,mtsd__train__wEPQBnZ44HacuYdZ1tlqBw.jpg,14,0.641,0.5,0.501042,1.0,0.989583,yolov8m-oiv7.pt,bonnet
train,mtsd__train__wErUgMgexwoNDh8tHInMEA.jpg,14,0.6,0.499609,0.8625,0.994531,0.252778,yolo11m.pt,bonnet
train,mtsd__train__wfsYjeAnHamBaHoXp2Pm-g.jpg,31,0.506,0.371484,0.604167,0.011719,0.016667,yolo11m.pt,stop sign
train,mtsd__train__WGduYxlIC_nFdovsgMNkfA.jpg,14,0.745,0.499219,0.802083,0.995313,0.372917,yolo11m.pt,bonnet
train,mtsd__train__wgpnuvg8nhBTNdT3OGV5MQ.jpg,14,0.764,0.499609,0.907292,0.997656,0.16875,yolo11m.pt,bonnet
train,mtsd__train__wH_OO5llP8PpjEP5QkA5gw.jpg,14,0.6,0.511328,0.891146,0.974219,0.203125,yolo11m.pt,bonnet
train,mtsd__train__WHWi6cw62ODyYU6ONLyUEQ.jpg,14,0.664,0.5,0.500174,1.0,0.999653,yolov8m-oiv7.pt,bonnet
train,mtsd__train__WI01Xkk2rT-sCzhaq4ufvQ.jpg,14,0.641,0.511719,0.8875,0.973437,0.208333,yolo11m.pt,bonnet
train,mtsd__train__WIdDCVwI2GlcIOyn2iAhmw.jpg,14,0.521,0.501172,0.502083,0.997656,0.983333,yolov8m-oiv7.pt,bonnet
train,mtsd__train__wiM1EVpLKQ-Kv2LG7aTmyg.jpg,14,0.623,0.500391,0.891667,0.996094,0.197917,yolo11m.pt,bonnet
train,mtsd__train__WinWs2aurhpZSS1O9QFwJA.jpg,14,0.598,0.5,0.901823,0.995313,0.175521,yolo11m.pt,bonnet
train,mtsd__train__wJ1CPRTzda2PN1qUbvhTfA.jpg,14,0.725,0.498437,0.931641,0.996875,0.108073,yolo11m.pt,bonnet
train,mtsd__train__WKivkJyliAqLjIHNxgkUKQ.jpg,31,0.578,0.374414,0.376389,0.024219,0.05,yolo11m.pt,stop sign
train,mtsd__train__WKLynnnkylL0ALcqQ1eX-A.jpg,14,0.576,0.5,0.500412,1.0,0.987769,yolov8m-oiv7.pt,bonnet
train,mtsd__train__WKLynnnkylL0ALcqQ1eX-A.jpg,14,0.555,0.499609,0.902387,0.997656,0.179642,yolo11m.pt,bonnet
train,mtsd__train__WKzgCq8i7f09o6kDexAUZA.jpg,14,0.589,0.5,0.804167,1.0,0.3875,yolov8m-oiv7.pt,bonnet
train,mtsd__train__WLdge_lvjiwz35Sn_HIGfA.jpg,14,0.709,0.5,0.852778,0.995313,0.272222,yolo11m.pt,bonnet
train,mtsd__train__WLEBc9AgBaerr8Nuk7wh5g.jpg,14,0.74,0.392578,0.95,0.782813,0.083333,yolo11m.pt,bonnet
train,mtsd__train__WLNlE137hgPGhDQTwvOerA.jpg,14,0.574,0.499609,0.498611,0.999219,0.997222,yolov8m-oiv7.pt,bonnet
train,mtsd__train__WmB0bwkqzEIf7lqC7uqf8Q.jpg,14,0.504,0.5,0.906944,0.996875,0.163889,yolo11m.pt,bonnet
train,mtsd__train__wmd4nqmM5pMGuGw9tYVSPA.jpg,14,0.617,0.496875,0.869792,0.989062,0.2375,yolo11m.pt,bonnet
train,mtsd__train__wmd4nqmM5pMGuGw9tYVSPA.jpg,14,0.57,0.499219,0.498437,0.998437,0.996875,yolov8m-oiv7.pt,bonnet
train,mtsd__train__wneBVmAo_mJxJknbSIcfdQ.jpg,31,0.626,0.365039,0.665278,0.010547,0.020833,yolo11m.pt,stop sign
train,mtsd__train__wNFUrQJT80qnjX-ZB-f6mw.jpg,14,0.694,0.5,0.498958,1.0,0.99375,yolov8m-oiv7.pt,bonnet
train,mtsd__train__wNpudGc4s25ieTbl63TmVQ.jpg,14,0.666,0.5,0.49987,1.0,0.989844,yolov8m-oiv7.pt,bonnet
train,mtsd__train__Wo5IHL54FvoRlA2z7v4MZg.jpg,14,0.578,0.5,0.895833,0.995313,0.189583,yolo11m.pt,bonnet
train,mtsd__train__wooXbqryQA4assJQKcDBuA.jpg,14,0.712,0.539062,0.95625,0.9125,0.075,yolo11m.pt,bonnet
train,mtsd__train__wOv1NrtCxHkGUqYbv3q1Pw.jpg,14,0.808,0.5,0.85625,0.995313,0.266667,yolo11m.pt,bonnet
train,mtsd__train__WPLrJcsPMRzGiFk6pHPmRw.jpg,14,0.527,0.5,0.498958,1.0,0.997917,yolov8m-oiv7.pt,bonnet
train,mtsd__train__WpppA10HK5496Duyl_miwQ.jpg,14,0.791,0.496094,0.939583,0.990625,0.104167,yolo11m.pt,bonnet
train,mtsd__train__WpQk6H9ESTpe-HTpr58Haw.jpg,14,0.617,0.500391,0.918055,0.992969,0.138889,yolo11m.pt,bonnet
train,mtsd__train__wpyK3sBHkg1LfV-jZg9D1Q.jpg,14,0.743,0.499609,0.888542,0.994531,0.202083,yolo11m.pt,bonnet
train,mtsd__train__wQbQKtx19KfUxoXxid6ZBA.jpg,14,0.541,0.499219,0.895833,0.998437,0.190278,yolo11m.pt,bonnet
train,mtsd__train__WqHM79N1OWqxb5BhApWYyw.jpg,14,0.816,0.500391,0.865278,0.997656,0.244444,yolo11m.pt,bonnet
train,mtsd__train__wR1EPBMTrOBhJwz4ELqZxw.jpg,14,0.804,0.499219,0.795139,0.996875,0.3875,yolo11m.pt,bonnet
train,mtsd__train__wR1EPBMTrOBhJwz4ELqZxw.jpg,14,0.619,0.5,0.509722,1.0,0.972222,yolov8m-oiv7.pt,bonnet
train,mtsd__train__Wr7h-H9lFYsMlQtnt8KQiQ.jpg,14,0.651,0.5,0.5,1.0,0.993056,yolov8m-oiv7.pt,bonnet
train,mtsd__train__wrAz7VT__nlyQtb5kefsbw.jpg,31,0.537,0.585938,0.522917,0.0125,0.019792,yolo11m.pt,stop sign
train,mtsd__train__wrbjyhGfVy3785_01GnaHQ.jpg,14,0.658,0.500391,0.886974,0.996094,0.204474,yolo11m.pt,bonnet
train,mtsd__train__wriE71ufbRZItPRNXouItA.jpg,31,0.683,0.222266,0.402604,0.0125,0.029167,yolo11m.pt,stop sign
train,mtsd__train__wRlvZ4ugBtGOLtC-xBPNUg.jpg,14,0.547,0.5,0.499479,1.0,0.976042,yolov8m-oiv7.pt,bonnet
train,mtsd__train__Wsge16UfY3K-74iYbgpAVQ.jpg,14,0.56,0.5,0.500521,1.0,0.998958,yolov8m-oiv7.pt,bonnet
train,mtsd__train__WsHwkxA0ER99Sw2VYh8iBQ.jpg,31,0.598,0.939063,0.605208,0.0125,0.016667,yolo11m.pt,stop sign
train,mtsd__train__WTKilN-J-5FOCczR7pOfhA.jpg,31,0.607,0.060059,0.543229,0.049219,0.071875,yolo11m.pt,stop sign
train,mtsd__train__wv8D4neaOqi24wfUwA73eg.jpg,14,0.809,0.499219,0.882812,0.995313,0.219792,yolo11m.pt,bonnet
train,mtsd__train__WVEQ-zg6-ZW5UQruk1VwGg.jpg,14,0.602,0.5,0.935417,0.996875,0.110417,yolo11m.pt,bonnet
train,mtsd__train__wvY-gy9hmqA2eeCKs1dUmw.jpg,14,0.691,0.496875,0.847396,0.99375,0.284375,yolo11m.pt,bonnet
train,mtsd__train__wW-Jk58oVRX-BhYryvxsFQ.jpg,14,0.657,0.5,0.852778,0.996875,0.272222,yolo11m.pt,bonnet
train,mtsd__train__WXkkwoSlaBJPnboeJ2L3QQ.jpg,14,0.508,0.5,0.922222,0.996875,0.131944,yolo11m.pt,bonnet
train,mtsd__train__WXSxirD5E9Wb_CbkkUsQvA.jpg,14,0.804,0.521094,0.870833,0.954687,0.24375,yolo11m.pt,bonnet
train,mtsd__train__Wy3g-HiQMduGlYM6BUWsCQ.jpg,14,0.714,0.500391,0.89375,0.996094,0.1875,yolo11m.pt,bonnet
train,mtsd__train__Wy3g-HiQMduGlYM6BUWsCQ.jpg,14,0.617,0.5,0.499479,1.0,0.998958,yolov8m-oiv7.pt,bonnet
train,mtsd__train__WycQsNq-GzFbVOuP_4AO-g.jpg,14,0.539,0.5,0.921875,0.996875,0.135417,yolo11m.pt,bonnet
train,mtsd__train__wySCXnGxBwWuJhL0sv9Vrg.jpg,14,0.545,0.499219,0.89974,0.99375,0.179688,yolo11m.pt,bonnet
train,mtsd__train__wYWybEa2x3Qrt8-Ff9vhnw.jpg,31,0.553,0.308398,0.695312,0.019922,0.026042,yolo11m.pt,stop sign
train,mtsd__train__X0AGKy4GmUXb9zx-l7_W0Q.jpg,14,0.529,0.499219,0.872917,0.998437,0.235417,yolo11m.pt,bonnet
train,mtsd__train__X0IFnsmXtb1oDzS6HjzafQ.jpg,14,0.626,0.499609,0.9375,0.997656,0.10625,yolo11m.pt,bonnet
train,mtsd__train__X1fGQTFdO3ODtWSxKctiUg.jpg,14,0.621,0.5,0.911458,0.996875,0.15625,yolo11m.pt,bonnet
train,mtsd__train__X4jM0wwajN-VDbMF8rdbDw.jpg,14,0.566,0.500781,0.904167,0.995313,0.175,yolo11m.pt,bonnet
train,mtsd__train__X58xsYmfnRBHuITxwYOvNA.jpg,14,0.764,0.499609,0.852083,0.996094,0.272917,yolo11m.pt,bonnet
train,mtsd__train__X58xsYmfnRBHuITxwYOvNA.jpg,14,0.51,0.5,0.502604,1.0,0.994792,yolov8m-oiv7.pt,bonnet
train,mtsd__train__X59Qav_IssldB9VtS8aaHQ.jpg,14,0.613,0.499219,0.8125,0.995313,0.35,yolo11m.pt,bonnet
train,mtsd__train__x6tN_uTurWHKUvxhwczFAA.jpg,14,0.746,0.498828,0.904167,0.996094,0.170833,yolo11m.pt,bonnet
train,mtsd__train__x7SYJCSEehoex8Rv3RJ6ug.jpg,31,0.736,0.215625,0.671875,0.025781,0.045833,yolo11m.pt,stop sign
train,mtsd__train__x804Y5WqWZhQDohZldSrqw.jpg,14,0.666,0.5,0.927778,0.995313,0.120833,yolo11m.pt,bonnet
train,mtsd__train__x87P8PfXuSBP7ziegBOL2A.jpg,14,0.543,0.439062,0.907292,0.875,0.170833,yolo11m.pt,bonnet
train,mtsd__train__X8JQm8vmDB2815ha9nY7PQ.jpg,14,0.717,0.499219,0.896875,0.998437,0.1875,yolo11m.pt,bonnet
train,mtsd__train__xBAB9UKk7cgh29jPxHbMnQ.jpg,14,0.57,0.499609,0.829687,0.996094,0.319792,yolo11m.pt,bonnet
train,mtsd__train__XbfJ2EjgBOT8c-pnEUr7fQ.jpg,14,0.635,0.500391,0.499606,0.999219,0.999212,yolov8m-oiv7.pt,bonnet
train,mtsd__train__XbjKnOkcMuBv2cL__7aMIg.jpg,14,0.789,0.499219,0.869792,0.996875,0.239583,yolo11m.pt,bonnet
train,mtsd__train__XBULtPi-c5Qh3Ky_oq5tQA.jpg,14,0.736,0.535937,0.90651,0.925,0.166146,yolo11m.pt,bonnet
train,mtsd__train__XCEceIcyfkFUl9D6-Xj7CA.jpg,14,0.797,0.5,0.851563,0.997917,0.290625,yolo11m.pt,bonnet
train,mtsd__train__Xck2GrKAPD8OKVTlhPqQ2A.jpg,14,0.771,0.5,0.883333,0.996875,0.209722,yolo11m.pt,bonnet
train,mtsd__train__Xck2GrKAPD8OKVTlhPqQ2A.jpg,14,0.587,0.499219,0.502778,0.998438,0.994444,yolov8m-oiv7.pt,bonnet
train,mtsd__train__XcmQtdrr1XBrx_YqI3-p8A.jpg,14,0.56,0.5,0.499306,1.0,0.998611,yolov8m-oiv7.pt,bonnet
train,mtsd__train__xco1dcbmM8rdSe3A68A8RA.jpg,14,0.615,0.500391,0.847222,0.997656,0.279167,yolo11m.pt,bonnet
train,mtsd__train__XDdbbcIFT4l1wKz_RcEmLQ.jpg,14,0.826,0.5,0.89375,0.996875,0.189583,yolo11m.pt,bonnet
train,mtsd__train__xdQtT-UQiEj-y5c0BFyp_w.jpg,14,0.553,0.499219,0.794792,0.99375,0.3875,yolo11m.pt,bonnet
train,mtsd__train__xdQtT-UQiEj-y5c0BFyp_w.jpg,14,0.535,0.500781,0.50013,0.998438,0.995573,yolov8m-oiv7.pt,bonnet
train,mtsd__train__XdrguGYffzYcn4YdVjA-Dg.jpg,14,0.646,0.499219,0.804167,0.996875,0.363889,yolo11m.pt,bonnet
train,mtsd__train__xE3Rh-8Ktj74PL7UXo95Rw.jpg,14,0.651,0.5,0.863021,0.996875,0.251042,yolo11m.pt,bonnet
train,mtsd__train__XEDScx5e9ITvOvLX9qFstg.jpg,31,0.704,0.901563,0.559375,0.065625,0.0875,yolo11m.pt,stop sign
train,mtsd__train__XefyDKixkEngXqaFrBTOxA.jpg,14,0.688,0.500391,0.884722,0.996094,0.206944,yolo11m.pt,bonnet
train,mtsd__train__XegnkYKYfO5Xt-A1VDy9Tw.jpg,14,0.681,0.5,0.901389,0.996875,0.180555,yolo11m.pt,bonnet
train,mtsd__train__Xf67ZWFn0TYjrD6qptpMEQ.jpg,14,0.723,0.500781,0.841667,0.992188,0.290278,yolo11m.pt,bonnet
train,mtsd__train__xg7dJNxF41ISoq-Su7G3Dg.jpg,14,0.843,0.500391,0.891667,0.996094,0.197917,yolo11m.pt,bonnet
train,mtsd__train__xG8FPRlWJKwULFmSbFTT3w.jpg,14,0.578,0.5,0.502474,1.0,0.995052,yolov8m-oiv7.pt,bonnet
train,mtsd__train__xgoHFWmLJTob4aF-LUcbXg.jpg,14,0.639,0.5,0.499479,1.0,0.996875,yolov8m-oiv7.pt,bonnet
train,mtsd__train__XGPuv1oGEpB7j9GIQj91KA.jpg,14,0.527,0.499609,0.894792,0.996094,0.191667,yolo11m.pt,bonnet
train,mtsd__train__Xh6qf2VGH0BzcQaBYu9z6w.jpg,14,0.884,0.476172,0.890625,0.950781,0.2,yolo11m.pt,bonnet
train,mtsd__train__xHEjOa6bnuQpxuKWjQ0YFQ.jpg,14,0.648,0.499219,0.889323,0.995313,0.192708,yolo11m.pt,bonnet
train,mtsd__train__XhgOrRERxFV1_sgAj-6ZfA.jpg,14,0.564,0.5,0.5,1.0,1.0,yolov8m-oiv7.pt,bonnet
train,mtsd__train__xhmefF53y9zBzMHLxDCHAw.jpg,14,0.719,0.501953,0.847222,0.992969,0.281944,yolo11m.pt,bonnet
train,mtsd__train__XhMXI1o3VtiviR4fVgsjtA.jpg,14,0.698,0.503125,0.914323,0.990625,0.150521,yolo11m.pt,bonnet
train,mtsd__train__xJEO0zYvhrzvgYlSCIMVEA.jpg,14,0.761,0.5,0.884722,0.99375,0.205556,yolo11m.pt,bonnet
train,mtsd__train__xjJ28YnLSwVSXTRoo9fIrg.jpg,14,0.621,0.5,0.884896,0.996875,0.211458,yolo11m.pt,bonnet
train,mtsd__train__xJuIOhwymwutv-udSDhNGw.jpg,14,0.562,0.5,0.916667,0.99375,0.145833,yolo11m.pt,bonnet
train,mtsd__train__xkIv1bOTqaGI9Mac36AXnA.jpg,14,0.531,0.5,0.885417,0.996875,0.204167,yolo11m.pt,bonnet
train,mtsd__train__XlFwcVtAJNHdl_hoXrj1cQ.jpg,14,0.938,0.653906,0.792361,0.620313,0.394444,yolo11m.pt,bonnet
train,mtsd__train__xlLJXNb6g_Rrb4DqVQI-KQ.jpg,14,0.549,0.499219,0.884375,0.998437,0.208333,yolo11m.pt,bonnet
train,mtsd__train__XmACfWt4bHTHvg76z-P6UA.jpg,14,0.784,0.433594,0.9375,0.864063,0.1,yolo11m.pt,bonnet
train,mtsd__train__XNCuIlB69mGjcujnljlikg.jpg,14,0.771,0.487891,0.857292,0.974219,0.2625,yolo11m.pt,bonnet
train,mtsd__train__xnhOC0lJvBknSBJyEun6DA.jpg,14,0.771,0.500781,0.813889,0.995313,0.343056,yolo11m.pt,bonnet
train,mtsd__train__XnjjqAeC-727lKHiQZJEmg.jpg,31,0.684,0.571875,0.546875,0.042188,0.057292,yolo11m.pt,stop sign
train,mtsd__train__xOaWTlaKJDYQfxenJKLgVQ.jpg,14,0.621,0.5,0.884896,0.995313,0.211458,yolo11m.pt,bonnet
train,mtsd__train__XPdraK2-pMOP4dWcJuhRiQ.jpg,14,0.833,0.642969,0.9375,0.709375,0.1125,yolo11m.pt,bonnet
train,mtsd__train__XpEGNqB6tKAx8Io01kkDrA.jpg,14,0.637,0.49375,0.919444,0.9875,0.138889,yolo11m.pt,bonnet
train,mtsd__train__xPIGccB3gzSSjlNy_F3cvw.jpg,14,0.572,0.498047,0.935156,0.996094,0.108854,yolo11m.pt,bonnet
train,mtsd__train__XPSrk4KIjT2D3libBkjxXQ.jpg,14,0.607,0.499219,0.497917,0.998437,0.995833,yolov8m-oiv7.pt,bonnet
train,mtsd__train__Xqr2PTAwQ5MJYwZKPyzDQw.jpg,14,0.6,0.499219,0.919792,0.995313,0.135417,yolo11m.pt,bonnet
train,mtsd__train__XQsHGeVGDGF9eT_5fncJ2Q.jpg,14,0.892,0.534766,0.927083,0.789844,0.13125,yolo11m.pt,bonnet
train,mtsd__train__xrRYWNOyr8vD3huyBRvnOA.jpg,14,0.779,0.5,0.908203,0.996875,0.153646,yolo11m.pt,bonnet
train,mtsd__train__xRXoTTOABFUD84KrS6ydrQ.jpg,31,0.658,0.295703,0.519792,0.039453,0.047917,yolo11m.pt,stop sign
train,mtsd__train__XrxsGX5qcy5tsQtPN14ozg.jpg,14,0.783,0.499609,0.93125,0.997656,0.120833,yolo11m.pt,bonnet
train,mtsd__train__xrZGnYEWXyc3vnQNMFNwFA.jpg,14,0.566,0.49375,0.927778,0.984375,0.122222,yolo11m.pt,bonnet
train,mtsd__train__xtCCJE6WmrWC869qh10Kgg.jpg,14,0.537,0.5,0.498958,1.0,0.997917,yolov8m-oiv7.pt,bonnet
train,mtsd__train__XTfKSoHgipuijEg0PJS1aw.jpg,14,0.759,0.5,0.917708,0.99375,0.147917,yolo11m.pt,bonnet
train,mtsd__train__xuTBoQWcHLHzwtQeMPbO7A.jpg,14,0.796,0.459375,0.934028,0.914062,0.109722,yolo11m.pt,bonnet
train,mtsd__train__xVGYySbVgHp5EDHwBVdV3g.jpg,14,0.562,0.5,0.501562,1.0,0.992708,yolov8m-oiv7.pt,bonnet
train,mtsd__train__xwiOW1s95gSV_UdNyPPYmg.jpg,14,0.679,0.497656,0.884375,0.992188,0.210417,yolo11m.pt,bonnet
train,mtsd__train__xy-qYD8_msw-NfHMaP6FTw.jpg,14,0.758,0.501172,0.871875,0.996094,0.2375,yolo11m.pt,bonnet
train,mtsd__train__XyBBig3Zk4diLPggD037tA.jpg,14,0.71,0.500781,0.920833,0.995313,0.1375,yolo11m.pt,bonnet
train,mtsd__train__XYDyZOMqVFO_2aq-nTjM3w.jpg,14,0.537,0.500391,0.91901,0.996094,0.141146,yolo11m.pt,bonnet
train,mtsd__train__xymIStxXHbEF_9hU5d2O_g.jpg,14,0.9,0.340039,0.908594,0.679297,0.166146,yolo11m.pt,bonnet
train,mtsd__train__XYp4KQlfT89YEP4RlLGCFg.jpg,14,0.667,0.499219,0.888542,0.995313,0.202083,yolo11m.pt,bonnet
train,mtsd__train__XYp4KQlfT89YEP4RlLGCFg.jpg,14,0.56,0.5,0.505339,1.0,0.985156,yolov8m-oiv7.pt,bonnet
train,mtsd__train__Xz2whWiPg4GDcFZ1z0Q9qA.jpg,14,0.582,0.5,0.834722,0.996875,0.311111,yolo11m.pt,bonnet
train,mtsd__train__XZDt_zZ4-NIRdg6RbJzZPg.jpg,14,0.508,0.498438,0.940625,0.99375,0.09375,yolo11m.pt,bonnet
train,mtsd__train__XzoQkGN9umditZfAqIrtEg.jpg,14,0.607,0.5,0.501562,1.0,0.992708,yolov8m-oiv7.pt,bonnet
train,mtsd__train__Y0haVDPLaz7rOtr7vjnWrA.jpg,14,0.51,0.499609,0.842708,0.997656,0.2875,yolo11m.pt,bonnet
train,mtsd__train__y0PxqEivubAba7A4C8sjBA.jpg,14,0.539,0.498828,0.907292,0.996094,0.164583,yolo11m.pt,bonnet
train,mtsd__train__Y1O-xbUExrUUyQ0ktl_Bdw.jpg,14,0.752,0.499219,0.909375,0.995313,0.1625,yolo11m.pt,bonnet
train,mtsd__train__Y25yq91FxAJcVvOc5D4X8g.jpg,14,0.602,0.608203,0.958333,0.777344,0.070833,yolo11m.pt,bonnet
train,mtsd__train__y91ZQdFcwFcoMX2Aq_nCcw.jpg,14,0.799,0.499219,0.90599,0.998438,0.171354,yolo11m.pt,bonnet
train,mtsd__train__Y_JfxUqK9dedYGC9jo39Hg.jpg,14,0.701,0.538281,0.908073,0.917188,0.167187,yolo11m.pt,bonnet
train,mtsd__train__yaGnGVhpOAwcmjHxZ-AHNQ.jpg,14,0.799,0.505469,0.939583,0.984375,0.104167,yolo11m.pt,bonnet
train,mtsd__train__YATzrdz4bWqxrH8riil0bg.jpg,14,0.71,0.5,0.503646,1.0,0.992708,yolov8m-oiv7.pt,bonnet
train,mtsd__train__YAw7dMGlTvCmbl13hGdxFA.jpg,14,0.976,0.396094,0.738021,0.789062,0.507292,yolo11m.pt,bonnet
train,mtsd__train__yAYxf4QE2Rd8oDo8dSJVAw.jpg,31,0.626,0.310938,0.591667,0.023438,0.038889,yolo11m.pt,stop sign
train,mtsd__train__yBBbMw74oafx6Fub8dw7yQ.jpg,14,0.657,0.499609,0.841667,0.994531,0.291667,yolo11m.pt,bonnet
train,mtsd__train__ybRoY2k7wFrXu_QTWvqTyQ.jpg,14,0.506,0.342187,0.952083,0.682813,0.075,yolo11m.pt,bonnet
train,mtsd__train__ybztPNQy72cbZrvQdDKkAQ.jpg,14,0.582,0.517187,0.90625,0.9625,0.170833,yolo11m.pt,bonnet
train,mtsd__train__YCd8X6E_XSXOQQLm0PLOSg.jpg,14,0.896,0.304297,0.844792,0.608594,0.29375,yolo11m.pt,bonnet
train,mtsd__train__YCfnhoqm7Zg_SIRPK4DSSQ.jpg,14,0.558,0.5,0.5,1.0,1.0,yolov8m-oiv7.pt,bonnet
train,mtsd__train__YCgtFaKQ5pvHLVYF_gOy_A.jpg,14,0.792,0.500391,0.913542,0.992969,0.15625,yolo11m.pt,bonnet
train,mtsd__train__yCUkvQ-fnk4UKCIeOsqAfQ.jpg,14,0.691,0.5,0.90651,0.998438,0.170312,yolo11m.pt,bonnet
train,mtsd__train__Yd4T8NuBSqWCQTC5qckhjQ.jpg,14,0.698,0.500391,0.875,0.994531,0.23125,yolo11m.pt,bonnet
train,mtsd__train__yEoLhSIDfarBfM12wjTtxw.jpg,14,0.781,0.498438,0.923958,0.995313,0.1375,yolo11m.pt,bonnet
train,mtsd__train__YfE4Juz-O5MK6E-tWvCpmg.jpg,14,0.639,0.500391,0.501562,0.999219,0.986458,yolov8m-oiv7.pt,bonnet
train,mtsd__train__YfE4Juz-O5MK6E-tWvCpmg.jpg,14,0.566,0.498438,0.922656,0.996875,0.129687,yolo11m.pt,bonnet
train,mtsd__train__yfQVzuHjJwsttDA-B_O9Rw.jpg,14,0.641,0.5,0.875391,0.996875,0.232031,yolo11m.pt,bonnet
train,mtsd__train__Yg-AWC9PMDokIqyXpg7ZxQ.jpg,14,0.533,0.5,0.905208,0.996875,0.170833,yolo11m.pt,bonnet
train,mtsd__train__yhFBIBkniSBdubOjfSo4Bw.jpg,31,0.672,0.06095,0.591667,0.025366,0.0375,yolo11m.pt,stop sign
train,mtsd__train__YHq2r60d6HWmULUr6TKNgA.jpg,14,0.543,0.499609,0.888889,0.996094,0.197222,yolo11m.pt,bonnet
train,mtsd__train__YI_5WAdQeAIw5Ts6Gp-Vlw.jpg,14,0.95,0.5,0.854167,0.99375,0.270833,yolo11m.pt,bonnet
train,mtsd__train__YiVc6b3Jp8JBYOMMHp9x5g.jpg,14,0.819,0.452344,0.865278,0.903125,0.236111,yolo11m.pt,bonnet
train,mtsd__train__YIxZnD_WqgeXNlXOKJWsZw.jpg,14,0.541,0.492578,0.94375,0.975781,0.09375,yolo11m.pt,bonnet
train,mtsd__train__yj04W2l24f42dPB3XZbKEg.jpg,14,0.736,0.500781,0.870833,0.995313,0.230556,yolo11m.pt,bonnet
train,mtsd__train__yj04W2l24f42dPB3XZbKEg.jpg,14,0.628,0.500391,0.501389,0.999219,0.997222,yolov8m-oiv7.pt,bonnet
train,mtsd__train__Yj9Zr1RdyRMUwZ_62VuOlQ.jpg,14,0.816,0.49375,0.891667,0.95,0.2,yolo11m.pt,bonnet
train,mtsd__train__yjtg679CHmqrEB00YeySZA.jpg,14,0.66,0.500391,0.914583,0.994531,0.154167,yolo11m.pt,bonnet
train,mtsd__train__yjtg679CHmqrEB00YeySZA.jpg,31,0.651,0.589844,0.541667,0.014063,0.016667,yolo11m.pt,stop sign
train,mtsd__train__Yk8lmB_CnFKLwgojvjfFfQ.jpg,14,0.566,0.5,0.501302,1.0,0.99349,yolov8m-oiv7.pt,bonnet
train,mtsd__train__Ykommogpbo45Wks_ZuRSpw.jpg,14,0.508,0.499609,0.503646,0.999219,0.992708,yolov8m-oiv7.pt,bonnet
train,mtsd__train__yKZ008T0y49PjJa-VK9msg.jpg,14,0.722,0.5,0.92526,0.996875,0.124479,yolo11m.pt,bonnet
train,mtsd__train__yl91-wtsWZi-PJkyaeEkXg.jpg,14,0.694,0.500781,0.85625,0.995312,0.266667,yolo11m.pt,bonnet
train,mtsd__train__YlfKIOSEIR0vwdr9HOW4vw.jpg,14,0.512,0.500391,0.497396,0.999219,0.994792,yolov8m-oiv7.pt,bonnet
train,mtsd__train__yLz_A4cXmT6W5rxEL77GYQ.jpg,14,0.766,0.5,0.857812,0.99375,0.261458,yolo11m.pt,bonnet
train,mtsd__train__yLz_A4cXmT6W5rxEL77GYQ.jpg,14,0.625,0.5,0.497917,1.0,0.995833,yolov8m-oiv7.pt,bonnet
train,mtsd__train__YMbTnH8BTwsodNh9XsK5SQ.jpg,14,0.709,0.500391,0.849479,0.996094,0.278125,yolo11m.pt,bonnet
train,mtsd__train__Yn3iGz3TKAxxg0I_3JYjBQ.jpg,14,0.662,0.5,0.501215,1.0,0.994792,yolov8m-oiv7.pt,bonnet
train,mtsd__train__yNySJVqRs-OVi5RO2YmXZA.jpg,14,0.587,0.5,0.935156,0.996875,0.108854,yolo11m.pt,bonnet
train,mtsd__train__yonsjEi5lCo_uMPAe1kUlA.jpg,14,0.907,0.499219,0.864583,0.992187,0.252083,yolo11m.pt,bonnet
train,mtsd__train__yp28t6b1wBkR4g_56NITJg.jpg,14,0.871,0.5,0.905208,0.996875,0.170833,yolo11m.pt,bonnet
train,mtsd__train__yPdao5sf1STYUd5GzH-FHA.jpg,14,0.653,0.499219,0.9375,0.998437,0.10625,yolo11m.pt,bonnet
train,mtsd__train__yPGX5YRreS40Jkk7i2n-Uw.jpg,14,0.512,0.500391,0.895312,0.996094,0.192187,yolo11m.pt,bonnet
train,mtsd__train__YPyJjccKczxqK-WYPbQLSw.jpg,14,0.862,0.674316,0.938542,0.649805,0.10625,yolo11m.pt,bonnet
train,mtsd__train__Yq3mxmiRFvlyo9EuvbQS8w.jpg,14,0.84,0.5,0.786979,0.996875,0.403125,yolo11m.pt,bonnet
train,mtsd__train__YqMFrRar9OMsae25NIjnGg.jpg,14,0.506,0.472656,0.893056,0.94375,0.191667,yolo11m.pt,bonnet
train,mtsd__train__yr95G0ECYt0DtxvLK1UAZg.jpg,14,0.606,0.500781,0.889583,0.995313,0.204167,yolo11m.pt,bonnet
train,mtsd__train__YrBtPHqYjqJWOJr8dAwawA.jpg,14,0.709,0.491406,0.494954,0.979688,0.981445,yolo11m.pt,bonnet
train,mtsd__train__YrcCA-Okv04Wk6qQ8uYjRA.jpg,14,0.706,0.5,0.823958,0.995313,0.333333,yolo11m.pt,bonnet
train,mtsd__train__YrcCA-Okv04Wk6qQ8uYjRA.jpg,14,0.525,0.5,0.5,1.0,1.0,yolov8m-oiv7.pt,bonnet
train,mtsd__train__YrdWnY4_R5-tZDwwTKWK-g.jpg,14,0.952,0.686328,0.798958,0.625781,0.377083,yolo11m.pt,bonnet
train,mtsd__train__yrfpyt4N1_QuQO9o5VVp8Q.jpg,31,0.742,0.302344,0.499306,0.026172,0.048611,yolo11m.pt,stop sign
train,mtsd__train__yrfpyt4N1_QuQO9o5VVp8Q.jpg,14,0.694,0.408203,0.939583,0.813281,0.098611,yolo11m.pt,bonnet
train,mtsd__train__YSFX2nKKD4K_5hSce8j-4Q.jpg,31,0.798,0.073535,0.33125,0.04707,0.129167,yolo11m.pt,stop sign
train,mtsd__train__ySHxhMy9QcDoR388eTWkaA.jpg,31,0.56,0.181152,0.641667,0.014648,0.033333,yolo11m.pt,stop sign
train,mtsd__train__YtT1IqU1O0aBlH039LQWAg.jpg,14,0.774,0.504688,0.9125,0.9875,0.15,yolo11m.pt,bonnet
train,mtsd__train__YuqIwZmbIDSmBiAY_zkdYQ.jpg,14,0.794,0.441406,0.922917,0.879687,0.135417,yolo11m.pt,bonnet
train,mtsd__train__YVavlyQgta1OZO-ei6fy3g.jpg,14,0.776,0.500781,0.88125,0.995312,0.214583,yolo11m.pt,bonnet
train,mtsd__train__yvFSTf2FZoueLm8EUem__Q.jpg,31,0.764,0.516797,0.548958,0.034375,0.05,yolo11m.pt,stop sign
train,mtsd__train__YWdyEDUBdjgaacDn1x8Z6Q.jpg,14,0.693,0.500781,0.855556,0.995313,0.269444,yolo11m.pt,bonnet
train,mtsd__train__yWpPEWLwOXXxLKjwyxr5-A.jpg,14,0.886,0.5,0.849479,0.996875,0.280208,yolo11m.pt,bonnet
train,mtsd__train__yX6A1_zFRsk3BJ1DULHaFw.jpg,14,0.553,0.498828,0.89375,0.992969,0.191667,yolo11m.pt,bonnet
train,mtsd__train__yxa_9uB5yWl9bkBfgDzz0Q.jpg,14,0.568,0.501563,0.902778,0.99375,0.175,yolo11m.pt,bonnet
train,mtsd__train__YXaJpnPn6Dd2shahhfxckw.jpg,14,0.537,0.498438,0.865278,0.996875,0.244444,yolo11m.pt,bonnet
train,mtsd__train__YXcE4osVCfiNEAuSFueZvw.jpg,14,0.529,0.478125,0.909375,0.954688,0.164583,yolo11m.pt,bonnet
train,mtsd__train__YXIB8UEH4ZhiHucc254lfA.jpg,14,0.759,0.5,0.895833,0.996875,0.189583,yolo11m.pt,bonnet
train,mtsd__train__yXRiBfBBlzocGzSlrBcBJQ.jpg,14,0.764,0.499219,0.882812,0.998438,0.217708,yolo11m.pt,bonnet
train,mtsd__train__yxx-MMY3aG8gbv1Z0ssjfw.jpg,14,0.602,0.499609,0.907292,0.997656,0.166667,yolo11m.pt,bonnet
train,mtsd__train__YYDAETa6LRrbB486saS_cg.jpg,14,0.508,0.5,0.897917,0.996875,0.1875,yolo11m.pt,bonnet
train,mtsd__train__yZjVoLdTDxjwfWKs2uJr5Q.jpg,31,0.609,0.075391,0.549479,0.02832,0.042708,yolo11m.pt,stop sign
train,mtsd__train__Z-Y_A-4Fjjk-brwH_Cup-Q.jpg,14,0.533,0.500391,0.870833,0.999219,0.233333,yolo11m.pt,bonnet
train,mtsd__train__Z0O2KmLyc1Fxs0hDBN05aw.jpg,14,0.746,0.498438,0.913542,0.996875,0.15625,yolo11m.pt,bonnet
train,mtsd__train__z3_8etGW8RjP_D8MsOjqtA.jpg,14,0.516,0.501172,0.904167,0.994531,0.175,yolo11m.pt,bonnet
train,mtsd__train__Z4CZsv-MJ_hukDGW0DqvfA.jpg,14,0.712,0.501563,0.903125,0.99375,0.177083,yolo11m.pt,bonnet
train,mtsd__train__Z4tZJJhJXWm1k_SeZzWSvQ.jpg,14,0.508,0.499609,0.95,0.997656,0.079167,yolo11m.pt,bonnet
train,mtsd__train__z569WPP54ECLyKfVnZnU0g.jpg,14,0.549,0.5,0.871875,0.995313,0.239583,yolo11m.pt,bonnet
train,mtsd__train__z5ghyM7TBNuJCiAiKpg5Mg.jpg,14,0.951,0.464063,0.860417,0.925,0.260417,yolo11m.pt,bonnet
train,mtsd__train__z5V9hgWJsPwxQMmX3Uz18Q.jpg,14,0.593,0.393945,0.923712,0.782422,0.133275,yolo11m.pt,bonnet
train,mtsd__train__z7V_V7wZVS4QwWujKF4_cA.jpg,14,0.504,0.5,0.959375,0.99375,0.066667,yolo11m.pt,bonnet
train,mtsd__train__z83gSECkZTpmMuq3PuLaWQ.jpg,14,0.677,0.499609,0.911458,0.997656,0.160417,yolo11m.pt,bonnet
train,mtsd__train__z9fKQ843qcHklZX993nMXg.jpg,14,0.609,0.500391,0.846354,0.996094,0.282292,yolo11m.pt,bonnet
train,mtsd__train__z9UMAD-iViPpbjxqo1GCbw.jpg,31,0.829,0.338086,0.27326,0.091016,0.114534,yolo11m.pt,stop sign
train,mtsd__train__Zb6_XsiCrAXxco3ecWYAPw.jpg,14,0.604,0.5,0.871875,0.995313,0.233333,yolo11m.pt,bonnet
train,mtsd__train__zbNl-w-Xi6NYBDww1H2pgg.jpg,14,0.551,0.5,0.502083,1.0,0.991667,yolov8m-oiv7.pt,bonnet
train,mtsd__train__zbNl-w-Xi6NYBDww1H2pgg.jpg,14,0.502,0.5,0.871875,0.99375,0.2375,yolo11m.pt,bonnet
train,mtsd__train__ZcnOv0qOmfaCVo_xSea5jQ.jpg,14,0.729,0.391016,0.916667,0.779688,0.14375,yolo11m.pt,bonnet
train,mtsd__train__ZCoBflt-haOGSUgkFnU3WQ.jpg,14,0.632,0.5,0.844792,0.995313,0.291667,yolo11m.pt,bonnet
train,mtsd__train__zCRK0zm8kbEu0BrlRllt2w.jpg,14,0.543,0.499609,0.93125,0.997656,0.116667,yolo11m.pt,bonnet
train,mtsd__train__ZdQvaLOSrkStheTlCmC8nw.jpg,14,0.564,0.499219,0.920833,0.995313,0.136111,yolo11m.pt,bonnet
train,mtsd__train__ZDWt9iZiHSMlp8ozhC2yeg.jpg,14,0.58,0.500781,0.502083,0.998438,0.9875,yolov8m-oiv7.pt,bonnet
train,mtsd__train__zF1KFum6hC7k6Ki6RpFvwA.jpg,14,0.734,0.499219,0.865625,0.995313,0.25,yolo11m.pt,bonnet
train,mtsd__train__zF1ZGIbyD_Zb3Ijqoel_6g.jpg,14,0.768,0.5,0.861458,0.99375,0.254167,yolo11m.pt,bonnet
train,mtsd__train__zfai6mNK2luXIRFcJszQIw.jpg,14,0.623,0.5,0.886111,0.992187,0.202778,yolo11m.pt,bonnet
train,mtsd__train__Zfb_IkyofAWlAK0oejD2gw.jpg,14,0.523,0.5,0.499479,1.0,0.990625,yolov8m-oiv7.pt,bonnet
train,mtsd__train__ZFh_BFnLel7hyZuYpfbcbg.jpg,14,0.648,0.5,0.897917,0.996875,0.1875,yolo11m.pt,bonnet
train,mtsd__train__ZG9TphVWMiWlmJUI6tMO9A.jpg,14,0.703,0.499219,0.888194,0.995313,0.2,yolo11m.pt,bonnet
train,mtsd__train__ZGCxVJJOUn_1iPr8AjVCqw.jpg,31,0.537,0.485938,0.377778,0.015625,0.038889,yolo11m.pt,stop sign
train,mtsd__train__zGNEeJyNExPKQ8artf-XNw.jpg,14,0.572,0.499219,0.925,0.998438,0.11875,yolo11m.pt,bonnet
train,mtsd__train__zGpuZYPgkbkHb450pvLMfg.jpg,31,0.807,0.885938,0.402778,0.025,0.044444,yolo11m.pt,stop sign
train,mtsd__train__zGZVBy7i3YKbaoRMZ_MpXg.jpg,14,0.558,0.499219,0.895833,0.998438,0.186111,yolo11m.pt,bonnet
train,mtsd__train__ZH2_iFYfFKj7CgBRYbys4w.jpg,14,0.854,0.49375,0.896875,0.985937,0.1875,yolo11m.pt,bonnet
train,mtsd__train__ZI1UF4iSYgd3pE2bmJdtSQ.jpg,14,0.619,0.5,0.501042,1.0,0.989583,yolov8m-oiv7.pt,bonnet
train,mtsd__train__Zi7aAgEoi-i_F_ePhveEsA.jpg,14,0.674,0.495703,0.902344,0.988281,0.165365,yolo11m.pt,bonnet
train,mtsd__train__ZIQddbGUphLAoEgjRZ_YLA.jpg,14,0.591,0.494922,0.883333,0.989844,0.215278,yolo11m.pt,bonnet
train,mtsd__train__ziUKq8wEEhEZFQjlkY1D-w.jpg,14,0.568,0.5,0.922917,0.998438,0.133333,yolo11m.pt,bonnet
train,mtsd__train__ZJ-kcHFOEIU-TGr_kdNz_Q.jpg,14,0.564,0.5,0.901389,0.996875,0.177778,yolo11m.pt,bonnet
train,mtsd__train__zJ4AVA7dh9kqiW0QCpY6kQ.jpg,14,0.566,0.5,0.499479,1.0,0.998958,yolov8m-oiv7.pt,bonnet
train,mtsd__train__Zj9kVY_WQ_Rh5uN2MdGC1g.jpg,14,0.667,0.499219,0.840104,0.996875,0.298958,yolo11m.pt,bonnet
train,mtsd__train__zjBa6wY6Am3KNB2YUJ6zyQ.jpg,31,0.846,0.842969,0.436979,0.051562,0.070833,yolo11m.pt,stop sign
train,mtsd__train__ZjBdOE_2ciU1PfGLCTp7vg.jpg,14,0.595,0.5,0.746354,0.996875,0.482292,yolo11m.pt,bonnet
train,mtsd__train__zjwyqPQtP9e366qt_wfgEw.jpg,14,0.89,0.372266,0.928125,0.7375,0.129167,yolo11m.pt,bonnet
train,mtsd__train__ZKbDayTgAYH1I9UIVgpZdw.jpg,14,0.672,0.517188,0.919792,0.959375,0.141667,yolo11m.pt,bonnet
train,mtsd__train__ZkC4lujwceWnPdQsEF1-JQ.jpg,31,0.916,0.471875,0.338021,0.098438,0.141667,yolo11m.pt,stop sign
train,mtsd__train__zKjV9oLAH0v2ru4aYo9PuQ.jpg,14,0.669,0.5,0.861979,0.996875,0.253125,yolo11m.pt,bonnet
train,mtsd__train__ZL2NREYtU5JfgIATre9p4w.jpg,14,0.576,0.500781,0.498769,0.998438,0.997538,yolov8m-oiv7.pt,bonnet
train,mtsd__train__zLEFuw0fMmb9NZAznWL-2A.jpg,14,0.674,0.485156,0.94375,0.96875,0.097917,yolo11m.pt,bonnet
train,mtsd__train__zLmiretjMzp0MSjgz-y9oQ.jpg,14,0.664,0.5,0.919792,0.99375,0.139583,yolo11m.pt,bonnet
train,mtsd__train__zLmiretjMzp0MSjgz-y9oQ.jpg,31,0.549,0.486719,0.433333,0.01875,0.04375,yolo11m.pt,stop sign
train,mtsd__train__ZlPE_vFO6vQ-Q3z5cBd8Fw.jpg,14,0.576,0.498437,0.498611,0.996875,0.997222,yolov8m-oiv7.pt,bonnet
train,mtsd__train__ZLQnLNBlS-myfh-JldqGUQ.jpg,14,0.742,0.589844,0.886458,0.820312,0.208333,yolo11m.pt,bonnet
train,mtsd__train__zLqpnxhmHwXgFgwxEAqgkA.jpg,14,0.541,0.5,0.91862,0.996875,0.126302,yolo11m.pt,bonnet
train,mtsd__train__zMcDpLt-9fBu7iJqsY5lwQ.jpg,14,0.806,0.500391,0.921875,0.996094,0.129167,yolo11m.pt,bonnet
train,mtsd__train__ZmE-qs-bn5ji8guVNBnW_g.jpg,31,0.743,0.298047,0.608854,0.0375,0.051042,yolo11m.pt,stop sign
train,mtsd__train__ZmE-qs-bn5ji8guVNBnW_g.jpg,14,0.549,0.499609,0.929427,0.996094,0.124479,yolo11m.pt,bonnet
train,mtsd__train__ZMyEnHIH_MYvAu-BfEHn6g.jpg,14,0.537,0.499219,0.5,0.998438,1.0,yolov8m-oiv7.pt,bonnet
train,mtsd__train__zO6wHcNsv45fHjjo8QXVpg.jpg,14,0.796,0.499609,0.819271,0.994531,0.340625,yolo11m.pt,bonnet
train,mtsd__train__ZPcyY3YB_ASfNecQnv173Q.jpg,14,0.531,0.5,0.917708,0.99375,0.145833,yolo11m.pt,bonnet
train,mtsd__train__zq_360SrV3hKvEfu0FbysA.jpg,14,0.613,0.5,0.923958,0.996875,0.1375,yolo11m.pt,bonnet
train,mtsd__train__zr52qAk0_QpKX2sPuhDZSg.jpg,14,0.628,0.500781,0.863542,0.995313,0.252083,yolo11m.pt,bonnet
train,mtsd__train__ZRnXcJYXh0PPLddg8TyUtQ.jpg,14,0.617,0.409375,0.93099,0.815625,0.113021,yolo11m.pt,bonnet
train,mtsd__train__ZS0DY-ltqOX8Ap6m-3cmew.jpg,14,0.518,0.453125,0.95,0.903125,0.079167,yolo11m.pt,bonnet
train,mtsd__train__ZSE39deTQOI1QpWJLUZo0w.jpg,14,0.57,0.500391,0.499974,0.999219,0.999948,yolov8m-oiv7.pt,bonnet
train,mtsd__train__ZTcLECJztdnZ3nHqejcPiQ.jpg,14,0.57,0.5,0.506641,1.0,0.986719,yolov8m-oiv7.pt,bonnet
train,mtsd__train__ZTI4UzkPpD6L4JhPVWQEWQ.jpg,31,0.717,0.662891,0.3125,0.021094,0.048611,yolo11m.pt,stop sign
train,mtsd__train__ZTLc6h5RPEPDP1I9hrY7Ew.jpg,14,0.606,0.555469,0.941406,0.885938,0.100521,yolo11m.pt,bonnet
train,mtsd__train__ztnxKPgLOUoxRCC6T5q_nQ.jpg,14,0.688,0.500781,0.915625,0.995312,0.15,yolo11m.pt,bonnet
train,mtsd__train__ztQ4-He_dvnPN0BuYv3LeA.jpg,14,0.626,0.5,0.502604,1.0,0.990625,yolov8m-oiv7.pt,bonnet
train,mtsd__train__ZU50fJ8z0gF_r70fYinACg.jpg,14,0.609,0.503516,0.928125,0.982031,0.125,yolo11m.pt,bonnet
train,mtsd__train__zupSw5LJzYVRKPBm4fNC3g.jpg,14,0.712,0.5,0.869444,0.996875,0.238889,yolo11m.pt,bonnet
train,mtsd__train__Zuqpn_1LIXl1luTZIIAZsA.jpg,14,0.506,0.500781,0.876389,0.998438,0.225,yolo11m.pt,bonnet
train,mtsd__train__zuWUXuiWNEKo4fTn3guL9Q.jpg,14,0.604,0.486719,0.933333,0.970313,0.1125,yolo11m.pt,bonnet
train,mtsd__train__zv6siUxqc8gg3ElTAhDIDA.jpg,14,0.78,0.5,0.865278,0.996875,0.245833,yolo11m.pt,bonnet
train,mtsd__train__zv6siUxqc8gg3ElTAhDIDA.jpg,14,0.518,0.499219,0.498611,0.998438,0.997222,yolov8m-oiv7.pt,bonnet
train,mtsd__train__ZVfY_-m8l0c6i8e16txqPw.jpg,14,0.615,0.499609,0.934375,0.997656,0.1125,yolo11m.pt,bonnet
train,mtsd__train__zVWOMbaVJB9bOCjE7A4t6Q.jpg,31,0.551,0.214844,0.5875,0.010547,0.025,yolo11m.pt,stop sign
train,mtsd__train__Zw6S_3KikUW6C1hIWhg76w.jpg,31,0.533,0.908594,0.763036,0.025,0.044977,yolo11m.pt,stop sign
train,mtsd__train__zWXy3-hAw6HmLbd3SIlxpg.jpg,14,0.725,0.5,0.920833,0.996875,0.133333,yolo11m.pt,bonnet
train,mtsd__train__ZXidxQectRgFnKdQrjIFMg.jpg,14,0.796,0.499609,0.872917,0.996094,0.233333,yolo11m.pt,bonnet
train,mtsd__train__zyj7eRtfsU2MXrEZp_friw.jpg,14,0.753,0.600684,0.922917,0.793945,0.135417,yolo11m.pt,bonnet
train,mtsd__train__ZYSegfDzj6oUXH9miXHczw.jpg,14,0.872,0.441797,0.917708,0.883594,0.145833,yolo11m.pt,bonnet
train,mtsd__train__ZyT_9hus3JX92ksMHToWfw.jpg,14,0.537,0.533594,0.938542,0.929687,0.1,yolo11m.pt,bonnet
train,mtsd__train__ZyT_9hus3JX92ksMHToWfw.jpg,31,0.535,0.33418,0.494271,0.023047,0.030208,yolo11m.pt,stop sign
train,mtsd__train__ZyU6ZCp5QGXQn7_1wYWUow.jpg,14,0.803,0.494531,0.911111,0.760938,0.158333,yolo11m.pt,bonnet
train,mtsd__train__ZyU6ZCp5QGXQn7_1wYWUow.jpg,31,0.583,0.970313,0.543056,0.03125,0.061111,yolo11m.pt,stop sign
train,mtsd__train__ZyU6ZCp5QGXQn7_1wYWUow.jpg,31,0.56,0.262305,0.545833,0.023438,0.058333,yolo11m.pt,stop sign
train,mtsd__train__ZznBkeOmYyVdvvB08ZK05w.jpg,14,0.686,0.499219,0.501953,0.998438,0.991927,yolov8m-oiv7.pt,bonnet
train,mtsd__train__ZzTbKK6ziQlsUGmmxCHJkw.jpg,14,0.514,0.5,0.502083,1.0,0.984722,yolov8m-oiv7.pt,bonnet
train,mtsd__train__ZzUPA8ve4WBWWTS2LuEk9A.jpg,14,0.632,0.427344,0.940972,0.851563,0.095833,yolo11m.pt,bonnet
train,mtsd__val__-1CbHBwZ5qEz-uT8-RC3tw.jpg,14,0.708,0.499219,0.934375,0.998437,0.1125,yolo11m.pt,bonnet
train,mtsd__val__-90LVyAGTR2pzUEmy8NY5w.jpg,14,0.635,0.5,0.820139,0.996875,0.334722,yolo11m.pt,bonnet
train,mtsd__val__-iSZnal-mpgEoD6FJP3olw.jpg,14,0.694,0.5,0.888542,0.99375,0.20625,yolo11m.pt,bonnet
train,mtsd__val__-jCvXzKTNBFrxx5PLsMP8w.jpg,31,0.688,0.32793,0.303448,0.022656,0.060345,yolo11m.pt,stop sign
train,mtsd__val__-pq13yjHuM0DgpSZL_1F_A.jpg,14,0.812,0.500781,0.804687,0.995312,0.369792,yolo11m.pt,bonnet
train,mtsd__val__-WJm5CcDhXqcmadqNFZe4Q.jpg,14,0.842,0.500391,0.875521,0.994531,0.232292,yolo11m.pt,bonnet
train,mtsd__val__-WJm5CcDhXqcmadqNFZe4Q.jpg,14,0.523,0.500391,0.500521,0.999219,0.998958,yolov8m-oiv7.pt,bonnet
train,mtsd__val__-yQlC5JUekdINBdoe6LpMA.jpg,31,0.722,0.497656,0.640625,0.013281,0.01875,yolo11m.pt,stop sign
train,mtsd__val__0iDRz2zMfAfQ6guy_TNiuQ.jpg,14,0.572,0.499219,0.92474,0.99375,0.125521,yolo11m.pt,bonnet
train,mtsd__val__0KR6yJ0LCuI8vz96-hEwqA.jpg,14,0.719,0.5,0.889583,0.996875,0.202083,yolo11m.pt,bonnet
train,mtsd__val__0zMkoM7MhwSRvEIccLeI-A.jpg,14,0.648,0.5,0.770313,0.996875,0.425,yolo11m.pt,bonnet
train,mtsd__val__1A2Lw5f9s0NA0RiC6fYE1Q.jpg,14,0.781,0.517187,0.914583,0.960937,0.152083,yolo11m.pt,bonnet
train,mtsd__val__1f_nOzWFvmRGqFm2CJl5PQ.jpg,14,0.529,0.5,0.842708,0.996875,0.285417,yolo11m.pt,bonnet
train,mtsd__val__1lDHVDucqkR2k1fSDifdAw.jpg,14,0.698,0.5,0.853125,0.995313,0.26875,yolo11m.pt,bonnet
train,mtsd__val__1Tul_6Hfycck5sB6tpSFJA.jpg,14,0.508,0.478906,0.84375,0.95625,0.289583,yolo11m.pt,bonnet
train,mtsd__val__228aRNnCNX7G6CzyiBWhbw.jpg,14,0.535,0.5,0.894792,0.996875,0.1875,yolo11m.pt,bonnet
train,mtsd__val__25PtALHHy-BqpxrcfAv8jA.jpg,31,0.679,0.230078,0.558333,0.027344,0.048611,yolo11m.pt,stop sign
train,mtsd__val__2C7MKVl4N7spQOATzHrz0w.jpg,14,0.743,0.499219,0.89774,0.998438,0.185449,yolo11m.pt,bonnet
train,mtsd__val__2foqH2se48F6em7uGD2HaA.jpg,31,0.719,0.830469,0.720833,0.040625,0.097222,yolo11m.pt,stop sign
train,mtsd__val__2FPBE7M56WjObTPuMCgbMw.jpg,14,0.703,0.411719,0.94375,0.81875,0.095833,yolo11m.pt,bonnet
train,mtsd__val__2H5G0pxR2EvS2pLis8pGbA.jpg,14,0.649,0.5,0.503255,1.0,0.98724,yolov8m-oiv7.pt,bonnet
train,mtsd__val__2hszTz5qXeWehu1SxEI2lQ.jpg,14,0.613,0.5,0.861458,0.996875,0.25625,yolo11m.pt,bonnet
train,mtsd__val__2LWxnuGPekXPkp_BsuwAsQ.jpg,14,0.667,0.5,0.882292,0.996875,0.216667,yolo11m.pt,bonnet
train,mtsd__val__2m8ppwV25lp1JCfwJiX7QA.jpg,14,0.766,0.496875,0.80625,0.990625,0.3625,yolo11m.pt,bonnet
train,mtsd__val__2x-2LGulQqBsWtBKm_FyrQ.jpg,14,0.841,0.5,0.883333,0.99375,0.211111,yolo11m.pt,bonnet
train,mtsd__val__3fXhdUmvc0YtAHPfFmLrEw.jpg,14,0.587,0.500391,0.903125,0.996094,0.165854,yolo11m.pt,bonnet
train,mtsd__val__3ICMt0vF2nfJWGi6Y_v2vw.jpg,14,0.807,0.59375,0.86875,0.807813,0.245833,yolo11m.pt,bonnet
train,mtsd__val__3QVD-S1_0RtZ2CS13hkH8A.jpg,14,0.598,0.5,0.495313,0.998438,0.990625,yolov8m-oiv7.pt,bonnet
train,mtsd__val__3QVD-S1_0RtZ2CS13hkH8A.jpg,14,0.566,0.5,0.852083,0.996875,0.277083,yolo11m.pt,bonnet
train,mtsd__val__3SFHs5dGitAR2_MGPF-p5A.jpg,14,0.628,0.5,0.870833,0.99375,0.2375,yolo11m.pt,bonnet
train,mtsd__val__3uMwBYAr1tbe-RBcMNwZ2Q.jpg,14,0.66,0.5,0.851562,0.996875,0.273958,yolo11m.pt,bonnet
train,mtsd__val__41mo9CuqhQf8olRCTget4w.jpg,14,0.785,0.504687,0.903125,0.9875,0.177083,yolo11m.pt,bonnet
train,mtsd__val__4aRiaQMyqGnGkNfGs74aaw.jpg,14,0.6,0.500781,0.498828,0.998437,0.989844,yolov8m-oiv7.pt,bonnet
train,mtsd__val__4dua91TLqEKAsyS5azx1BA.jpg,14,0.749,0.555469,0.91875,0.885937,0.141667,yolo11m.pt,bonnet
train,mtsd__val__4DVvhzyLaYTNVE6tiNdH5w.jpg,14,0.931,0.673828,0.85,0.650781,0.285417,yolo11m.pt,bonnet
train,mtsd__val__4EvrT0XGGuwtVjzPWfWIIw.jpg,31,0.625,0.507422,0.670833,0.06875,0.095833,yolo11m.pt,stop sign
train,mtsd__val__4FhW2gRmdLsTdLlO-aShxQ.jpg,14,0.566,0.404688,0.939844,0.80625,0.107812,yolo11m.pt,bonnet
train,mtsd__val__4lzDGJKKeJ2VETfU72xZIA.jpg,14,0.684,0.5,0.889323,0.996875,0.197917,yolo11m.pt,bonnet
train,mtsd__val__4N_Inv5JMJ3B4xgF0fSEmA.jpg,14,0.855,0.500781,0.888542,0.998438,0.204167,yolo11m.pt,bonnet
train,mtsd__val__5fSK1l7_KWFK11rGyk2_mQ.jpg,14,0.527,0.498438,0.820833,0.996875,0.335417,yolo11m.pt,bonnet
train,mtsd__val__5gtIs2UK-JTzA9-HR9_afA.jpg,14,0.541,0.5,0.508333,1.0,0.980556,yolov8m-oiv7.pt,bonnet
train,mtsd__val__5O_GRx3TupYBWv18-xF6mw.jpg,14,0.639,0.5,0.8875,0.99375,0.20625,yolo11m.pt,bonnet
train,mtsd__val__5O_GRx3TupYBWv18-xF6mw.jpg,14,0.535,0.500391,0.498958,0.999219,0.989583,yolov8m-oiv7.pt,bonnet
train,mtsd__val__5rQ_NCZNMjrb4Y4mLSnqZg.jpg,14,0.847,0.5,0.891146,0.996875,0.194792,yolo11m.pt,bonnet
train,mtsd__val__5sv9RjmSnXHoFCecAW2BUw.jpg,14,0.516,0.501562,0.899306,0.995312,0.181944,yolo11m.pt,bonnet
train,mtsd__val__5wzKFZZ3vgerpjEXHOOOZg.jpg,31,0.547,0.901563,0.521528,0.015625,0.079167,yolo11m.pt,stop sign
train,mtsd__val__61d39NSdBai6JxtmYTzk-A.jpg,14,0.523,0.5,0.504557,1.0,0.988281,yolov8m-oiv7.pt,bonnet
train,mtsd__val__64KOXJ0t7Dv47c7UuE_jyA.jpg,14,0.604,0.5,0.50612,1.0,0.983594,yolov8m-oiv7.pt,bonnet
train,mtsd__val__64KOXJ0t7Dv47c7UuE_jyA.jpg,14,0.523,0.498047,0.90625,0.994531,0.164583,yolo11m.pt,bonnet
train,mtsd__val__6Pp4Pqt9VS_nb6_P-QOuHQ.jpg,14,0.847,0.500781,0.801042,0.996875,0.375,yolo11m.pt,bonnet
train,mtsd__val__71AG4EEISujQr-o19NCxGg.jpg,14,0.662,0.492188,0.925694,0.98125,0.125,yolo11m.pt,bonnet
train,mtsd__val__7KPF2f_uca3IbByZNRigmg.jpg,14,0.545,0.5,0.5,1.0,0.991111,yolov8m-oiv7.pt,bonnet
train,mtsd__val__7oNfpgMpJvyLSOmXsfy4xA.jpg,14,0.691,0.500391,0.495833,0.999219,0.991667,yolov8m-oiv7.pt,bonnet
train,mtsd__val__7rZPCUaAlsqx2St3Hzoohg.jpg,14,0.516,0.5,0.499479,1.0,0.992708,yolov8m-oiv7.pt,bonnet
train,mtsd__val__7UlbNEwKr5tjBoJ7VOseQw.jpg,14,0.725,0.5,0.50625,1.0,0.979167,yolov8m-oiv7.pt,bonnet
train,mtsd__val__7UlbNEwKr5tjBoJ7VOseQw.jpg,14,0.691,0.500391,0.889583,0.996094,0.202083,yolo11m.pt,bonnet
train,mtsd__val__8375UnmrjpXZtW2lHVxwHQ.jpg,14,0.664,0.500391,0.853125,0.997656,0.275,yolo11m.pt,bonnet
train,mtsd__val__9-7Vl1BXRPfZun9Y7uBU9g.jpg,14,0.807,0.500391,0.873958,0.994531,0.233333,yolo11m.pt,bonnet
train,mtsd__val__93oY-JkrnWtzaor7S4g8BA.jpg,14,0.572,0.499219,0.855208,0.995313,0.26875,yolo11m.pt,bonnet
train,mtsd__val__98oN3U0KSOt20vXDrcwWYg.jpg,31,0.641,0.287305,0.772222,0.019531,0.033333,yolo11m.pt,stop sign
train,mtsd__val__98oN3U0KSOt20vXDrcwWYg.jpg,31,0.545,0.074707,0.759722,0.019922,0.036111,yolo11m.pt,stop sign
train,mtsd__val__9aPcFA8MxLQxFTjUSfffNg.jpg,14,0.828,0.500781,0.877083,0.995313,0.227083,yolo11m.pt,bonnet
train,mtsd__val__9AsRSZOjMFGfOG-zOcvUZw.jpg,14,0.63,0.499219,0.827604,0.995313,0.323958,yolo11m.pt,bonnet
train,mtsd__val__9da91o2kLnUOpaNqMlaY9g.jpg,14,0.783,0.491016,0.894792,0.980469,0.189583,yolo11m.pt,bonnet
train,mtsd__val__9da91o2kLnUOpaNqMlaY9g.jpg,31,0.551,0.275781,0.548958,0.024609,0.030208,yolo11m.pt,stop sign
train,mtsd__val___9B9aZY3y5ZYutsNmLcu4w.jpg,14,0.771,0.5,0.894792,0.996875,0.19375,yolo11m.pt,bonnet
train,mtsd__val___9B9aZY3y5ZYutsNmLcu4w.jpg,14,0.516,0.5,0.501562,1.0,0.990625,yolov8m-oiv7.pt,bonnet
train,mtsd__val___ELGFk7N0OvuPNBtlksl1w.jpg,14,0.541,0.5,0.4875,1.0,0.975,yolov8m-oiv7.pt,bonnet
train,mtsd__val___fnhorPTMdM1cVF7tcfDlg.jpg,31,0.683,0.423828,0.304054,0.034375,0.051731,yolo11m.pt,stop sign
train,mtsd__val__a1StshycaEZrQD7yTvK7hQ.jpg,31,0.819,0.580469,0.615278,0.010937,0.019444,yolo11m.pt,stop sign
train,mtsd__val__a4Sste0VR4O6SHGSCK67vA.jpg,31,0.701,0.852344,0.370313,0.017187,0.022917,yolo11m.pt,stop sign
train,mtsd__val__a4VbOj6tGfeKDjArSqaAJw.jpg,14,0.771,0.499609,0.854167,0.996094,0.26875,yolo11m.pt,bonnet
train,mtsd__val__a4VbOj6tGfeKDjArSqaAJw.jpg,14,0.613,0.499219,0.502213,0.998437,0.989323,yolov8m-oiv7.pt,bonnet
train,mtsd__val__a8OYXds4ck47nCwQVhZ7qQ.jpg,14,0.619,0.499219,0.873437,0.995313,0.232292,yolo11m.pt,bonnet
train,mtsd__val__a8OYXds4ck47nCwQVhZ7qQ.jpg,14,0.541,0.500781,0.502083,0.998437,0.991667,yolov8m-oiv7.pt,bonnet
train,mtsd__val__a_dztKjeKqxT1XmZoIm4Cg.jpg,14,0.699,0.498828,0.903125,0.996094,0.175,yolo11m.pt,bonnet
train,mtsd__val__aD62hg7mYJXHqTZG79fTog.jpg,14,0.865,0.542969,0.904427,0.907813,0.174479,yolo11m.pt,bonnet
train,mtsd__val__AFQfnr_e6N-Oe1r7WnQkGw.jpg,14,0.531,0.495703,0.847917,0.989844,0.279167,yolo11m.pt,bonnet
train,mtsd__val__AvhjSXFq8Tr0MKhXyIIgvw.jpg,14,0.589,0.5,0.882292,0.995313,0.216667,yolo11m.pt,bonnet
train,mtsd__val__BB04oVG8vqQeeOzXK_PVbA.jpg,14,0.664,0.5,0.499088,1.0,0.99349,yolov8m-oiv7.pt,bonnet
train,mtsd__val__BB04oVG8vqQeeOzXK_PVbA.jpg,14,0.529,0.499609,0.870833,0.994531,0.24375,yolo11m.pt,bonnet
train,mtsd__val__BGpbm2N0oa3SaaDx_4ZMOA.jpg,14,0.662,0.5,0.5,1.0,1.0,yolov8m-oiv7.pt,bonnet
train,mtsd__val__BkBiAqrF9pHayZlJwdE42g.jpg,14,0.727,0.498438,0.872917,0.996875,0.2375,yolo11m.pt,bonnet
train,mtsd__val__BmSXi97Gs5fx36kXGyrqfQ.jpg,14,0.798,0.5,0.836458,0.996875,0.304167,yolo11m.pt,bonnet
train,mtsd__val__BoIqjjKGX00zEMLLKEHhfA.jpg,14,0.539,0.500391,0.904167,0.997656,0.170833,yolo11m.pt,bonnet
train,mtsd__val__bu7q584bV-OQD470o74FdQ.jpg,14,0.56,0.5,0.498958,1.0,0.997917,yolov8m-oiv7.pt,bonnet
train,mtsd__val__BVZjL3mQxdBpWFhUwNOHJA.jpg,14,0.643,0.5,0.503646,1.0,0.984375,yolov8m-oiv7.pt,bonnet
train,mtsd__val__BwHSt_xxKXnVvSUSM6o9Bw.jpg,14,0.585,0.366406,0.911111,0.730469,0.158333,yolo11m.pt,bonnet
train,mtsd__val__c-R-c2niO84FpTODi7lmLg.jpg,14,0.51,0.5,0.88125,0.995312,0.21875,yolo11m.pt,bonnet
train,mtsd__val__c9bVRvB4pARTpPgNrIyfUA.jpg,14,0.504,0.5,0.926823,0.996875,0.125521,yolo11m.pt,bonnet
train,mtsd__val__CabPw6SP-IQG5JjHKut9gQ.jpg,14,0.655,0.5,0.853646,0.995313,0.269792,yolo11m.pt,bonnet
train,mtsd__val__CCCJEin0-oNFVdFeQCFDww.jpg,14,0.66,0.639746,0.92526,0.720508,0.136979,yolo11m.pt,bonnet
train,mtsd__val__Cq_3xOzzp0Pfm-LvAdriMg.jpg,14,0.52,0.498047,0.889974,0.991406,0.1875,yolo11m.pt,bonnet
train,mtsd__val__cR3xAGPSyPKmjnxGwfcIKw.jpg,14,0.761,0.496875,0.897917,0.99375,0.179167,yolo11m.pt,bonnet
train,mtsd__val__Cvv2wrXzbIdlaw4TB6bfzw.jpg,14,0.806,0.483594,0.925,0.914063,0.133333,yolo11m.pt,bonnet
train,mtsd__val__D09Prawlu3yukFdZLmZPHQ.jpg,14,0.72,0.497656,0.95,0.989063,0.083333,yolo11m.pt,bonnet
train,mtsd__val__D3KA7gSs7NS7cPVkO4yr0w.jpg,14,0.677,0.49375,0.898958,0.9875,0.177083,yolo11m.pt,bonnet
train,mtsd__val__d4HyiAzKIpmXrYGMZ0rr4w.jpg,31,0.806,0.726562,0.561111,0.032813,0.083333,yolo11m.pt,stop sign
train,mtsd__val__DiEgZBYPGgjVwmWOoFzw1w.jpg,14,0.712,0.5,0.88125,0.995313,0.21875,yolo11m.pt,bonnet
train,mtsd__val__dIlA_47aPvdJHZqgwp34TA.jpg,14,0.516,0.502734,0.855556,0.989844,0.266667,yolo11m.pt,bonnet
train,mtsd__val__dnWmtp28zYCFQDchyaXBBw.jpg,14,0.764,0.5,0.896687,0.998438,0.191771,yolo11m.pt,bonnet
train,mtsd__val__DsEqBIir5Fq1akQYzyuI7w.jpg,14,0.957,0.680469,0.786458,0.6375,0.411458,yolo11m.pt,bonnet
train,mtsd__val__dWsJj72eVXtkzEvp9r_htA.jpg,31,0.527,0.112891,0.5875,0.029687,0.0375,yolo11m.pt,stop sign
train,mtsd__val__dxHxKciv-knysU6RSHlfKA.jpg,14,0.753,0.5,0.869444,0.996875,0.241667,yolo11m.pt,bonnet
train,mtsd__val__E5PNC1YICc4QNwE7vcS-oA.jpg,14,0.699,0.5,0.90625,0.996875,0.170833,yolo11m.pt,bonnet
train,mtsd__val__EbH_lM87bQrPcHGa3bzPPQ.jpg,14,0.836,0.495703,0.891667,0.989844,0.2,yolo11m.pt,bonnet
train,mtsd__val__Ed0bzqCZ7wkwB-oHh0N7gg.jpg,14,0.664,0.5,0.916667,0.996875,0.145833,yolo11m.pt,bonnet
train,mtsd__val__edXFLXopm_8VYTja45KaqQ.jpg,14,0.589,0.500391,0.936806,0.992969,0.104167,yolo11m.pt,bonnet
train,mtsd__val__EJ9u6_wNvF7zCX5FJ21_kA.jpg,14,0.674,0.5,0.499306,1.0,0.995833,yolov8m-oiv7.pt,bonnet
train,mtsd__val__EN8zPV853cu1idsUCVHaMQ.jpg,14,0.821,0.487109,0.888021,0.972656,0.205208,yolo11m.pt,bonnet
train,mtsd__val__ESpjQLXHF5u3lM9vTnsEmg.jpg,14,0.832,0.484375,0.910417,0.96875,0.160417,yolo11m.pt,bonnet
train,mtsd__val__eTLNMd_DT24k_LUR2LSEfg.jpg,14,0.727,0.450391,0.936458,0.897656,0.108333,yolo11m.pt,bonnet
train,mtsd__val__F7AmQs94gOu5bj7q6r1usA.jpg,14,0.699,0.500781,0.838889,0.998438,0.297222,yolo11m.pt,bonnet
train,mtsd__val__FAtkvJiFmMPiN5AiZb2IIA.jpg,14,0.63,0.499219,0.855208,0.996875,0.266667,yolo11m.pt,bonnet
train,mtsd__val__fbzH7B5GOnSerrxpyY27EA.jpg,14,0.568,0.516406,0.89375,0.9625,0.19375,yolo11m.pt,bonnet
train,mtsd__val__fdcuLA1aUZ0h2DKrtsf3tw.jpg,14,0.537,0.499609,0.805556,0.997656,0.356944,yolo11m.pt,bonnet
train,mtsd__val__fkQg9DZJEJ7VhMwJFrzuaA.jpg,14,0.669,0.5,0.933333,0.99375,0.111111,yolo11m.pt,bonnet
train,mtsd__val__FmiGlT90bM_QTqtPwKE2aQ.jpg,14,0.512,0.499609,0.895833,0.997656,0.180556,yolo11m.pt,bonnet
train,mtsd__val__fOLSMElOfAYWC8IkQGJXFw.jpg,31,0.625,0.113184,0.171354,0.049609,0.123958,yolo11m.pt,stop sign
train,mtsd__val__Fp-ZvSjYhQxG3Il2ql0btA.jpg,14,0.662,0.498437,0.915278,0.995313,0.141667,yolo11m.pt,bonnet
train,mtsd__val__FqTiwNxD2R0JwFrWxzDubw.jpg,14,0.72,0.494531,0.888021,0.982812,0.207292,yolo11m.pt,bonnet
train,mtsd__val__frKxUwzP_Lk3ACvANQq8pg.jpg,14,0.684,0.499609,0.85625,0.997656,0.26875,yolo11m.pt,bonnet
train,mtsd__val__fRs7awmWUEmQ_1u6qAjBkw.jpg,14,0.572,0.499609,0.913194,0.997656,0.151389,yolo11m.pt,bonnet
train,mtsd__val__fRs7awmWUEmQ_1u6qAjBkw.jpg,14,0.549,0.5,0.500694,1.0,0.998611,yolov8m-oiv7.pt,bonnet
train,mtsd__val__FWp4C6CyRXnOmD-KJ_h1tg.jpg,14,0.637,0.5,0.903125,0.998438,0.175,yolo11m.pt,bonnet
train,mtsd__val__G-qvTmqutCjIDKtaICHY0A.jpg,14,0.723,0.5,0.827778,0.996875,0.319444,yolo11m.pt,bonnet
train,mtsd__val__G57M15d2Pjt_X1Xc-6IQow.jpg,14,0.562,0.339258,0.927778,0.673828,0.127778,yolo11m.pt,bonnet
train,mtsd__val__g_ZNJUHToT9sE4ZFwYnzBw.jpg,14,0.89,0.505469,0.865625,0.985937,0.245833,yolo11m.pt,bonnet
train,mtsd__val__gcnChUMLtbV-Mnkq2q82IQ.jpg,14,0.875,0.539062,0.91276,0.917188,0.161979,yolo11m.pt,bonnet
train,mtsd__val__GedHPRVPioliiSdqQyX1eg.jpg,14,0.619,0.341016,0.930556,0.678906,0.119444,yolo11m.pt,bonnet
train,mtsd__val__Gg2SLaeah1_SXe0s5t3CoA.jpg,14,0.748,0.5,0.912239,0.996875,0.154687,yolo11m.pt,bonnet
train,mtsd__val__Gg2SLaeah1_SXe0s5t3CoA.jpg,14,0.523,0.501172,0.513021,0.997656,0.965625,yolov8m-oiv7.pt,bonnet
train,mtsd__val__Gh6H5KAZ1EO2Ao5SszvmVQ.jpg,14,0.535,0.496094,0.93724,0.992188,0.100521,yolo11m.pt,bonnet
train,mtsd__val__GInMURWASJmxHV8D9MmE5A.jpg,14,0.74,0.511719,0.9125,0.973437,0.152778,yolo11m.pt,bonnet
train,mtsd__val__gIwESX-oNO896_xy_LFI6Q.jpg,14,0.535,0.5,0.501172,1.0,0.99349,yolov8m-oiv7.pt,bonnet
train,mtsd__val__GlTDddErmW-Ru0EOjTjRvw.jpg,14,0.564,0.515625,0.798437,0.964062,0.36875,yolo11m.pt,bonnet
train,mtsd__val__GnB2Jim_QF8kvjwrpjflqA.jpg,31,0.607,0.136914,0.624349,0.036719,0.058594,yolo11m.pt,stop sign
train,mtsd__val__gS6K-rtW4_C8JVin5jEWBQ.jpg,14,0.693,0.5,0.908333,0.996875,0.166667,yolo11m.pt,bonnet
train,mtsd__val__guP0-0sLe-vZDk6baqXSBw.jpg,14,0.562,0.501563,0.902778,0.99375,0.175,yolo11m.pt,bonnet
train,mtsd__val__gxzdwCQex2c5Tzal-E3f1w.jpg,14,0.516,0.500781,0.502083,0.998438,0.995833,yolov8m-oiv7.pt,bonnet
train,mtsd__val__Gy4snbtGshqa71AfMqEzsQ.jpg,14,0.657,0.499609,0.820833,0.996094,0.330556,yolo11m.pt,bonnet
train,mtsd__val__Gy4snbtGshqa71AfMqEzsQ.jpg,14,0.504,0.5,0.5,1.0,0.994444,yolov8m-oiv7.pt,bonnet
train,mtsd__val__H2J4m7mBuOyewdedNF0esw.jpg,31,0.615,0.443359,0.707292,0.017969,0.027083,yolo11m.pt,stop sign
train,mtsd__val__h2muJf0pp2TC21ltFnoWfQ.jpg,14,0.646,0.5,0.500651,1.0,0.996094,yolov8m-oiv7.pt,bonnet
train,mtsd__val__h9hM2CXVF3GG4PkISqRrOQ.jpg,14,0.606,0.5,0.498437,1.0,0.996875,yolov8m-oiv7.pt,bonnet
train,mtsd__val__hbjPwr4d6brWfqfX5GeU2g.jpg,14,0.541,0.499219,0.500174,0.998438,0.999653,yolov8m-oiv7.pt,bonnet
train,mtsd__val__hHrxzWMvEc3xTdBvALFSyg.jpg,14,0.535,0.507031,0.947917,0.98125,0.083333,yolo11m.pt,bonnet
train,mtsd__val__hj7ktCrJsn2CO1cSeA7t5A.jpg,14,0.752,0.500391,0.888542,0.996094,0.202083,yolo11m.pt,bonnet
train,mtsd__val__hLCUXh7slk1rHhYydf_icA.jpg,14,0.667,0.567187,0.905208,0.8625,0.177083,yolo11m.pt,bonnet
train,mtsd__val__HqaE0MNBnUpehBhCk5Oemg.jpg,14,0.784,0.640234,0.868056,0.716406,0.244444,yolo11m.pt,bonnet
train,mtsd__val__HQkSjBdfL09udGgKpB8Gxw.jpg,14,0.759,0.5,0.771875,0.996875,0.429167,yolo11m.pt,bonnet
train,mtsd__val__Hsqs6ScsG9tFrHiWRg85Mg.jpg,14,0.714,0.5,0.875,0.995313,0.23125,yolo11m.pt,bonnet
train,mtsd__val__hWXOlif_Fs8_jc44F8riSQ.jpg,14,0.731,0.500391,0.844271,0.994531,0.286458,yolo11m.pt,bonnet
train,mtsd__val__hXIpUruL85Q5zOWCseWJSg.jpg,14,0.688,0.500781,0.8625,0.995312,0.252083,yolo11m.pt,bonnet
train,mtsd__val__IEMJ962t14NY7dWzKupX9A.jpg,14,0.676,0.507812,0.607639,0.98125,0.759722,yolo11m.pt,bonnet
train,mtsd__val__ijYIFgPmXR9-nHDWRXWGnA.jpg,14,0.704,0.460156,0.905208,0.920312,0.170833,yolo11m.pt,bonnet
train,mtsd__val__iM42TpgQjqpt5pdKxHVLng.jpg,14,0.698,0.472656,0.927083,0.945312,0.123611,yolo11m.pt,bonnet
train,mtsd__val__InLKwFaKMSgQ1k5bFm8ouQ.jpg,31,0.664,0.225391,0.577083,0.051953,0.071875,yolo11m.pt,stop sign
train,mtsd__val__INU8gL6p00G7iUfOGodiaA.jpg,14,0.641,0.479297,0.883333,0.957031,0.210417,yolo11m.pt,bonnet
train,mtsd__val__IQd6fkL4rXhtjTCX-TDlcA.jpg,14,0.773,0.425391,0.902083,0.849219,0.177083,yolo11m.pt,bonnet
train,mtsd__val__iw3RERMVPCVhnuEJC7ZMUA.jpg,14,0.568,0.500391,0.498828,0.999219,0.996094,yolov8m-oiv7.pt,bonnet
train,mtsd__val__iWQr1Uk9upxYSMPo20Um5A.jpg,14,0.845,0.495312,0.879688,0.9875,0.221875,yolo11m.pt,bonnet
train,mtsd__val__IZ9DI3swaBmoq1wEfvCskA.jpg,31,0.6,0.217773,0.494271,0.046094,0.067708,yolo11m.pt,stop sign
train,mtsd__val__j-0QRQjkWtgUb1GWsvk4ZA.jpg,31,0.57,0.131152,0.45625,0.03125,0.079167,yolo11m.pt,stop sign
train,mtsd__val__J4V_K57U1kfmATMAsNvvRA.jpg,31,0.508,0.004153,0.480208,0.008221,0.035417,yolo11m.pt,stop sign
train,mtsd__val__J85d-MNRZOpTV4YUWhOfnA.jpg,31,0.686,0.055481,0.405208,0.012085,0.014583,yolo11m.pt,stop sign
train,mtsd__val__JArYowQc6m-0uHhsOIDNmA.jpg,14,0.512,0.500391,0.502734,0.999219,0.994531,yolov8m-oiv7.pt,bonnet
train,mtsd__val__JIWH6EUrXMgw7iWcV0iqoA.jpg,14,0.814,0.5,0.902344,0.996875,0.178646,yolo11m.pt,bonnet
train,mtsd__val__JIWH6EUrXMgw7iWcV0iqoA.jpg,14,0.529,0.5,0.5,1.0,1.0,yolov8m-oiv7.pt,bonnet
train,mtsd__val__JqopjhoNLzq3ebLWVkqVPA.jpg,14,0.587,0.499219,0.883854,0.996875,0.207292,yolo11m.pt,bonnet
train,mtsd__val__JqRbz9FnEl662ES0k4E9Jw.jpg,14,0.657,0.499219,0.911805,0.998437,0.158333,yolo11m.pt,bonnet
train,mtsd__val__JUVqtRDtRUIQmAGf0uFU_A.jpg,14,0.715,0.500391,0.889583,0.996094,0.197222,yolo11m.pt,bonnet
train,mtsd__val__jxOrwCQTTDt9Uvu_c3br5w.jpg,14,0.806,0.5,0.884722,0.996875,0.211111,yolo11m.pt,bonnet
train,mtsd__val__Kbp_INpBV_LStArXiKSSaw.jpg,14,0.78,0.5,0.917708,0.996875,0.147917,yolo11m.pt,bonnet
train,mtsd__val__Kbp_INpBV_LStArXiKSSaw.jpg,31,0.619,0.261328,0.513542,0.029687,0.0375,yolo11m.pt,stop sign
train,mtsd__val__KDSWvUbDYkkbUCLDFA7OYg.jpg,14,0.877,0.5,0.914583,0.996875,0.154167,yolo11m.pt,bonnet
train,mtsd__val__kesrEIeWhblBRqp136qmAA.jpg,14,0.813,0.498828,0.758854,0.992969,0.459375,yolo11m.pt,bonnet
train,mtsd__val__kN4DGhsOIIlEnogEd6YKAw.jpg,14,0.766,0.525684,0.911806,0.756445,0.156944,yolo11m.pt,bonnet
train,mtsd__val__Knh836U-e5_-9bYJ5STIKw.jpg,31,0.709,0.68125,0.402604,0.03125,0.046875,yolo11m.pt,stop sign
train,mtsd__val__knJQHCt3CxrNvZHS9uvVyA.jpg,14,0.772,0.5,0.861979,0.995313,0.255208,yolo11m.pt,bonnet
train,mtsd__val__KPHiddhuTERYK9I8IVNVDQ.jpg,14,0.907,0.572266,0.905208,0.852344,0.172917,yolo11m.pt,bonnet
train,mtsd__val__Kr8J44KePT9N5ZMySmcfsg.jpg,14,0.578,0.496484,0.848958,0.992969,0.283333,yolo11m.pt,bonnet
train,mtsd__val__kXFNb1MfBYhTxts9qj6qlw.jpg,14,0.602,0.5,0.839583,0.996875,0.304167,yolo11m.pt,bonnet
train,mtsd__val__kzsGd85m5GP0KaIrAdSCTg.jpg,14,0.719,0.498047,0.914583,0.994531,0.154167,yolo11m.pt,bonnet
train,mtsd__val__l0bAdfGW4ieNWLxo0crl4A.jpg,14,0.666,0.615527,0.952083,0.764258,0.075,yolo11m.pt,bonnet
train,mtsd__val__lbtFdeFB-8zMBnV6raRryg.jpg,14,0.704,0.5,0.914583,0.996875,0.154167,yolo11m.pt,bonnet
train,mtsd__val__lbtFdeFB-8zMBnV6raRryg.jpg,14,0.504,0.5,0.5,1.0,0.995833,yolov8m-oiv7.pt,bonnet
train,mtsd__val__le5HghInENKekB9yVIiX-A.jpg,31,0.543,0.178223,0.5125,0.016016,0.030556,yolo11m.pt,stop sign
train,mtsd__val__LGAbQWtcPmjvWTc46Zxogw.jpg,14,0.63,0.499219,0.810417,0.996875,0.35625,yolo11m.pt,bonnet
train,mtsd__val__LGAbQWtcPmjvWTc46Zxogw.jpg,14,0.596,0.500391,0.505729,0.999219,0.988542,yolov8m-oiv7.pt,bonnet
train,mtsd__val__Lj73XCVj8Rif9Tq9PDBMVQ.jpg,14,0.772,0.5,0.857292,0.996875,0.2625,yolo11m.pt,bonnet
train,mtsd__val__ltFntlhDDHJRVXVfr-NwVw.jpg,14,0.752,0.498828,0.878472,0.996094,0.218056,yolo11m.pt,bonnet
train,mtsd__val__lUSW3xxshYy2D2tE784J8Q.jpg,14,0.651,0.5,0.497917,0.998437,0.995833,yolov8m-oiv7.pt,bonnet
train,mtsd__val__lydki5xZB2OdMhUp155DdA.jpg,14,0.683,0.439063,0.925,0.875,0.127778,yolo11m.pt,bonnet
train,mtsd__val__lZvQ6XR_-t7FYzl-8om8kQ.jpg,14,0.604,0.499219,0.842708,0.995313,0.291667,yolo11m.pt,bonnet
train,mtsd__val__mFtg2MHNJl4i0qo0kGZljQ.jpg,14,0.761,0.668066,0.881944,0.660742,0.211111,yolo11m.pt,bonnet
train,mtsd__val__mgzFIQYJYrFi6vYkmO2YDg.jpg,14,0.708,0.499609,0.890278,0.996094,0.195833,yolo11m.pt,bonnet
train,mtsd__val__mOX0TVgB4Og4yg6-FIRyUg.jpg,14,0.602,0.5,0.822396,0.995313,0.334375,yolo11m.pt,bonnet
train,mtsd__val__mVoNO0CNFdl6mXALmTc5Bg.jpg,14,0.737,0.5,0.889583,0.996875,0.204167,yolo11m.pt,bonnet
train,mtsd__val__MXDOqLwlJWqZQXjK7Mu9mg.jpg,14,0.849,0.497656,0.852778,0.990625,0.275,yolo11m.pt,bonnet
train,mtsd__val__MxFV0JmwkUFi2Z4TH8DgvQ.jpg,14,0.637,0.499219,0.903125,0.998438,0.175,yolo11m.pt,bonnet
train,mtsd__val__MxFV0JmwkUFi2Z4TH8DgvQ.jpg,14,0.595,0.5,0.502083,1.0,0.99375,yolov8m-oiv7.pt,bonnet
train,mtsd__val__myKQWPfbVGqCHw_-fyS4DQ.jpg,14,0.609,0.5,0.8875,0.995313,0.198611,yolo11m.pt,bonnet
train,mtsd__val__mYp7QIMt0ffb8cPkpwunpQ.jpg,14,0.555,0.500391,0.913542,0.996094,0.154167,yolo11m.pt,bonnet
train,mtsd__val__N64HYNviaB5-zebdSrhyJQ.jpg,14,0.657,0.511328,0.84375,0.974219,0.290278,yolo11m.pt,bonnet
train,mtsd__val__N74DcSc0G6YI00FtxLebrg.jpg,14,0.587,0.5,0.901172,0.996875,0.175781,yolo11m.pt,bonnet
train,mtsd__val__Nc-bzmdBDubu7SpbzX7bFg.jpg,14,0.683,0.697754,0.928125,0.60293,0.129167,yolo11m.pt,bonnet
train,mtsd__val__nDEY2y1v2vbEU8KSHYc7gg.jpg,14,0.512,0.5,0.5,1.0,1.0,yolov8m-oiv7.pt,bonnet
train,mtsd__val__nINrMIVfkjwZwovhj7IzAA.jpg,14,0.651,0.499609,0.915625,0.996094,0.15,yolo11m.pt,bonnet
train,mtsd__val__NjdM5kKxukKA-eqvkz4-Fg.jpg,14,0.963,0.669922,0.788194,0.660156,0.408333,yolo11m.pt,bonnet
train,mtsd__val__nPNFp8gKdC-rwvuCA2mjfA.jpg,14,0.853,0.484375,0.917708,0.967188,0.139583,yolo11m.pt,bonnet
train,mtsd__val__nqB2ye1NOFnWmc_BaOgHPA.jpg,14,0.598,0.5,0.501172,0.998438,0.99349,yolov8m-oiv7.pt,bonnet
train,mtsd__val__NrdPG62Tm7C9XNhq32vzZg.jpg,14,0.662,0.501172,0.861458,0.994531,0.254167,yolo11m.pt,bonnet
train,mtsd__val__ntQzA7Y-wzhROm3IQnk6zQ.jpg,31,0.543,0.897656,0.642708,0.010937,0.022917,yolo11m.pt,stop sign
train,mtsd__val__ntQzA7Y-wzhROm3IQnk6zQ.jpg,14,0.533,0.435937,0.927083,0.871875,0.129167,yolo11m.pt,bonnet
train,mtsd__val__NuIJlfQJ3u5SNjVrKsaAjg.jpg,31,0.582,0.317578,0.436458,0.017969,0.025,yolo11m.pt,stop sign
train,mtsd__val__o09NSURsM9x8zekeWUy0fA.jpg,14,0.785,0.501562,0.852604,0.99375,0.276042,yolo11m.pt,bonnet
train,mtsd__val__O5r6g3W5TrrSi1u-H4-Xtg.jpg,14,0.792,0.500391,0.879167,0.992969,0.222917,yolo11m.pt,bonnet
train,mtsd__val__o6Cd7HGMyQzqkP043AqWhw.jpg,14,0.699,0.499219,0.939323,0.996875,0.104687,yolo11m.pt,bonnet
train,mtsd__val__o7HwPaSY2P9wLRvDx4leiQ.jpg,14,0.651,0.498438,0.897917,0.996875,0.179167,yolo11m.pt,bonnet
train,mtsd__val__o9ztrxSXgGLcaB_oRbp5bA.jpg,14,0.651,0.5,0.927083,0.996875,0.129167,yolo11m.pt,bonnet
train,mtsd__val__oaAik-x_OdruL3IzYsVCFw.jpg,14,0.589,0.499219,0.498958,0.998437,0.995833,yolov8m-oiv7.pt,bonnet
train,mtsd__val__OasvLvOSqMDA5yL_vQ0grA.jpg,31,0.545,0.592578,0.488542,0.013281,0.016667,yolo11m.pt,stop sign
train,mtsd__val__OeEmuQuLeRnzUG4EvarB3g.jpg,14,0.549,0.5,0.817708,0.996875,0.341667,yolo11m.pt,bonnet
train,mtsd__val__OGhjRurMb-S-xh1OF8kdwQ.jpg,14,0.789,0.410938,0.93724,0.820312,0.108854,yolo11m.pt,bonnet
train,mtsd__val__OghRX7n9wd-rogLbW4wJEA.jpg,14,0.814,0.500781,0.886111,0.995312,0.202778,yolo11m.pt,bonnet
train,mtsd__val__OghRX7n9wd-rogLbW4wJEA.jpg,14,0.568,0.500391,0.498958,0.999219,0.997917,yolov8m-oiv7.pt,bonnet
train,mtsd__val__Oif_ci9LklOsBX1RPdFwXw.jpg,14,0.706,0.499219,0.9,0.996875,0.178125,yolo11m.pt,bonnet
train,mtsd__val__On2ZV6SJpY7x8WGnbaXVNA.jpg,14,0.756,0.499219,0.911111,0.998437,0.155556,yolo11m.pt,bonnet
train,mtsd__val__oNMJagRLZat2vPrxk3YV_Q.jpg,14,0.717,0.500391,0.847222,0.994531,0.279167,yolo11m.pt,bonnet
train,mtsd__val__Orb4j6K4KtJ9h41SeMx0qA.jpg,14,0.521,0.492969,0.500521,0.982813,0.994792,yolov8m-oiv7.pt,bonnet
train,mtsd__val__OYHrEyZPQxl6qNdiJ5iFgA.jpg,14,0.527,0.374609,0.934375,0.744531,0.110417,yolo11m.pt,bonnet
train,mtsd__val__P3oIjqhmLbREZsDbeIVU1w.jpg,14,0.784,0.499609,0.933333,0.997656,0.116667,yolo11m.pt,bonnet
train,mtsd__val__P9njv8-CIpPP6e47RpVwIw.jpg,14,0.653,0.597656,0.916667,0.798438,0.15,yolo11m.pt,bonnet
train,mtsd__val__p_aZ7mqEnX86ltGoYnuYhQ.jpg,14,0.826,0.500391,0.879687,0.994531,0.221875,yolo11m.pt,bonnet
train,mtsd__val__p_pwOkb3Ee6PzLwMX-f0iQ.jpg,31,0.537,0.227539,0.534722,0.010156,0.038889,yolo11m.pt,stop sign
train,mtsd__val__PANSpzehUeW-ecaY2GYLbQ.jpg,14,0.808,0.496875,0.877083,0.992188,0.214583,yolo11m.pt,bonnet
train,mtsd__val__pLGB9wyam92Z33K-JBM6YQ.jpg,14,0.745,0.498437,0.890625,0.99375,0.2,yolo11m.pt,bonnet
train,mtsd__val__pLGB9wyam92Z33K-JBM6YQ.jpg,14,0.553,0.499609,0.502995,0.999219,0.991927,yolov8m-oiv7.pt,bonnet
train,mtsd__val__pMZfWFp2e799DpbhwhVAxg.jpg,14,0.854,0.428125,0.923611,0.710938,0.133333,yolo11m.pt,bonnet
train,mtsd__val__Pn0CFL1iY9B0ImC7PlVNVw.jpg,14,0.558,0.495312,0.498437,0.990625,0.994792,yolov8m-oiv7.pt,bonnet
train,mtsd__val__pUaVTxrxWoxucuznqK0Exw.jpg,14,0.709,0.5,0.910156,0.995313,0.158854,yolo11m.pt,bonnet
train,mtsd__val__Q9UIZY0eiAJgAKcwp_GYCQ.jpg,14,0.617,0.499219,0.502604,0.998437,0.992708,yolov8m-oiv7.pt,bonnet
train,mtsd__val__Q9UIZY0eiAJgAKcwp_GYCQ.jpg,14,0.598,0.5,0.81875,0.996875,0.339583,yolo11m.pt,bonnet
train,mtsd__val__QDb-in7Hb72n_I22KC0_qg.jpg,14,0.761,0.500781,0.883333,0.995313,0.211111,yolo11m.pt,bonnet
train,mtsd__val__qkZtOmDVwPrxO1kvfJuVVw.jpg,31,0.681,0.377734,0.73125,0.028125,0.0375,yolo11m.pt,stop sign
train,mtsd__val__QL4ZP4VHdI-MRcupL136Iw.jpg,14,0.84,0.5,0.833333,0.996875,0.314583,yolo11m.pt,bonnet
train,mtsd__val__QqhHzNRejnsY93TPepVHtw.jpg,14,0.723,0.498828,0.880556,0.996094,0.211111,yolo11m.pt,bonnet
train,mtsd__val__QsvXPvnKyYyujhrIqSFVsw.jpg,14,0.845,0.497656,0.868229,0.992188,0.244792,yolo11m.pt,bonnet
train,mtsd__val__QucLGBVM9hRwOszfFJPsrg.jpg,14,0.521,0.501172,0.86875,0.994531,0.24375,yolo11m.pt,bonnet
train,mtsd__val__R0s7TPlKsdB4mSCpNNrLKQ.jpg,14,0.694,0.5,0.889583,0.99375,0.195833,yolo11m.pt,bonnet
train,mtsd__val__R1kKTfvGcmR6M-SrhqiEyQ.jpg,31,0.755,0.055615,0.584722,0.028809,0.05,yolo11m.pt,stop sign
train,mtsd__val__RBcMZhYqPWU4_0hqAwYEag.jpg,14,0.602,0.5,0.86875,0.996875,0.234722,yolo11m.pt,bonnet
train,mtsd__val__rCiF0y7CtcJIwvDwG7lA3w.jpg,14,0.541,0.501172,0.500521,0.997656,0.998958,yolov8m-oiv7.pt,bonnet
train,mtsd__val__rCiF0y7CtcJIwvDwG7lA3w.jpg,14,0.533,0.500781,0.873438,0.995313,0.234375,yolo11m.pt,bonnet
train,mtsd__val__rDd1PgFi6SFEiAKFGFjj3g.jpg,14,0.607,0.5,0.501563,1.0,0.992708,yolov8m-oiv7.pt,bonnet
train,mtsd__val__rgY5eqBk2CPp8xOq29cvvw.jpg,14,0.617,0.5,0.501389,1.0,0.994444,yolov8m-oiv7.pt,bonnet
train,mtsd__val__RJsO7TipCyjYsV0b6lptjQ.jpg,14,0.693,0.495312,0.916927,0.985938,0.145312,yolo11m.pt,bonnet
train,mtsd__val__RKS5rIpBCL-sYOvhWSM29A.jpg,31,0.626,0.735547,0.707292,0.025781,0.035417,yolo11m.pt,stop sign
train,mtsd__val__rMMowQhxML8EmmM6ak-uFA.jpg,14,0.794,0.500781,0.811111,0.995313,0.347222,yolo11m.pt,bonnet
train,mtsd__val__RN2j709dj0cl5XaPJSQYww.jpg,14,0.566,0.5,0.883333,0.995313,0.2125,yolo11m.pt,bonnet
train,mtsd__val__RraSBQQdQldFdWwduSZL4w.jpg,14,0.71,0.5,0.890278,0.996875,0.191667,yolo11m.pt,bonnet
train,mtsd__val__RRpQghoU2rfPMAAW7boiow.jpg,14,0.63,0.553906,0.879167,0.890625,0.219444,yolo11m.pt,bonnet
train,mtsd__val__s47uOjoYo3nZJaaqs02dlQ.jpg,14,0.727,0.496875,0.890278,0.992188,0.190278,yolo11m.pt,bonnet
train,mtsd__val__s9MGLUGTLCoF-yrpVILYQw.jpg,14,0.518,0.493359,0.770833,0.982031,0.433333,yolo11m.pt,bonnet
train,mtsd__val__s9p3ZqvUmfVOqWhd52ALIw.jpg,14,0.606,0.500391,0.503646,0.999219,0.988542,yolov8m-oiv7.pt,bonnet
train,mtsd__val__s9p3ZqvUmfVOqWhd52ALIw.jpg,14,0.604,0.500391,0.832292,0.996094,0.310417,yolo11m.pt,bonnet
train,mtsd__val__sBLQV22V5_xOhy-Zpd01DQ.jpg,14,0.826,0.5,0.895833,0.996875,0.191667,yolo11m.pt,bonnet
train,mtsd__val__sBSR-SBEY2YF0aLCOu-ccw.jpg,14,0.923,0.313281,0.880729,0.625,0.217708,yolo11m.pt,bonnet
train,mtsd__val__se3TzhzteqO5wQjp_RfZ6g.jpg,14,0.57,0.500391,0.499088,0.999219,0.995573,yolov8m-oiv7.pt,bonnet
train,mtsd__val__SGK3P_KHtCsuypyfEfU6yg.jpg,14,0.658,0.498438,0.84375,0.99375,0.289583,yolo11m.pt,bonnet
train,mtsd__val__sGLQ79lj2u0A4lxTYD4IdA.jpg,14,0.591,0.501562,0.916927,0.99375,0.145312,yolo11m.pt,bonnet
train,mtsd__val__SH86UD6Q4-9DPiswf5sd6g.jpg,14,0.865,0.5,0.889583,0.995313,0.202083,yolo11m.pt,bonnet
train,mtsd__val__ShZWoPZpdGu4eSdfObUnUQ.jpg,14,0.549,0.476172,0.904948,0.950781,0.166667,yolo11m.pt,bonnet
train,mtsd__val__sjftgTAykCUI_Y5C0H6bIw.jpg,14,0.78,0.5,0.908333,0.996875,0.166667,yolo11m.pt,bonnet
train,mtsd__val__sMBg3MlOA6XhWBJ-D4G0dQ.jpg,14,0.637,0.500781,0.876389,0.995313,0.225,yolo11m.pt,bonnet
train,mtsd__val__SqUgtR0wchT1qukPjI7fhQ.jpg,14,0.516,0.649609,0.95,0.697656,0.083333,yolo11m.pt,bonnet
train,mtsd__val__sU9EPCtBuraLx33uqZFdhQ.jpg,14,0.512,0.500781,0.503125,0.998438,0.99375,yolov8m-oiv7.pt,bonnet
train,mtsd__val__SVU4_lq3_4zuYulPcMs_ZA.jpg,14,0.531,0.5,0.888542,0.996875,0.208333,yolo11m.pt,bonnet
train,mtsd__val__sVwe7QquMl74SCkgwDT9UQ.jpg,14,0.653,0.522266,0.901042,0.952344,0.18125,yolo11m.pt,bonnet
train,mtsd__val__sWu0PhZO5mMGLlbI0RFUcQ.jpg,14,0.791,0.499219,0.893229,0.995313,0.184896,yolo11m.pt,bonnet
train,mtsd__val__swyANOujKRrDFxyeC97KsQ.jpg,14,0.712,0.597656,0.901823,0.801563,0.179688,yolo11m.pt,bonnet
train,mtsd__val__syumw8Ubsh0HIKEoJ7m13g.jpg,31,0.86,0.091064,0.483333,0.055566,0.072917,yolo11m.pt,stop sign
train,mtsd__val__tbVi8ru91g1KE-vS5ZyraQ.jpg,14,0.658,0.500391,0.865756,0.996094,0.248159,yolo11m.pt,bonnet
train,mtsd__val__TCSYWdiMN809RZgFfm7tcA.jpg,14,0.72,0.5,0.932292,0.996875,0.116667,yolo11m.pt,bonnet
train,mtsd__val__TDHrH7W9cb6AcaI7KMlpGQ.jpg,14,0.553,0.501563,0.90625,0.99375,0.170833,yolo11m.pt,bonnet
train,mtsd__val__tec5yi0ezGE3I2yH_3-88g.jpg,14,0.699,0.5,0.896875,0.996875,0.189583,yolo11m.pt,bonnet
train,mtsd__val__Tg7j9MBXX94TjunlHTY2ug.jpg,14,0.623,0.499609,0.496528,0.999219,0.993056,yolov8m-oiv7.pt,bonnet
train,mtsd__val__TG_QgszBILxf-9CaK0UaYw.jpg,14,0.664,0.5,0.496528,1.0,0.993056,yolov8m-oiv7.pt,bonnet
train,mtsd__val__tIth5LimYHhN-1f-lGkNYA.jpg,31,0.57,0.195703,0.619792,0.036719,0.047917,yolo11m.pt,stop sign
train,mtsd__val__TlfCq4yeg5uR-M-hyGyOhg.jpg,14,0.833,0.501172,0.909375,0.996094,0.1625,yolo11m.pt,bonnet
train,mtsd__val__TOZXVPBQJ-Zmax4LGxgYYA.jpg,14,0.814,0.500781,0.914323,0.995312,0.146354,yolo11m.pt,bonnet
train,mtsd__val__u3YwONU0S9_GTQ_b728aoQ.jpg,31,0.855,0.8625,0.47411,0.040625,0.090754,yolo11m.pt,stop sign
train,mtsd__val__uee_5Al5VicTNOXyJTXY0w.jpg,14,0.691,0.5,0.68125,1.0,0.633333,yolov8m-oiv7.pt,bonnet
train,mtsd__val__UHlNzNVoh_LXXGpxriQaSA.jpg,14,0.78,0.499609,0.85625,0.997656,0.268056,yolo11m.pt,bonnet
train,mtsd__val__UKXqFDB1Ih40hVr_sDoyfA.jpg,14,0.506,0.5,0.498958,1.0,0.989583,yolov8m-oiv7.pt,bonnet
train,mtsd__val__UmtbaGz8t_pQojO7OgSmtA.jpg,14,0.525,0.499609,0.847222,0.997656,0.283333,yolo11m.pt,bonnet
train,mtsd__val__uoFF3TYGG1Od_ZTIVFeUYw.jpg,14,0.56,0.496094,0.929167,0.989062,0.122222,yolo11m.pt,bonnet
train,mtsd__val__UoIuQkPm1ghCUvhA0lz_rA.jpg,14,0.621,0.5,0.5,1.0,1.0,yolov8m-oiv7.pt,bonnet
train,mtsd__val__uvweE-G3w_8h9NtLhQ8h7Q.jpg,14,0.557,0.569531,0.934722,0.832813,0.109722,yolo11m.pt,bonnet
train,mtsd__val__uWTRebiDD1jv8BrNhY3wOA.jpg,14,0.578,0.492969,0.935417,0.984375,0.10625,yolo11m.pt,bonnet
train,mtsd__val__vajQo1VWR2rM1CdE8FAMuw.jpg,14,0.516,0.5,0.904421,0.996875,0.165854,yolo11m.pt,bonnet
train,mtsd__val__vFTiHry7DjuzeDHLRiv26g.jpg,14,0.555,0.5,0.498958,1.0,0.997917,yolov8m-oiv7.pt,bonnet
train,mtsd__val__VK_zyetgvwARbavgihe6hQ.jpg,14,0.518,0.499609,0.9,0.997656,0.177083,yolo11m.pt,bonnet
train,mtsd__val__vOSH0VyIF7l1aKxWtgNmlg.jpg,14,0.521,0.500781,0.499306,0.998438,0.998611,yolov8m-oiv7.pt,bonnet
train,mtsd__val__VqkbD-pOaOkZXEKYrut4jQ.jpg,14,0.541,0.5,0.5,1.0,1.0,yolov8m-oiv7.pt,bonnet
train,mtsd__val__vR76-FfmSL2T31pxa7-ylQ.jpg,14,0.779,0.500781,0.908594,0.996875,0.166146,yolo11m.pt,bonnet
train,mtsd__val__VrBTh_hm9Ip5WzuIy9qJHQ.jpg,14,0.551,0.457422,0.93125,0.913281,0.116667,yolo11m.pt,bonnet
train,mtsd__val__vVmrZ1YaAOc5_rqe8s8BmQ.jpg,14,0.648,0.624219,0.926823,0.748437,0.129688,yolo11m.pt,bonnet
train,mtsd__val__Vw0yZYwf0tOM3gJyvA91bQ.jpg,14,0.585,0.5,0.5,1.0,1.0,yolov8m-oiv7.pt,bonnet
train,mtsd__val__VZAygd06tV8I8jgrFgt7Wg.jpg,14,0.543,0.328906,0.942708,0.653125,0.097917,yolo11m.pt,bonnet
train,mtsd__val__wGNqsLwtbochCBRjRtytfA.jpg,14,0.761,0.499219,0.882292,0.995313,0.216667,yolo11m.pt,bonnet
train,mtsd__val__WihZuTlEge3NZ1RKNO1A5g.jpg,14,0.699,0.432813,0.955208,0.8625,0.075,yolo11m.pt,bonnet
train,mtsd__val__wvidLlGhOfAXWSQEOPLw0A.jpg,14,0.533,0.5,0.497917,1.0,0.99375,yolov8m-oiv7.pt,bonnet
train,mtsd__val__wvidLlGhOfAXWSQEOPLw0A.jpg,14,0.51,0.501563,0.866146,0.995313,0.246875,yolo11m.pt,bonnet
train,mtsd__val__WYdTXHxQiHlD5m4hKlTgZw.jpg,14,0.853,0.478516,0.891146,0.955469,0.201042,yolo11m.pt,bonnet
train,mtsd__val__X8aEp2efo8_haiy97Udq5w.jpg,14,0.615,0.49375,0.93125,0.984375,0.116667,yolo11m.pt,bonnet
train,mtsd__val__XfKXs-7pUhjQ-6jfDPwgMw.jpg,14,0.606,0.498828,0.940625,0.997656,0.102083,yolo11m.pt,bonnet
train,mtsd__val__xJaHnkoNYkzOtaABT8msVg.jpg,14,0.801,0.5,0.884028,0.996875,0.206944,yolo11m.pt,bonnet
train,mtsd__val__xjXDe-8dJ772a_1unUtqUw.jpg,14,0.651,0.5,0.944792,0.998437,0.089583,yolo11m.pt,bonnet
train,mtsd__val__XLIsy5Akb-M5dPg2wAS-zw.jpg,14,0.752,0.597266,0.938542,0.799219,0.10625,yolo11m.pt,bonnet
train,mtsd__val__XNojU6VZscLWqP-TyW_Wjg.jpg,14,0.703,0.5,0.5,1.0,0.995833,yolov8m-oiv7.pt,bonnet
train,mtsd__val__xO0x7fQBfTpu-p6BHOKSXQ.jpg,31,0.649,0.231641,0.507292,0.008594,0.0125,yolo11m.pt,stop sign
train,mtsd__val__xqHNkPl7rohq7_R7f1nAUA.jpg,14,0.948,0.495703,0.879167,0.827344,0.227083,yolo11m.pt,bonnet
train,mtsd__val__XRGWqLTVPljXGoDdQ8SB_Q.jpg,14,0.574,0.528125,0.910417,0.940625,0.160417,yolo11m.pt,bonnet
train,mtsd__val__XuR1nVo7ih6pPG7r26J_Uw.jpg,14,0.553,0.5,0.8875,0.998438,0.202083,yolo11m.pt,bonnet
train,mtsd__val__Y1kZTceKtpBE2-T7wPr-rQ.jpg,31,0.568,0.184961,0.597917,0.033594,0.098611,yolo11m.pt,stop sign
train,mtsd__val__y3RjhpXSYIY1NicXSJLkWg.jpg,14,0.543,0.5,0.932292,0.998437,0.116667,yolo11m.pt,bonnet
train,mtsd__val__yawdmkEUnzf4QMRjBcCUFA.jpg,14,0.752,0.553516,0.888889,0.889844,0.2,yolo11m.pt,bonnet
train,mtsd__val__yEIIZyVp1ydBign4S-51sQ.jpg,14,0.777,0.5,0.9125,0.996875,0.15625,yolo11m.pt,bonnet
train,mtsd__val__Yen-tEgYXG-A6MRtK8GxqQ.jpg,14,0.72,0.509375,0.901042,0.98125,0.18125,yolo11m.pt,bonnet
train,mtsd__val__yZ2h25fbLiOFwgE9R8HJRw.jpg,14,0.63,0.500391,0.867708,0.992969,0.24375,yolo11m.pt,bonnet
train,mtsd__val__Z1dHnLDQu1TKLX05Dgyyrg.jpg,14,0.688,0.500391,0.839063,0.997656,0.301042,yolo11m.pt,bonnet
train,mtsd__val__Z3PXZ_DkA20whuXaqPWTXQ.jpg,14,0.518,0.5,0.915625,0.995312,0.147917,yolo11m.pt,bonnet
train,mtsd__val__ZbCOXpGAkJIh-gzt4GLEtA.jpg,14,0.728,0.499219,0.85,0.996875,0.272222,yolo11m.pt,bonnet
train,mtsd__val__ZcCmICdCnQrh0Fyo6SV2lw.jpg,14,0.727,0.499219,0.927344,0.996875,0.128646,yolo11m.pt,bonnet
train,mtsd__val__ZGMFqS54eE4AsgGefkH3rA.jpg,14,0.633,0.500781,0.874479,0.995313,0.236458,yolo11m.pt,bonnet
train,mtsd__val__ZJ1W9njk3dm8y95lXPYMAg.jpg,14,0.512,0.5,0.513542,1.0,0.964583,yolov8m-oiv7.pt,bonnet
train,mtsd__val__ZJ1W9njk3dm8y95lXPYMAg.jpg,14,0.508,0.499609,0.923177,0.994531,0.136979,yolo11m.pt,bonnet
train,mtsd__val__zjaEtMHffTU8fenPX83h5Q.jpg,14,0.872,0.491406,0.897917,0.979688,0.18125,yolo11m.pt,bonnet
train,mtsd__val__ZNbS_Y3NPtliUx3COu-_0g.jpg,14,0.698,0.497656,0.790104,0.995313,0.394792,yolo11m.pt,bonnet
train,mtsd__val__zNMPSkO6nB5jAksUAY5vrw.jpg,14,0.621,0.500781,0.868056,0.996875,0.247222,yolo11m.pt,bonnet
train,mtsd__val__zOv7zPFOqpwajfpNYgFSKw.jpg,14,0.855,0.499609,0.843056,0.994531,0.286111,yolo11m.pt,bonnet
train,mtsd__val__Zq2h23qY472mh9G4-a_3KQ.jpg,14,0.557,0.5,0.504167,1.0,0.983333,yolov8m-oiv7.pt,bonnet
train,mtsd__val__zVhZXsvODxCyX9iD147gOQ.jpg,31,0.709,0.241211,0.359635,0.065234,0.083854,yolo11m.pt,stop sign
train,mtsd__val__zwkfUAbvO2nRaU0VA365eA.jpg,14,0.674,0.500781,0.921875,0.992188,0.139583,yolo11m.pt,bonnet
train,oiv7__train__0003bb040a62c86f.jpg,31,0.699,0.8375,0.265865,0.03125,0.097444,yolo11m.pt,stop sign
train,oiv7__train__005415b295122795.jpg,31,0.834,0.739062,0.202353,0.03125,0.060654,yolo11m.pt,stop sign
train,oiv7__train__0072c81809385f00.jpg,31,0.547,0.2875,0.424727,0.050781,0.065939,yolo11m.pt,stop sign
train,oiv7__train__00a706ca95d22529.jpg,31,0.755,0.58448,0.697656,0.04451,0.03125,yolo11m.pt,stop sign
train,oiv7__train__0105b1990ae06ba0.jpg,31,0.72,0.479006,0.632812,0.281768,0.19375,yolo11m.pt,stop sign
train,oiv7__train__01b52ea9905ffc9c.jpg,31,0.764,0.4375,0.318302,0.098437,0.152855,yolo11m.pt,stop sign
train,oiv7__train__01ca711e5e74bee1.jpg,31,0.557,0.639844,0.444444,0.017187,0.032749,yolo11m.pt,stop sign
train,oiv7__train__021764ab0167feae.jpg,31,0.696,0.762891,0.462921,0.042969,0.173783,yolo11m.pt,stop sign
train,oiv7__train__02943ab08011a32d.jpg,31,0.529,0.810573,0.459766,0.056388,0.040625,yolo11m.pt,stop sign
train,oiv7__train__02c349486b33becb.jpg,31,0.539,0.765625,0.622504,0.067187,0.109033,yolo11m.pt,stop sign
train,oiv7__train__03cd516b132d5eba.jpg,31,0.555,0.513021,0.482422,0.19375,0.141406,yolo11m.pt,stop sign
train,oiv7__train__04300b302e117981.jpg,31,0.947,0.495215,0.505208,0.250195,0.358333,yolov8m-oiv7.pt,stop sign
train,oiv7__train__04300b302e117981.jpg,31,0.916,0.770313,0.317448,0.209375,0.321354,yolo11m.pt,stop sign
train,oiv7__train__04300b302e117981.jpg,31,0.909,0.316797,0.486458,0.18125,0.304167,yolo11m.pt,stop sign
train,oiv7__train__04300b302e117981.jpg,31,0.898,0.194922,0.498958,0.119531,0.289583,yolo11m.pt,stop sign
train,oiv7__train__04300b302e117981.jpg,31,0.892,0.660938,0.515755,0.1375,0.33724,yolo11m.pt,stop sign
train,oiv7__train__04300b302e117981.jpg,31,0.873,0.925781,0.501172,0.146875,0.495573,yolo11m.pt,stop sign
train,oiv7__train__04300b302e117981.jpg,31,0.551,0.778906,0.55625,0.13125,0.23125,yolo11m.pt,stop sign
train,oiv7__train__04405957b0778fbb.jpg,31,0.826,0.320312,0.155313,0.054688,0.0975,yolo11m.pt,stop sign
train,oiv7__train__054f7eacbe6ae426.jpg,31,0.698,0.30625,0.566667,0.029688,0.045833,yolo11m.pt,stop sign
train,oiv7__train__0665cd6767d4c327.jpg,31,0.911,0.665234,0.457292,0.413281,0.552083,yolo11m.pt,stop sign
train,oiv7__train__08220f8d780e72dd.jpg,31,0.508,0.336328,0.332292,0.03125,0.052083,yolo11m.pt,stop sign
train,oiv7__train__08f49d468f419d84.jpg,31,0.896,0.020288,0.767647,0.040576,0.137647,yolo11m.pt,stop sign
train,oiv7__train__08f49d468f419d84.jpg,31,0.869,0.118359,0.832941,0.035742,0.063529,yolo11m.pt,stop sign
train,oiv7__train__0a243875d48be4fc.jpg,31,0.541,0.644141,0.811458,0.036719,0.060417,yolo11m.pt,stop sign
train,oiv7__train__0bf8957f05c3bac5.jpg,31,0.933,0.267188,0.59677,0.101562,0.165639,yolo11m.pt,stop sign
train,oiv7__train__0bf8957f05c3bac5.jpg,31,0.926,0.659375,0.587372,0.057812,0.199706,yolo11m.pt,stop sign
train,oiv7__train__0bf8957f05c3bac5.jpg,31,0.922,0.141211,0.589721,0.052539,0.146843,yolo11m.pt,stop sign
train,oiv7__train__0bf8957f05c3bac5.jpg,31,0.921,0.191992,0.585022,0.081641,0.155066,yolo11m.pt,stop sign
train,oiv7__train__0bf8957f05c3bac5.jpg,31,0.916,0.344922,0.529222,0.057031,0.123348,yolo11m.pt,stop sign
train,oiv7__train__0bf8957f05c3bac5.jpg,31,0.896,0.452734,0.59677,0.0625,0.189134,yolo11m.pt,stop sign
train,oiv7__train__0bf8957f05c3bac5.jpg,31,0.89,0.596484,0.5721,0.089063,0.195007,yolo11m.pt,stop sign
train,oiv7__train__0bf8957f05c3bac5.jpg,31,0.843,0.196875,0.508664,0.090234,0.077533,yolo11m.pt,stop sign
train,oiv7__train__0bf8957f05c3bac5.jpg,31,0.813,0.378906,0.59677,0.046094,0.18326,yolo11m.pt,stop sign
train,oiv7__train__0bf8957f05c3bac5.jpg,31,0.812,0.328906,0.586197,0.067969,0.166814,yolo11m.pt,stop sign
train,oiv7__train__0bf8957f05c3bac5.jpg,31,0.628,0.691406,0.566814,0.028125,0.172687,yolo11m.pt,stop sign
train,oiv7__train__0bf8957f05c3bac5.jpg,31,0.539,0.501562,0.655507,0.034375,0.056388,yolo11m.pt,stop sign
train,oiv7__train__0bf8957f05c3bac5.jpg,31,0.514,0.398438,0.58091,0.053125,0.169163,yolo11m.pt,stop sign
train,oiv7__train__0bf8b01eaa11d054.jpg,31,0.789,0.906745,0.334766,0.060997,0.039453,yolo11m.pt,stop sign
train,oiv7__train__0c8c59a34b9f2028.jpg,31,0.699,0.184896,0.047803,0.123958,0.095312,yolo11m.pt,stop sign
train,oiv7__train__0dddb5e2bc416a16.jpg,31,0.666,0.897656,0.348624,0.092188,0.126868,yolo11m.pt,stop sign
train,oiv7__train__0dddb5e2bc416a16.jpg,31,0.593,0.014404,0.342595,0.028613,0.117955,yolo11m.pt,stop sign
train,oiv7__train__0e2ca97c3f90fe4c.jpg,31,0.555,0.117122,0.788281,0.041797,0.057812,yolo11m.pt,stop sign
train,oiv7__train__0e7f0ff800ca8b96.jpg,31,0.952,0.602344,0.871072,0.135938,0.25257,yolo11m.pt,stop sign
train,oiv7__train__0ebb654be1697247.jpg,31,0.568,0.642188,0.343056,0.015625,0.041667,yolo11m.pt,stop sign
train,oiv7__train__0ef0e54bf871dd48.jpg,31,0.919,0.239844,0.286979,0.128516,0.194792,yolo11m.pt,stop sign
train,oiv7__train__0f7c712128ab740a.jpg,31,0.628,0.130273,0.508784,0.043359,0.082432,yolo11m.pt,stop sign
train,oiv7__train__0f800cae5a61a208.jpg,31,0.543,0.485547,0.402604,0.029688,0.05,yolo11m.pt,stop sign
train,oiv7__train__10349661e277098e.jpg,31,0.868,0.058154,0.462665,0.027246,0.057394,yolo11m.pt,stop sign
train,oiv7__train__10dcf3b331cfe923.jpg,31,0.898,0.984375,0.2575,0.03125,0.235,yolo11m.pt,stop sign
train,oiv7__train__10ea9de096255615.jpg,31,0.876,0.493359,0.564063,0.06875,0.094792,yolo11m.pt,stop sign
train,oiv7__train__1254cb54d1f99f4a.jpg,31,0.749,0.093431,0.395898,0.135474,0.078516,yolo11m.pt,stop sign
train,oiv7__train__12fe52a1fffa7c1f.jpg,31,0.736,0.694141,0.564706,0.038281,0.152941,yolo11m.pt,stop sign
train,oiv7__train__13ee632e2498000f.jpg,31,0.879,0.200391,0.860177,0.035547,0.070796,yolo11m.pt,stop sign
train,oiv7__train__1609461cac4e15be.jpg,31,0.537,0.186523,0.546484,0.069922,0.069531,yolo11m.pt,stop sign
train,oiv7__train__170fdc1ea4719d54.jpg,31,0.504,0.20083,0.06849,0.074902,0.09375,yolo11m.pt,stop sign
train,oiv7__train__176e83c83dc52e94.jpg,31,0.736,0.475781,0.42694,0.040625,0.101903,yolo11m.pt,stop sign
train,oiv7__train__18a44030a6941325.jpg,31,0.717,0.602734,0.597917,0.03125,0.045833,yolo11m.pt,stop sign
train,oiv7__train__1947ba1d96c443d8.jpg,31,0.83,0.3625,0.186198,0.091406,0.241146,yolo11m.pt,stop sign
train,oiv7__train__1947ba1d96c443d8.jpg,31,0.758,0.323047,0.372917,0.076172,0.204167,yolo11m.pt,stop sign
train,oiv7__train__1947ba1d96c443d8.jpg,31,0.743,0.625,0.216667,0.071875,0.238542,yolo11m.pt,stop sign
train,oiv7__train__1947ba1d96c443d8.jpg,31,0.58,0.642187,0.42513,0.077344,0.147656,yolo11m.pt,stop sign
train,oiv7__train__1a15ad44ccdaa42f.jpg,31,0.643,0.289844,0.567708,0.060937,0.179167,yolo11m.pt,stop sign
train,oiv7__train__1aefe7bab2ebc427.jpg,31,0.564,0.102563,0.592708,0.023779,0.032292,yolo11m.pt,stop sign
train,oiv7__train__1be25e61ca5311ae.jpg,31,0.812,0.154688,0.070864,0.117578,0.138214,yolo11m.pt,stop sign
train,oiv7__train__1c44a31670ba49f8.jpg,31,0.913,0.413281,0.44375,0.052344,0.083333,yolo11m.pt,stop sign
train,oiv7__train__1efd1eda5b73a48d.jpg,31,0.57,0.163184,0.278125,0.039453,0.173958,yolo11m.pt,stop sign
train,oiv7__train__212686361c715f5b.jpg,31,0.906,0.717578,0.421523,0.114062,0.22284,yolo11m.pt,stop sign
train,oiv7__train__22dd05a7d74e3632.jpg,31,0.947,0.245752,0.288021,0.132715,0.195833,yolo11m.pt,stop sign
train,oiv7__train__23196738ebc046f3.jpg,31,0.535,0.488826,0.509375,0.977652,0.96875,yolo11m.pt,stop sign
train,oiv7__train__235bf7fe680bd069.jpg,31,0.937,0.434375,0.418355,0.309375,0.629369,yolo11m.pt,stop sign
train,oiv7__train__235bf7fe680bd069.jpg,31,0.936,0.740625,0.550954,0.184375,0.331278,yolo11m.pt,stop sign
train,oiv7__train__235bf7fe680bd069.jpg,31,0.913,0.86875,0.552129,0.08125,0.216153,yolo11m.pt,stop sign
train,oiv7__train__235bf7fe680bd069.jpg,31,0.854,0.716016,0.392952,0.050781,0.243172,yolo11m.pt,stop sign
train,oiv7__train__235bf7fe680bd069.jpg,31,0.722,0.823438,0.568576,0.067188,0.258443,yolo11m.pt,stop sign
train,oiv7__train__235bf7fe680bd069.jpg,31,0.562,0.571484,0.553304,0.079687,0.308957,yolo11m.pt,stop sign
train,oiv7__train__242c5f01c247de26.jpg,31,0.875,0.85625,0.552083,0.05,0.066667,yolo11m.pt,stop sign
train,oiv7__train__24c498ce015ae930.jpg,31,0.842,0.305078,0.475497,0.039062,0.135099,yolo11m.pt,stop sign
train,oiv7__train__274c32c4b6d494c6.jpg,31,0.525,0.283984,0.091067,0.071875,0.125062,yolo11m.pt,stop sign
train,oiv7__train__28e6130f3cdb9470.jpg,31,0.545,0.676563,0.192348,0.028125,0.096,yolo11m.pt,stop sign
train,oiv7__train__291b6aad9d9f2146.jpg,31,0.903,0.214795,0.202937,0.072754,0.107489,yolo11m.pt,stop sign
train,oiv7__train__29cf7c453f652e56.jpg,31,0.683,0.427344,0.169883,0.063281,0.122807,yolo11m.pt,stop sign
train,oiv7__train__2a6de917e56b7391.jpg,31,0.523,0.829687,0.820139,0.017188,0.040278,yolo11m.pt,stop sign
train,oiv7__train__2ad45c8a7722f683.jpg,31,0.954,0.457813,0.205208,0.216406,0.29375,yolov8m-oiv7.pt,stop sign
train,oiv7__train__2ad45c8a7722f683.jpg,31,0.917,0.592969,0.219271,0.107813,0.209375,yolo11m.pt,stop sign
train,oiv7__train__2ad45c8a7722f683.jpg,31,0.909,0.670313,0.158594,0.051562,0.214583,yolo11m.pt,stop sign
train,oiv7__train__2ad45c8a7722f683.jpg,31,0.821,0.403516,0.155469,0.107812,0.19375,yolo11m.pt,stop sign
train,oiv7__train__2ad45c8a7722f683.jpg,31,0.804,0.458984,0.498437,0.200781,0.288542,yolov8m-oiv7.pt,stop sign
train,oiv7__train__2ad45c8a7722f683.jpg,31,0.714,0.603125,0.108854,0.090625,0.116146,yolo11m.pt,stop sign
train,oiv7__train__2b1a60180cbaa043.jpg,31,0.598,0.441016,0.365055,0.035937,0.118565,yolo11m.pt,stop sign
train,oiv7__train__2c2c67e049b4f506.jpg,31,0.813,0.376172,0.503604,0.052344,0.135135,yolo11m.pt,stop sign
train,oiv7__train__2e187943f0c49570.jpg,31,0.872,0.726562,0.629167,0.045313,0.066667,yolo11m.pt,stop sign
train,oiv7__train__2ea13ce593337bec.jpg,31,0.613,0.094727,0.665625,0.188867,0.34375,yolo11m.pt,stop sign
train,oiv7__train__2fb4012e119b226c.jpg,31,0.641,0.239844,0.547917,0.028125,0.036458,yolo11m.pt,stop sign
train,oiv7__train__3025da00dfe11d4c.jpg,31,0.903,0.50625,0.117448,0.085156,0.126563,yolo11m.pt,stop sign
train,oiv7__train__31a353ad0e9041ea.jpg,31,0.531,0.122852,0.623438,0.027734,0.109375,yolo11m.pt,stop sign
train,oiv7__train__31c3021a8359bea2.jpg,31,0.836,0.747225,0.37168,0.289843,0.286328,yolov8m-oiv7.pt,stop sign
train,oiv7__train__32e264c75caf8f51.jpg,31,0.887,0.321053,0.869531,0.088889,0.140625,yolo11m.pt,stop sign
train,oiv7__train__33dd82e74314cf3f.jpg,31,0.557,0.939062,0.406423,0.045312,0.065401,yolo11m.pt,stop sign
train,oiv7__train__35d6f825fa697459.jpg,31,0.683,0.290013,0.464063,0.029053,0.021094,yolo11m.pt,stop sign
train,oiv7__train__3655ec9ffe199a0a.jpg,31,0.954,0.913281,0.120705,0.173437,0.238473,yolo11m.pt,stop sign
train,oiv7__train__365a5eaae02fbde3.jpg,31,0.866,0.676172,0.547396,0.054688,0.080208,yolo11m.pt,stop sign
train,oiv7__train__367695549e7469f9.jpg,31,0.933,0.413281,0.32854,0.083594,0.101089,yolo11m.pt,stop sign
train,oiv7__train__367695549e7469f9.jpg,31,0.927,0.337695,0.333769,0.082813,0.101089,yolo11m.pt,stop sign
train,oiv7__train__367695549e7469f9.jpg,31,0.921,0.261328,0.337473,0.083594,0.102397,yolo11m.pt,stop sign
train,oiv7__train__367695549e7469f9.jpg,31,0.919,0.490234,0.325054,0.082031,0.100218,yolo11m.pt,stop sign
train,oiv7__train__367695549e7469f9.jpg,31,0.915,0.797656,0.312418,0.075,0.101961,yolo11m.pt,stop sign
train,oiv7__train__367695549e7469f9.jpg,31,0.903,0.566016,0.322004,0.080469,0.101961,yolo11m.pt,stop sign
train,oiv7__train__367695549e7469f9.jpg,31,0.903,0.719531,0.315904,0.082812,0.102832,yolo11m.pt,stop sign
train,oiv7__train__367695549e7469f9.jpg,31,0.901,0.644922,0.32244,0.082812,0.101089,yolo11m.pt,stop sign
train,oiv7__train__367695549e7469f9.jpg,31,0.898,0.182031,0.341176,0.084375,0.102832,yolo11m.pt,stop sign
train,oiv7__train__367695549e7469f9.jpg,31,0.897,0.879688,0.31024,0.079688,0.102832,yolo11m.pt,stop sign
train,oiv7__train__37794c4ac8b2d766.jpg,31,0.896,0.739063,0.803015,0.089063,0.114573,yolo11m.pt,stop sign
train,oiv7__train__38cb10218d3feb70.jpg,31,0.941,0.801367,0.33724,0.134766,0.175521,yolo11m.pt,stop sign
train,oiv7__train__397141249627d473.jpg,31,0.576,0.86875,0.424161,0.0375,0.112752,yolo11m.pt,stop sign
train,oiv7__train__3a0bcc2506d1be7e.jpg,31,0.583,0.804688,0.492188,0.065625,0.091406,yolo11m.pt,stop sign
train,oiv7__train__3b0745d5f45e418c.jpg,31,0.727,0.177539,0.681771,0.058203,0.114583,yolo11m.pt,stop sign
train,oiv7__train__3b48662a816e468c.jpg,31,0.863,0.246094,0.336458,0.035937,0.079167,yolo11m.pt,stop sign
train,oiv7__train__3cb1f1965a17a31c.jpg,31,0.839,0.394141,0.331771,0.042969,0.063542,yolo11m.pt,stop sign
train,oiv7__train__3cce6b81b743f8ab.jpg,31,0.814,0.127637,0.069693,0.024219,0.093704,yolo11m.pt,stop sign
train,oiv7__train__3dc3a9ae23dbd718.jpg,31,0.719,0.889844,0.37487,0.04375,0.064844,yolo11m.pt,stop sign
train,oiv7__train__3f7aa213be33c1a1.jpg,31,0.699,0.55,0.446094,0.0375,0.028125,yolo11m.pt,stop sign
train,oiv7__train__3f7c4fa6f74ac9e4.jpg,31,0.658,0.109863,0.482812,0.02832,0.035417,yolo11m.pt,stop sign
train,oiv7__train__440840f8acb67f9d.jpg,31,0.913,0.442733,0.921094,0.117267,0.145313,yolo11m.pt,stop sign
train,oiv7__train__4485434ea097d1f2.jpg,31,0.714,0.755859,0.516667,0.045313,0.077083,yolo11m.pt,stop sign
train,oiv7__train__44d183ab8b82127d.jpg,31,0.646,0.257812,0.496875,0.49375,0.9125,yolo11m.pt,stop sign
train,oiv7__train__44d183ab8b82127d.jpg,31,0.562,0.740625,0.502734,0.484375,0.905469,yolo11m.pt,stop sign
train,oiv7__train__46e588627eaa67d5.jpg,31,0.606,0.20793,0.715234,0.03583,0.023438,yolo11m.pt,stop sign
train,oiv7__train__46eacf5938341986.jpg,31,0.921,0.522917,0.644531,0.166667,0.145312,yolo11m.pt,stop sign
train,oiv7__train__476aaf5756b352a3.jpg,31,0.58,0.926563,0.492398,0.040625,0.063158,yolo11m.pt,stop sign
train,oiv7__train__48749772f8c3c4c3.jpg,31,0.512,0.495833,0.250781,0.1875,0.157813,yolo11m.pt,stop sign
train,oiv7__train__48a71576cdd178e0.jpg,31,0.873,0.511458,0.266211,0.133333,0.078516,yolo11m.pt,stop sign
train,oiv7__train__49b14641c71fed9a.jpg,31,0.719,0.142773,0.340104,0.194922,0.232292,yolo11m.pt,stop sign
train,oiv7__train__4ac3f568dc1645ee.jpg,31,0.694,0.135938,0.539562,0.016797,0.056058,yolo11m.pt,stop sign
train,oiv7__train__4b4cc7b8d0d0444b.jpg,31,0.737,0.778125,0.428472,0.039844,0.066667,yolo11m.pt,stop sign
train,oiv7__train__4d524b501659e76f.jpg,31,0.834,0.898438,0.451042,0.075,0.127083,yolo11m.pt,stop sign
train,oiv7__train__4f7187f81909f22f.jpg,31,0.727,0.978125,0.971341,0.034375,0.046841,yolo11m.pt,stop sign
train,oiv7__train__53a65d71af51cce4.jpg,31,0.576,0.767969,0.402083,0.025,0.04375,yolo11m.pt,stop sign
train,oiv7__train__562d7492978db1be.jpg,31,0.679,0.922656,0.497991,0.154687,0.981826,yolo11m.pt,stop sign
train,oiv7__train__5643d101fc019494.jpg,31,0.791,0.104232,0.707813,0.063411,0.048438,yolo11m.pt,stop sign
train,oiv7__train__58ec73c8f9b88813.jpg,31,0.848,0.643386,0.274609,0.150265,0.125781,yolo11m.pt,stop sign
train,oiv7__train__59efa6f35dba3238.jpg,31,0.796,0.272461,0.316252,0.019141,0.02694,yolo11m.pt,stop sign
train,oiv7__train__5be8b1f6f8a639ab.jpg,31,0.89,0.848438,0.463021,0.0375,0.05,yolo11m.pt,stop sign
train,oiv7__train__5e9f1e59700dae2b.jpg,31,0.502,0.877344,0.848958,0.040625,0.054167,yolo11m.pt,stop sign
train,oiv7__train__5ff243ba4ccc3207.jpg,31,0.903,0.545703,0.266667,0.046094,0.077596,yolo11m.pt,stop sign
train,oiv7__train__63f7c8715d4c533e.jpg,31,0.729,0.898438,0.522917,0.0375,0.135417,yolo11m.pt,stop sign
train,oiv7__train__65e66cd2b51b6031.jpg,31,0.635,0.466667,0.834375,0.296183,0.121875,yolov8m-oiv7.pt,stop sign
train,oiv7__train__66be7ec68348adbe.jpg,31,0.854,0.761719,0.414583,0.035156,0.108333,yolo11m.pt,stop sign
train,oiv7__train__67e1eaf02aae4b27.jpg,31,0.846,0.738281,0.572954,0.04375,0.158007,yolo11m.pt,stop sign
train,oiv7__train__68b632fd2254d26c.jpg,31,0.67,0.433203,0.633333,0.040625,0.05625,yolo11m.pt,stop sign
train,oiv7__train__69c5a212bb135750.jpg,31,0.897,0.938799,0.38125,0.083163,0.053906,yolo11m.pt,stop sign
train,oiv7__train__6b7de812a0ea0468.jpg,31,0.848,0.191504,0.381232,0.022461,0.049267,yolo11m.pt,stop sign
train,oiv7__train__6c165e3f8280114e.jpg,31,0.98,0.6125,0.385286,0.304688,0.498177,yolo11m.pt,stop sign
train,oiv7__train__6cf5df5fce8fbf26.jpg,31,0.632,0.86875,0.764861,0.05,0.159297,yolo11m.pt,stop sign
train,oiv7__train__6de5973bfce2ca4d.jpg,31,0.849,0.651563,0.507292,0.045313,0.095833,yolo11m.pt,stop sign
train,oiv7__train__6e5ef79d4fa4ba4d.jpg,31,0.669,0.194629,0.518887,0.068164,0.112445,yolo11m.pt,stop sign
train,oiv7__train__7067fd823a4971e6.jpg,31,0.555,0.953125,0.472035,0.04375,0.06325,yolo11m.pt,stop sign
train,oiv7__train__720afee58feaf9d7.jpg,31,0.512,0.604297,0.611979,0.030469,0.055208,yolo11m.pt,stop sign
train,oiv7__train__72f85f4f8698e3d4.jpg,31,0.902,0.276172,0.05753,0.036719,0.077108,yolo11m.pt,stop sign
train,oiv7__train__731ea4c7fb8da26d.jpg,31,0.806,0.285156,0.145152,0.063281,0.091515,yolo11m.pt,stop sign
train,oiv7__train__76abaad70496d919.jpg,31,0.913,0.917188,0.630208,0.115625,0.15,yolo11m.pt,stop sign
train,oiv7__train__771c149307d6749c.jpg,31,0.908,0.836133,0.186627,0.102734,0.1789,yolo11m.pt,stop sign
train,oiv7__train__776b336b672f670e.jpg,31,0.593,0.033594,0.354167,0.018457,0.03125,yolo11m.pt,stop sign
train,oiv7__train__77af20e6139ab1b4.jpg,31,0.593,0.223047,0.357031,0.021875,0.047396,yolo11m.pt,stop sign
train,oiv7__train__79880f0b65583b98.jpg,31,0.568,0.667188,0.489605,0.03125,0.046852,yolo11m.pt,stop sign
train,oiv7__train__79b77335200ce21f.jpg,31,0.52,0.494141,0.471554,0.053906,0.091496,yolo11m.pt,stop sign
train,oiv7__train__7aa56061830c035b.jpg,31,0.502,0.159375,0.508854,0.016016,0.022917,yolo11m.pt,stop sign
train,oiv7__train__7b4dcd0d7ddad19a.jpg,31,0.657,0.156543,0.54712,0.14668,0.360414,yolo11m.pt,stop sign
train,oiv7__train__7c8b2fff88e690a4.jpg,31,0.827,0.8625,0.566569,0.025,0.039883,yolo11m.pt,stop sign
train,oiv7__train__7c8b2fff88e690a4.jpg,31,0.521,0.805469,0.537243,0.020312,0.030499,yolo11m.pt,stop sign
train,oiv7__train__7d7db42523cf1eee.jpg,31,0.902,0.419792,0.730859,0.197917,0.147656,yolo11m.pt,stop sign
train,oiv7__train__7e257d5fdacd3ff2.jpg,31,0.518,0.577344,0.044934,0.05,0.088106,yolo11m.pt,stop sign
train,oiv7__train__7f86180c97e06a42.jpg,31,0.868,0.404167,0.321094,0.045833,0.049219,yolo11m.pt,stop sign
train,oiv7__train__7ffebe6032f8209f.jpg,31,0.858,0.728646,0.083057,0.060417,0.044824,yolo11m.pt,stop sign
train,oiv7__train__80261bf4de575730.jpg,31,0.731,0.708594,0.628739,0.046875,0.08915,yolo11m.pt,stop sign
train,oiv7__train__804eaed06c720ca3.jpg,31,0.674,0.159375,0.475177,0.030078,0.053901,yolo11m.pt,stop sign
train,oiv7__train__822391594f7bb6d6.jpg,31,0.732,0.100293,0.455729,0.03418,0.04375,yolo11m.pt,stop sign
train,oiv7__train__839be95e337ea93a.jpg,31,0.95,0.862695,0.467059,0.274609,0.429412,yolo11m.pt,stop sign
train,oiv7__train__84355af60c427e06.jpg,31,0.874,0.642188,0.524479,0.03125,0.072917,yolo11m.pt,stop sign
train,oiv7__train__84eddac1972cf460.jpg,31,0.893,0.361523,0.06325,0.098828,0.125329,yolo11m.pt,stop sign
train,oiv7__train__85e54014a2254b62.jpg,31,0.541,0.353598,0.08335,0.164464,0.096777,yolo11m.pt,stop sign
train,oiv7__train__86f627cf9405abff.jpg,31,0.742,0.458594,0.55625,0.05625,0.098611,yolo11m.pt,stop sign
train,oiv7__train__87a7905d274c42c4.jpg,31,0.922,0.466087,0.426953,0.27687,0.154688,yolo11m.pt,stop sign
train,oiv7__train__899502192520f2f2.jpg,31,0.557,0.81543,0.789205,0.031641,0.046591,yolo11m.pt,stop sign
train,oiv7__train__8c42c94cb77b175a.jpg,31,0.9,0.865625,0.514583,0.078125,0.1125,yolo11m.pt,stop sign
train,oiv7__train__8c5e43313dee77f1.jpg,31,0.525,0.05332,0.447438,0.022852,0.046852,yolo11m.pt,stop sign
train,oiv7__train__8cb986bf68120670.jpg,31,0.896,0.355078,0.591146,0.066016,0.0875,yolo11m.pt,stop sign
train,oiv7__train__8e2e52c05506aed1.jpg,31,0.879,0.807031,0.326516,0.032812,0.077643,yolo11m.pt,stop sign
train,oiv7__train__8ec1f80d805605b2.jpg,31,0.593,0.509375,0.335417,0.017188,0.020833,yolo11m.pt,stop sign
train,oiv7__train__8ec1f80d805605b2.jpg,31,0.562,0.411719,0.303646,0.014844,0.021875,yolo11m.pt,stop sign
train,oiv7__train__8f52b7cb282ffd96.jpg,31,0.504,0.066699,0.146094,0.133398,0.190104,yolo11m.pt,stop sign
train,oiv7__train__8fa4fce5e7a99f6f.jpg,31,0.641,0.366992,0.541314,0.027734,0.08292,yolo11m.pt,stop sign
train,oiv7__train__8fc343167bfd39f8.jpg,31,0.863,0.435156,0.551485,0.066406,0.168317,yolo11m.pt,stop sign
train,oiv7__train__8fce96cfb3821f90.jpg,31,0.927,0.584766,0.636711,0.184375,0.292511,yolo11m.pt,stop sign
train,oiv7__train__900b32022c2ff7a6.jpg,31,0.589,0.842188,0.128235,0.06875,0.103529,yolo11m.pt,stop sign
train,oiv7__train__92160e561836647e.jpg,31,0.555,0.248438,0.647656,0.082813,0.071875,yolo11m.pt,stop sign
train,oiv7__train__9317d430ee32e84c.jpg,31,0.699,0.895313,0.385417,0.045312,0.065625,yolo11m.pt,stop sign
train,oiv7__train__93d493e1845f9352.jpg,31,0.633,0.70625,0.272396,0.025,0.148438,yolo11m.pt,stop sign
train,oiv7__train__94743a442575514e.jpg,31,0.639,0.884375,0.361933,0.028125,0.125329,yolo11m.pt,stop sign
train,oiv7__train__94b7c308dc175f2f.jpg,31,0.655,0.109766,0.694792,0.063672,0.083333,yolo11m.pt,stop sign
train,oiv7__train__97db4dd50773c6b8.jpg,31,0.539,0.574219,0.753598,0.030469,0.04699,yolo11m.pt,stop sign
train,oiv7__train__9ae48ab432144e57.jpg,31,0.802,0.246533,0.753125,0.135059,0.1875,yolo11m.pt,stop sign
train,oiv7__train__9ba2b18a170157f5.jpg,31,0.537,0.798613,0.628125,0.054073,0.03125,yolo11m.pt,stop sign
train,oiv7__train__9d5721af07327e1a.jpg,31,0.907,0.107446,0.353957,0.066748,0.161151,yolo11m.pt,stop sign
train,oiv7__train__9d5721af07327e1a.jpg,31,0.848,0.704687,0.584173,0.048438,0.17554,yolo11m.pt,stop sign
train,oiv7__train__9e2f90b52331699e.jpg,31,0.693,0.247266,0.662154,0.053906,0.081231,yolo11m.pt,stop sign
train,oiv7__train__9e34edaf5c50658d.jpg,31,0.502,0.7375,0.577083,0.026562,0.039583,yolo11m.pt,stop sign
train,oiv7__train__9f645077daa1f089.jpg,31,0.587,0.073975,0.55625,0.080176,0.104167,yolo11m.pt,stop sign
train,oiv7__train__9fadc38b919a6026.jpg,31,0.869,0.864063,0.425959,0.05,0.080236,yolo11m.pt,stop sign
train,oiv7__train__9fda09c482323997.jpg,31,0.527,0.264063,0.212891,0.030859,0.032422,yolo11m.pt,stop sign
train,oiv7__train__a0ec357e07d96b21.jpg,31,0.851,0.303808,0.471094,0.607616,0.935938,yolo11m.pt,stop sign
train,oiv7__train__a197a9a3983d80b8.jpg,31,0.555,0.04585,0.723865,0.03877,0.056223,yolo11m.pt,stop sign
train,oiv7__train__a3218c701a3c9b04.jpg,31,0.817,0.266146,0.15354,0.207292,0.154639,yolo11m.pt,stop sign
train,oiv7__train__a5120916d343a421.jpg,31,0.71,0.536719,0.204331,0.084375,0.124331,yolo11m.pt,stop sign
train,oiv7__train__a6b4621118e8e034.jpg,31,0.845,0.889063,0.791825,0.028125,0.042044,yolo11m.pt,stop sign
train,oiv7__train__a7c08e8c67d0e72c.jpg,31,0.943,0.297545,0.089355,0.437971,0.17832,yolo11m.pt,stop sign
train,oiv7__train__a9ce5d11d89d7351.jpg,31,0.896,0.932813,0.088232,0.132812,0.175879,yolo11m.pt,stop sign
train,oiv7__train__aa0c2f01e57c0887.jpg,31,0.525,0.724219,0.685417,0.048438,0.066667,yolo11m.pt,stop sign
train,oiv7__train__ab6c52f352b55881.jpg,31,0.777,0.489941,0.9739,0.24668,0.052199,yolo11m.pt,stop sign
train,oiv7__train__ac4e1ca25eea0384.jpg,31,0.781,0.338477,0.140625,0.028125,0.052083,yolo11m.pt,stop sign
train,oiv7__train__ac5dcadbc5e18de5.jpg,31,0.884,0.596094,0.70875,0.05,0.08,yolo11m.pt,stop sign
train,oiv7__train__ac5dcadbc5e18de5.jpg,31,0.681,0.141992,0.75375,0.024609,0.0375,yolo11m.pt,stop sign
train,oiv7__train__acb152987c73e136.jpg,31,0.877,0.238281,0.348613,0.035156,0.088759,yolo11m.pt,stop sign
train,oiv7__train__acb152987c73e136.jpg,31,0.863,0.375195,0.379708,0.042188,0.095474,yolo11m.pt,stop sign
train,oiv7__train__ad8f477ea025a602.jpg,31,0.774,0.138477,0.612825,0.026953,0.052686,yolo11m.pt,stop sign
train,oiv7__train__af12b21eba9d1251.jpg,31,0.585,0.428516,0.141146,0.023438,0.042708,yolo11m.pt,stop sign
train,oiv7__train__b089de39f688b721.jpg,31,0.591,0.554688,0.520833,0.013281,0.01875,yolo11m.pt,stop sign
train,oiv7__train__b1075d56499d2fa7.jpg,31,0.553,0.496094,0.320661,0.0875,0.156033,yolo11m.pt,stop sign
train,oiv7__train__b28ec8b453b633f3.jpg,31,0.869,0.603125,0.635547,0.052083,0.072656,yolo11m.pt,stop sign
train,oiv7__train__b52533fcc735c023.jpg,31,0.734,0.20957,0.345573,0.024609,0.040104,yolo11m.pt,stop sign
train,oiv7__train__b5e8c2fd7d7df48e.jpg,31,0.558,0.914062,0.512125,0.096875,0.16897,yolo11m.pt,stop sign
train,oiv7__train__b6b8c7c30ce98c5b.jpg,31,0.882,0.413672,0.458333,0.049219,0.135417,yolo11m.pt,stop sign
train,oiv7__train__b6c741003986f777.jpg,31,0.637,0.394727,0.71875,0.030859,0.040625,yolo11m.pt,stop sign
train,oiv7__train__be71372a0aaa8de0.jpg,31,0.558,0.557813,0.461458,0.028125,0.047917,yolo11m.pt,stop sign
train,oiv7__train__bed715b138350a05.jpg,31,0.545,0.889063,0.641667,0.0375,0.047917,yolo11m.pt,stop sign
train,oiv7__train__c2119fc094201042.jpg,31,0.925,0.443359,0.467797,0.05625,0.125424,yolo11m.pt,stop sign
train,oiv7__train__c24b953255d470a5.jpg,31,0.626,0.074658,0.47326,0.025977,0.089866,yolo11m.pt,stop sign
train,oiv7__train__c299d376d4990e36.jpg,31,0.91,0.822656,0.114844,0.209375,0.226562,yolo11m.pt,stop sign
train,oiv7__train__c299d376d4990e36.jpg,31,0.677,0.958594,0.172135,0.034375,0.083333,yolo11m.pt,stop sign
train,oiv7__train__c2a0d3baf51dd32f.jpg,31,0.572,0.342187,0.375,0.03125,0.045312,yolo11m.pt,stop sign
train,oiv7__train__c7dd62a1ed01c3d4.jpg,31,0.937,0.809375,0.412317,0.178125,0.296774,yolo11m.pt,stop sign
train,oiv7__train__c7fec5155d0d7de4.jpg,31,0.664,0.927344,0.376536,0.051562,0.077095,yolo11m.pt,stop sign
train,oiv7__train__c8310f91b1f702a7.jpg,31,0.793,0.592188,0.32511,0.04375,0.067548,yolo11m.pt,stop sign
train,oiv7__train__c8d023aa84659a16.jpg,31,0.632,0.712891,0.638331,0.019531,0.029205,yolo11m.pt,stop sign
train,oiv7__train__c9c0a72fe1816773.jpg,31,0.821,0.219141,0.419792,0.03125,0.04375,yolo11m.pt,stop sign
train,oiv7__train__cc263be49c128ef5.jpg,31,0.619,0.218555,0.400521,0.033203,0.045833,yolo11m.pt,stop sign
train,oiv7__train__cd272ef6ac7ad819.jpg,31,0.688,0.342969,0.567401,0.014062,0.045815,yolo11m.pt,stop sign
train,oiv7__train__ce434015d4bb057c.jpg,31,0.549,0.639844,0.975439,0.01875,0.02807,yolo11m.pt,stop sign
train,oiv7__train__d1b583bb72524472.jpg,31,0.947,0.677344,0.288021,0.107812,0.148958,yolo11m.pt,stop sign
train,oiv7__train__d3bd05e655c4ae25.jpg,31,0.819,0.188477,0.361979,0.039062,0.122917,yolo11m.pt,stop sign
train,oiv7__train__d3f11459b918fff7.jpg,31,0.819,0.875781,0.504167,0.06875,0.102083,yolo11m.pt,stop sign
train,oiv7__train__d545597e3bd3ce41.jpg,31,0.845,0.882031,0.21552,0.03125,0.124158,yolo11m.pt,stop sign
train,oiv7__train__d593e880e81fb517.jpg,31,0.811,0.468631,0.268799,0.244021,0.206934,yolo11m.pt,stop sign
train,oiv7__train__d679bc20b8a9e304.jpg,31,0.803,0.022119,0.529167,0.044189,0.078125,yolo11m.pt,stop sign
train,oiv7__train__d7a0674e7a10cab5.jpg,31,0.703,0.307617,0.484084,0.043359,0.151351,yolo11m.pt,stop sign
train,oiv7__train__d83945db987d0043.jpg,31,0.72,0.951563,0.748876,0.05625,0.066272,yolo11m.pt,stop sign
train,oiv7__train__da162d592e063b21.jpg,31,0.808,0.095801,0.497391,0.148828,0.213333,yolo11m.pt,stop sign
train,oiv7__train__db25478c899605ee.jpg,31,0.574,0.928125,0.54743,0.028125,0.042291,yolo11m.pt,stop sign
train,oiv7__train__e1ad1af373dcd674.jpg,31,0.566,0.048145,0.71875,0.028906,0.045833,yolo11m.pt,stop sign
train,oiv7__train__e1ec9b5359dc316f.jpg,31,0.625,0.521094,0.80401,0.016406,0.02005,yolo11m.pt,stop sign
train,oiv7__train__e1ec9b5359dc316f.jpg,31,0.537,0.32168,0.794486,0.020703,0.029073,yolo11m.pt,stop sign
train,oiv7__train__e461314ae2ad815a.jpg,31,0.648,0.772994,0.482031,0.033631,0.028125,yolo11m.pt,stop sign
train,oiv7__train__e4fc583d60b418f8.jpg,31,0.872,0.403027,0.505729,0.073633,0.101042,yolo11m.pt,stop sign
train,oiv7__train__e6c0676f3493d889.jpg,31,0.619,0.515789,0.403125,0.054971,0.0375,yolo11m.pt,stop sign
train,oiv7__train__e77debcfec1c01ba.jpg,31,0.553,0.114844,0.725,0.038281,0.073611,yolo11m.pt,stop sign
train,oiv7__train__e84d3a07e751b947.jpg,31,0.913,0.652344,0.362996,0.051562,0.096329,yolo11m.pt,stop sign
train,oiv7__train__e84d3a07e751b947.jpg,31,0.672,0.308984,0.4,0.025781,0.06931,yolo11m.pt,stop sign
train,oiv7__train__eb40428e44f30167.jpg,31,0.63,0.721094,0.704688,0.019531,0.053125,yolo11m.pt,stop sign
train,oiv7__train__eba24e9ec2334811.jpg,31,0.653,0.171094,0.013021,0.059766,0.026042,yolo11m.pt,stop sign
train,oiv7__train__ec0e7a0edeec7640.jpg,31,0.583,0.73125,0.499133,0.021875,0.1026,yolo11m.pt,stop sign
train,oiv7__train__ed426000d82d46a7.jpg,31,0.715,0.60625,0.444444,0.020312,0.030409,yolo11m.pt,stop sign
train,oiv7__train__ed5dbd8b5f3c23ca.jpg,31,0.88,0.258008,0.489164,0.038281,0.136223,yolo11m.pt,stop sign
train,oiv7__train__ef60a34acb995bce.jpg,31,0.883,0.734375,0.266887,0.30625,0.393377,yolo11m.pt,stop sign
train,oiv7__train__efdabb783fc2d6a4.jpg,31,0.78,0.494922,0.610249,0.027344,0.049195,yolo11m.pt,stop sign
train,oiv7__train__f0501fea44562037.jpg,31,0.572,0.965625,0.83854,0.01875,0.024526,yolo11m.pt,stop sign
train,oiv7__train__f0819e7d429dbeb5.jpg,31,0.676,0.092379,0.917969,0.091026,0.067187,yolo11m.pt,stop sign
train,oiv7__train__f2ec580f9f1223cf.jpg,31,0.637,0.58125,0.34043,0.128125,0.130078,yolo11m.pt,stop sign
train,oiv7__train__f2fec052662d22d8.jpg,31,0.516,0.6375,0.688542,0.035156,0.045833,yolo11m.pt,stop sign
train,oiv7__train__f619befa73e5b1f9.jpg,31,0.531,0.503516,0.233681,0.092969,0.164583,yolo11m.pt,stop sign
train,oiv7__train__f6c7e48bea0e5980.jpg,31,0.518,0.75,0.067102,0.039062,0.047241,yolo11m.pt,stop sign
train,oiv7__train__f6f8b3ce620f6ef4.jpg,31,0.625,0.162695,0.35,0.038281,0.058333,yolo11m.pt,stop sign
train,oiv7__train__f71d1f62b1fc7ec8.jpg,31,0.662,0.582813,0.622886,0.021875,0.051741,yolo11m.pt,stop sign
train,oiv7__train__fa10457a8e8327d6.jpg,31,0.6,0.989063,0.625166,0.021875,0.127152,yolo11m.pt,stop sign
train,oiv7__train__fd63f4bbb030f7d4.jpg,31,0.755,0.255469,0.432582,0.016797,0.033276,yolo11m.pt,stop sign
train,oiv7__train__fd63f4bbb030f7d4.jpg,31,0.623,0.30293,0.420104,0.013672,0.036049,yolo11m.pt,stop sign
train,oiv7__train__ff7218a541b12ae6.jpg,31,0.892,0.176953,0.314063,0.035156,0.044792,yolo11m.pt,stop sign
train,oiv7__train__ffd032b65f99c30a.jpg,31,0.789,0.092139,0.501903,0.051074,0.114788,yolo11m.pt,stop sign
train,oiv7__val__385c665505276be2.jpg,31,0.873,0.672656,0.180664,0.035937,0.080078,yolo11m.pt,stop sign
train,oiv7__val__50a8e0f047581eee.jpg,31,0.903,0.107788,0.505208,0.03208,0.048958,yolo11m.pt,stop sign
train,oiv7__val__57d70a6428f1d307.jpg,31,0.531,0.988281,0.488021,0.021875,0.055208,yolo11m.pt,stop sign
train,oiv7__val__59b83c5f8f1dcfa4.jpg,31,0.568,0.891667,0.578906,0.120833,0.095313,yolo11m.pt,stop sign
train,oiv7__val__6cb364c1bb764bcd.jpg,31,0.539,0.035834,0.541667,0.046692,0.0625,yolo11m.pt,stop sign
train,oiv7__val__7d4c46b89378b7dc.jpg,31,0.609,0.525781,0.283854,0.026563,0.041667,yolo11m.pt,stop sign
train,oiv7__val__8d564c372d0f2b4e.jpg,31,0.729,0.23457,0.042598,0.026172,0.0429,yolo11m.pt,stop sign
train,oiv7__val__e1adad45a9c81e94.jpg,31,0.57,0.032746,0.152539,0.038473,0.025781,yolo11m.pt,stop sign
train,oiv7__val__fb9f6ad4c7502331.jpg,31,0.873,0.749219,0.270833,0.035156,0.059375,yolo11m.pt,stop sign
train,rf_aid__valid__WhatsApp-Image-2023-06-08-at-12-24-25-1-_jpeg.rf.7e1bdb9c6eb9b24dea47c15a114ebd87.jpg,31,0.564,0.20957,0.405859,0.021875,0.033594,yolo11m.pt,stop sign
train,rf_bump1__train__frame0-00-13-73_jpg.rf.addca2ecd7fc00c0f085167d5dee05f0.jpg,31,0.572,0.349219,0.604688,0.035156,0.060938,yolo11m.pt,stop sign
train,rf_bump1__train__frame0-00-13-80_jpg.rf.a5bddf9a1ec8348e6c5d1c26cc60715f.jpg,31,0.525,0.338086,0.6,0.0375,0.067188,yolo11m.pt,stop sign
train,rf_bump2__test__G0011488_JPG.rf.e2a8ab5de0392f2fa573941fe4b7bbb0.jpg,31,0.868,0.364453,0.383464,0.046875,0.058073,yolo11m.pt,stop sign
train,rf_bump2__test__G0011620_JPG.rf.b3136f31f5b6575e930157a315a368a9.jpg,31,0.783,0.39043,0.3875,0.027734,0.0375,yolo11m.pt,stop sign
train,rf_bump2__test__G0067081_JPG.rf.58a847b695de7cfd8427c3e2b531e1d3.jpg,31,0.566,0.442969,0.386198,0.0125,0.021354,yolo11m.pt,stop sign
train,rf_bump2__train__G0011490_JPG.rf.80c3cc63e6eae0d17e3d219c7a32a1c1.jpg,31,0.918,0.214062,0.301497,0.080859,0.114714,yolo11m.pt,stop sign
train,rf_bump2__train__G0011491_JPG.rf.f3960f5763c01c7053a61a23c0c38165.jpg,31,0.928,0.07876,0.235417,0.09873,0.165104,yolo11m.pt,stop sign
train,rf_bump2__train__G0011618_JPG.rf.b44bf3c78b465074d463de566aba39af.jpg,31,0.51,0.447656,0.421615,0.015625,0.020313,yolo11m.pt,stop sign
train,rf_bump2__train__G0011621_JPG.rf.449dae00ac542af55d4020b5cf5265a2.jpg,31,0.831,0.338477,0.358854,0.037109,0.051042,yolo11m.pt,stop sign
train,rf_bump2__train__G0025410_JPG.rf.6c1c057beb8284e19b237f5670c2b073.jpg,31,0.58,0.569922,0.477604,0.021094,0.026563,yolo11m.pt,stop sign
train,rf_bump2__train__G0027858_JPG.rf.90b5b84936e4d351338eb9d091f31d55.jpg,31,0.856,0.048145,0.370833,0.029687,0.051042,yolo11m.pt,stop sign
train,rf_bump2__train__G0028270_JPG.rf.3bc8dfe20537738478b373f6d212299d.jpg,31,0.635,0.467187,0.398177,0.015625,0.022917,yolo11m.pt,stop sign
train,rf_bump2__train__G0028271_JPG.rf.07569c4281743c1ecd218cd6cac01b81.jpg,31,0.715,0.448828,0.397396,0.01875,0.026042,yolo11m.pt,stop sign
train,rf_bump2__train__G0028272_JPG.rf.910af4b674c5e07d7d9f22958c313bdd.jpg,31,0.861,0.425,0.395313,0.021875,0.03125,yolo11m.pt,stop sign
train,rf_bump2__train__G0028273_JPG.rf.9c05650b2f1b842c841dd59e91e038a4.jpg,31,0.837,0.378516,0.396615,0.026172,0.036979,yolo11m.pt,stop sign
train,rf_bump2__train__G0028274_JPG.rf.e20856c5f8e97ba7b1d4f6caf8e241cd.jpg,31,0.864,0.317773,0.3875,0.033984,0.044792,yolo11m.pt,stop sign
train,rf_bump2__train__G0028276_JPG.rf.deae41873f8228b0a96908fc58dec81d.jpg,31,0.91,0.228125,0.365625,0.053125,0.071875,yolo11m.pt,stop sign
train,rf_bump2__train__G0028277_JPG.rf.85e342b8efc0b397ada6c33eec457668.jpg,31,0.914,0.157422,0.353125,0.067578,0.095833,yolo11m.pt,stop sign
train,rf_bump2__train__G0028279_JPG.rf.ec5955cfd41e76d0dd7237d298302075.jpg,31,0.776,0.008136,0.323177,0.016223,0.103646,yolo11m.pt,stop sign
train,rf_bump2__train__G0028933_JPG.rf.d65f148afb4ca09d332f5c007b277fdd.jpg,31,0.587,0.191016,0.392708,0.019922,0.039583,yolo11m.pt,stop sign
train,rf_bump2__train__G0028934_JPG.rf.8c3c0b94357ee33ce7984a0202a7fe01.jpg,31,0.686,0.101782,0.384896,0.026123,0.048438,yolo11m.pt,stop sign
train,rf_bump2__train__G0031375_JPG.rf.44286f5b01533fc488cb0b9cc983f29d.jpg,31,0.613,0.772656,0.439323,0.017969,0.027083,yolo11m.pt,stop sign
train,rf_bump2__train__G0031376_JPG.rf.6e6724b98b1fc2edf0f44820069197b4.jpg,31,0.543,0.705859,0.445833,0.01875,0.028125,yolo11m.pt,stop sign
train,rf_bump2__train__G0031378_JPG.rf.1cae5d61458651f5bd134fc92c421ec9.jpg,31,0.604,0.535156,0.466146,0.023437,0.033333,yolo11m.pt,stop sign
train,rf_bump2__train__G0031379_JPG.rf.aea961c93e5db66254c2a9dbf8983b7e.jpg,31,0.633,0.394727,0.479948,0.026953,0.040104,yolo11m.pt,stop sign
train,rf_bump2__train__G0032033_JPG.rf.f137df93b965e05d27477ce6a2d393ff.jpg,31,0.904,0.123145,0.421875,0.048047,0.069271,yolo11m.pt,stop sign
train,rf_bump2__train__G0040944_JPG.rf.72828cc9c54b091daa9be92a770a5997.jpg,31,0.566,0.334766,0.433854,0.023047,0.029688,yolo11m.pt,stop sign
train,rf_bump2__train__G0040970_JPG.rf.74dbf48b8e09fd14570520b54b30b6d7.jpg,31,0.876,0.149805,0.380469,0.053516,0.081771,yolo11m.pt,stop sign
train,rf_bump2__train__G0040971_JPG.rf.a16265109cffa157e4c59fbfbb47bfe7.jpg,31,0.911,0.073926,0.378125,0.057812,0.1,yolo11m.pt,stop sign
train,rf_bump2__train__G0043163_JPG.rf.ef4f22b650bb13912d36aea71d33236b.jpg,31,0.882,0.162109,0.475521,0.038281,0.0625,yolo11m.pt,stop sign
train,rf_bump2__train__G0051938_JPG.rf.4e701d6dbbfe09032fef91c5a14230f7.jpg,31,0.74,0.240234,0.336979,0.030078,0.051042,yolo11m.pt,stop sign
train,rf_bump2__train__G0051940_JPG.rf.8dccb90c701f79fcb4c1dd9c7a048617.jpg,31,0.798,0.132617,0.301563,0.034766,0.076042,yolo11m.pt,stop sign
train,rf_bump2__train__G0051942_JPG.rf.3452fe428f1f7a6ee19c82b243b6bfdc.jpg,31,0.633,0.055811,0.284375,0.032227,0.089063,yolo11m.pt,stop sign
train,rf_bump2__train__G0052118_JPG.rf.f5476bdbd29b91f2f3c2197f142ed8b3.jpg,31,0.882,0.131836,0.355729,0.043359,0.063542,yolo11m.pt,stop sign
train,rf_bump2__train__G0063376_JPG.rf.ab8f2e3b32f28c3157b173f22a291532.jpg,31,0.792,0.204687,0.484896,0.035547,0.051042,yolo11m.pt,stop sign
train,rf_bump2__train__G0063920_JPG.rf.3da3694078c255f98b3b743c86b9ed04.jpg,31,0.925,0.044507,0.19196,0.089014,0.14056,yolo11m.pt,stop sign
train,rf_bump2__train__G0064102_JPG.rf.fd8ff89e2dc9af10f1f212f038af6be0.jpg,31,0.78,0.612891,0.411458,0.024219,0.032813,yolo11m.pt,stop sign
train,rf_bump2__train__G0064972_JPG.rf.aa5123fa06f182885a5ee48ab695e3da.jpg,31,0.903,0.307031,0.377604,0.030469,0.042708,yolo11m.pt,stop sign
train,rf_bump2__train__G0067082_JPG.rf.23c30367b2f9b0d8192bebec4f1df4e8.jpg,31,0.615,0.420703,0.378385,0.014844,0.021354,yolo11m.pt,stop sign
train,rf_bump2__train__G0089432_JPG.rf.2ace184ab9e033ca0c53879740170b41.jpg,31,0.821,0.406641,0.410938,0.016406,0.021875,yolo11m.pt,stop sign
train,rf_bump2__train__G0089433_JPG.rf.61caabc24a6b40c663bc89890ccb7379.jpg,31,0.84,0.35625,0.405208,0.01875,0.026042,yolo11m.pt,stop sign
train,rf_bump2__train__G0090339_JPG.rf.11e70670024f87fd039ffa85fa70dd79.jpg,31,0.82,0.361719,0.377083,0.024219,0.034375,yolo11m.pt,stop sign
train,rf_bump2__train__G0094463_JPG.rf.f9f94483b0a3addec897d28ab417c0d9.jpg,31,0.604,0.4125,0.484375,0.017187,0.027604,yolo11m.pt,stop sign
train,rf_bump2__train__G0094463_JPG.rf.f9f94483b0a3addec897d28ab417c0d9.jpg,31,0.521,0.835937,0.459375,0.01875,0.027083,yolo11m.pt,stop sign
train,rf_bump2__train__G0114709_JPG.rf.045927900023116419b6af600c13f75e.jpg,31,0.641,0.358203,0.470833,0.014062,0.01875,yolo11m.pt,stop sign
train,rf_bump2__train__G0134507_JPG.rf.5ba04caa0d58120f35756c1fbe3341f6.jpg,31,0.664,0.402246,0.380729,0.020508,0.027083,yolo11m.pt,stop sign
train,rf_bump2__train__G0134508_JPG.rf.4357f0cc66398f135f9298a4a5115720.jpg,31,0.866,0.337695,0.335156,0.036719,0.05,yolo11m.pt,stop sign
train,rf_bump2__train__G0134509_JPG.rf.b789ca7c6023f87c064ce38332be9d0e.jpg,31,0.927,0.171387,0.170182,0.081445,0.110938,yolo11m.pt,stop sign
train,rf_bump2__train__IMG_4351_JPG.rf.df1557b1260ab76d5f685af5dd680f07.jpg,31,0.843,0.724609,0.040962,0.082031,0.081925,yolo11m.pt,stop sign
train,rf_bump2__train__IMG_4363_JPG.rf.db232426d684b5b230fa381b35207de1.jpg,31,0.664,0.555469,0.264583,0.026563,0.038542,yolo11m.pt,stop sign
train,rf_bump2__valid__G0027854_JPG.rf.c263522f5fd5899eda74a79819308ca8.jpg,31,0.535,0.33125,0.390625,0.015625,0.022917,yolo11m.pt,stop sign
train,rf_bump2__valid__G0028275_JPG.rf.19b8961f3110614ba257a290d79b2615.jpg,31,0.891,0.279492,0.38125,0.042578,0.055729,yolo11m.pt,stop sign
train,rf_bump2__valid__G0031377_JPG.rf.2c66e88631be820a7ffe9598f011ebe2.jpg,31,0.674,0.63125,0.444792,0.01875,0.030208,yolo11m.pt,stop sign
train,rf_bump2__valid__G0032034_JPG.rf.ef46321a85ee9b546680be6dbbcd448c.jpg,31,0.904,0.0198,0.3875,0.039355,0.092708,yolo11m.pt,stop sign
train,rf_bump2__valid__G0051939_JPG.rf.c67fc0c38b7ed349f4805cfdbfc462b4.jpg,31,0.861,0.182227,0.319792,0.032812,0.065104,yolo11m.pt,stop sign
train,rf_bump2__valid__G0051941_JPG.rf.84642a69c27a057427cb973c07cf1845.jpg,31,0.859,0.090723,0.295052,0.033789,0.08125,yolo11m.pt,stop sign
train,rf_bump2__valid__G0064973_JPG.rf.311e01d9a3050badde70cae58834f115.jpg,31,0.886,0.24668,0.373438,0.037891,0.052083,yolo11m.pt,stop sign
train,rf_bump2__valid__G0067083_JPG.rf.e572280e0769c96fa6a2c6fe42d65559.jpg,31,0.587,0.397461,0.374219,0.016016,0.021875,yolo11m.pt,stop sign
train,rf_bump2__valid__G0089434_JPG.rf.222565752670fc86367ffc40f5cae147.jpg,31,0.861,0.283984,0.403125,0.022656,0.03125,yolo11m.pt,stop sign
train,rf_bump2__valid__G0090340_JPG.rf.8f26243d323fd7851fd0deb968b03f30.jpg,31,0.856,0.312695,0.3625,0.031641,0.04375,yolo11m.pt,stop sign
train,rf_bump2__valid__G0094462_JPG.rf.d4d490b376d508b9a15527ab3e88ea49.jpg,31,0.632,0.782812,0.466927,0.014844,0.020833,yolo11m.pt,stop sign
train,rf_bump2__valid__IMG_4350_JPG.rf.63dd2f9854a9497b0a95e3dea896550f.jpg,31,0.851,0.639844,0.158295,0.05,0.09095,yolo11m.pt,stop sign
train,rf_bump2__valid__IMG_4362_JPG.rf.9448ccf39bdae078d9bcc46cce3a317b.jpg,31,0.801,0.528125,0.171875,0.026563,0.035417,yolo11m.pt,stop sign
train,rf_bump2__valid__IMG_4415_JPG.rf.9ef1549cc9fa6658fc34646659d64a4a.jpg,31,0.506,0.846094,0.142969,0.017188,0.025521,yolo11m.pt,stop sign
train,rf_bump2__valid__IMG_4520_JPG.rf.212c308a37e559b428b0a9093988ff95.jpg,31,0.578,0.923437,0.172396,0.028125,0.071875,yolo11m.pt,stop sign
train,rf_escooter__train__a50_jpg.rf.b3f6dd4bcadecf518dda016836262b28.jpg,31,0.773,0.206201,0.074109,0.072754,0.091626,yolo11m.pt,stop sign
train,rf_escooter__train__images-2023-08-01T101411-588_jpg.rf.69cd7cb234aa1b2797c267b2ea556c12.jpg,31,0.551,0.570312,0.901563,0.1,0.14375,yolo11m.pt,stop sign
train,rf_escooter__train__InkedScreenshot-2021-08-29-161611_LI_jpg.rf.1d6931dc6cea782f5cbeee2bf0ede1a2.jpg,31,0.769,0.889844,0.262109,0.109375,0.071094,yolo11m.pt,stop sign
train,rf_escooter__train__InkedScreenshot-2021-08-29-183508_LI_jpg.rf.5d83527657ecdeb58611fc404f0e947f.jpg,31,0.602,0.033545,0.335938,0.066797,0.066406,yolo11m.pt,stop sign
train,rf_escooter__train__KakaoTalk_20230412_100438211_23_jpg.rf.1c4b76164f2f13a84fb191ca433ab462.jpg,31,0.854,0.264062,0.307813,0.091016,0.132031,yolo11m.pt,stop sign
train,rf_etg__train__MP_SEL_011398_jpg.rf.f6fe7e1392640c0814259db6eff9c656.jpg,31,0.533,0.799609,0.295508,0.039844,0.070703,yolo11m.pt,stop sign
train,rf_etg__train__MP_SEL_011478_jpg.rf.c6efc931dda1e5a88c2faaa5c8734635.jpg,31,0.771,0.621875,0.110937,0.151562,0.221875,yolo11m.pt,stop sign
train,rf_etg__train__MP_SEL_014344_jpg.rf.ca0f9304a18e7a02a91dab231471c30e.jpg,31,0.549,0.331836,0.666016,0.550391,0.667969,yolo11m.pt,stop sign
train,rf_etg__train__MP_SEL_014717_jpg.rf.6c232c452b9d790350278aeb67c7db13.jpg,31,0.737,0.45,0.422656,0.05625,0.085156,yolo11m.pt,stop sign
train,rf_obstacle__test__4abf9315af315dd1138d.rf.2c2552ee9775bd6e48cd0ff2018711ca.jpg,31,0.885,0.935156,0.578231,0.051562,0.093537,yolo11m.pt,stop sign
train,rf_obstacle__test__IMG-20230522-WA0004_jpg.rf.80ae791ec7bf99cbf493dbe59cf57cac.jpg,31,0.889,0.516667,0.365039,0.166667,0.169922,yolo11m.pt,stop sign
train,rf_obstacle__test__IMG-20230528-WA0031_jpg.rf.2ec131cae1da66be9680334b6dbeb4b9.jpg,31,0.514,0.85,0.434766,0.022917,0.016406,yolo11m.pt,stop sign
train,rf_obstacle__test__IMG-20230621-WA0039_jpg.rf.eff94f09789e97439c8eb1ee043b22ed.jpg,31,0.628,0.032031,0.262109,0.061458,0.04375,yolo11m.pt,stop sign
train,rf_obstacle__test__IMG-20230721-WA0021_jpg.rf.402034deff2daf941e10dfd8020a0f0d.jpg,31,0.57,0.488542,0.572656,0.047917,0.035937,yolo11m.pt,stop sign
train,rf_obstacle__test__img-2942_jpg.rf.09fd13dfaad13d9e58a8e2b5d28fd63f.jpg,31,0.955,0.220508,0.472396,0.218359,0.284375,yolo11m.pt,stop sign
train,rf_obstacle__test__kirchberg-luxemburg-_4-1_jpg.rf.9eb15e1c1229eb6d662e43e74f30a1f5.jpg,31,0.646,0.153711,0.654631,0.027344,0.044741,yolo11m.pt,stop sign
train,rf_obstacle__test__road22_png.rf.8f5d7585ca71b26aa5882be4a0e42f7a.jpg,31,0.971,0.672216,0.751172,0.441005,0.361719,yolo11m.pt,stop sign
train,rf_obstacle__test__road824_png.rf.8401825b0211a204d28329a732b35761.jpg,31,0.957,0.508854,0.172461,0.344792,0.266797,yolo11m.pt,stop sign
train,rf_obstacle__test__road85_png.rf.0f62b69586200f904abd5ff62bfd3ba9.jpg,31,0.987,0.518229,0.542578,0.496875,0.366406,yolov8m-oiv7.pt,stop sign
train,rf_obstacle__test__road96_png.rf.3615d27a6bc846be79925f6dfb21ee64.jpg,31,0.96,0.666406,0.43949,0.28125,0.447097,yolo11m.pt,stop sign
train,rf_obstacle__train__20230517_193930_jpg.rf.31d2cc297b52f9187aca6e044cb8ba61.jpg,31,0.508,0.392383,0.492188,0.066797,0.082292,yolo11m.pt,stop sign
train,rf_obstacle__train__20230518_081619_jpg.rf.65ea02867fe3efc57853a876e1ea0551.jpg,31,0.737,0.209766,0.539062,0.035156,0.052083,yolo11m.pt,stop sign
train,rf_obstacle__train__20230604_110415_jpg.rf.bce7f3b11c30cadc4514b24ca181bf87.jpg,31,0.899,0.133398,0.578255,0.139453,0.166406,yolo11m.pt,stop sign
train,rf_obstacle__train__20230622_152029_jpg.rf.243525bac5981a77ac43ab3433b70f7e.jpg,31,0.683,0.546484,0.910417,0.039063,0.054167,yolo11m.pt,stop sign
train,rf_obstacle__train__615-6159735_cool-science-signs-printable-road-signs-clip-art_png.rf.cff58814ad97c694abffb389a982f001.jpg,31,0.954,0.525,0.31537,0.222656,0.219388,yolo11m.pt,stop sign
train,rf_obstacle__train__Autobus_435_jpg.rf.0206cf35f8f7dc0828b86e72cb360605.jpg,31,0.749,0.84375,0.350391,0.059375,0.060547,yolo11m.pt,stop sign
train,rf_obstacle__train__Autobus_435_jpg.rf.0206cf35f8f7dc0828b86e72cb360605.jpg,31,0.582,0.352344,0.421484,0.073438,0.070312,yolo11m.pt,stop sign
train,rf_obstacle__train__autobus_bydgoszcz_0291_jpg.rf.cde6bf7eb002e255f45d0b7d0f6746ed.jpg,31,0.52,0.878125,0.499609,0.053125,0.054688,yolo11m.pt,stop sign
train,rf_obstacle__train__autobus_lublin_0481_jpg.rf.d65e8f8069029ce58622d788aad77506.jpg,31,0.537,0.55,0.391406,0.076563,0.078125,yolo11m.pt,stop sign
train,rf_obstacle__train__bc185ba9e3244de4dc9edac41b4104b7e6278970_jpg.rf.32d820cbef5be5def19cbf634f97505d.jpg,31,0.602,0.621875,0.378738,0.01875,0.033223,yolo11m.pt,stop sign
train,rf_obstacle__train__CAbtiON2KLe9I-prhOHUQa_jpg.rf.f78327f3200e055f4ca72806802d9784.jpg,31,0.506,0.227344,0.11956,0.021875,0.036337,yolo11m.pt,stop sign
train,rf_obstacle__train__FB_IMG_1686472646924_jpg.rf.a235ce7422f87305f7cf88ac9d83ff80.jpg,31,0.649,0.685417,0.080371,0.095833,0.145117,yolo11m.pt,stop sign
train,rf_obstacle__train__img-1020_jpg.rf.3278eb0f7f3beac0f37686569974e0b1.jpg,31,0.728,0.054736,0.253646,0.029883,0.070833,yolo11m.pt,stop sign
train,rf_obstacle__train__img-1136_jpg.rf.75a62b026ae76071cc6d48d7f9f3c86f.jpg,31,0.732,0.553223,0.333008,0.205642,0.164453,yolo11m.pt,stop sign
train,rf_obstacle__train__img-1183_jpg.rf.fb78fa7136b1bb2cf6e44772af6b199d.jpg,31,0.734,0.223438,0.235547,0.057292,0.046094,yolo11m.pt,stop sign
train,rf_obstacle__train__img-1199_jpg.rf.968cfecaf81b3b89e8d0750e40534e45.jpg,31,0.736,0.404688,0.427734,0.061458,0.0625,yolo11m.pt,stop sign
train,rf_obstacle__train__img-1280_jpg.rf.dcf0b8552401a0778d0584cb17240b68.jpg,31,0.839,0.543229,0.196387,0.232292,0.187305,yolo11m.pt,stop sign
train,rf_obstacle__train__img-1307_jpg.rf.cb53267f07f0369f8d8c850efdae3fcb.jpg,31,0.617,0.307813,0.457812,0.119792,0.0875,yolo11m.pt,stop sign
train,rf_obstacle__train__img-1312_jpg.rf.3918d2d85e29610935a381f7fd92993a.jpg,31,0.965,0.497396,0.301172,0.344792,0.267969,yolo11m.pt,stop sign
train,rf_obstacle__train__img-1321_jpg.rf.cda2839e3ccc96985a2d942e3353432d.jpg,31,0.962,0.48737,0.321924,0.314844,0.253027,yolo11m.pt,stop sign
train,rf_obstacle__train__img-1577_jpg.rf.3387547a848ca2eddc77f08b6ae40a7b.jpg,31,0.807,0.527083,0.441406,0.139583,0.119531,yolo11m.pt,stop sign
train,rf_obstacle__train__img-1844_jpg.rf.86fcbfb148fea774d4b4bc390c4442bd.jpg,31,0.824,0.600521,0.55,0.282292,0.205469,yolo11m.pt,stop sign
train,rf_obstacle__train__img-1957_jpg.rf.399a6ff5a0426afab1b2f746d6ed707a.jpg,31,0.719,0.625,0.469531,0.070833,0.051563,yolo11m.pt,stop sign
train,rf_obstacle__train__IMG-20230517-WA0036_jpg.rf.a19502d9bcaceaf570e1d5abc71b4671.jpg,31,0.9,0.496875,0.311328,0.06875,0.094531,yolo11m.pt,stop sign
train,rf_obstacle__train__IMG-20230517-WA0045_jpg.rf.fadc69952664fc23dc9e84c89f706931.jpg,31,0.885,0.511979,0.312109,0.066667,0.086719,yolo11m.pt,stop sign
train,rf_obstacle__train__IMG-20230517-WA0047_jpg.rf.6b98b550dd941cb1c2e0c0c1c32f19e7.jpg,31,0.899,0.541667,0.290625,0.185417,0.151953,yolo11m.pt,stop sign
train,rf_obstacle__train__IMG-20230520-WA0026_jpg.rf.fa7c231e09525006fa93456d2c91e6c4.jpg,31,0.732,0.53125,0.367969,0.091667,0.083594,yolo11m.pt,stop sign
train,rf_obstacle__train__IMG-20230520-WA0029_jpg.rf.b27e8435d2c92cba2c3aa664b47bd9b6.jpg,31,0.789,0.413411,0.312891,0.173177,0.134375,yolo11m.pt,stop sign
train,rf_obstacle__train__IMG-20230521-WA0016_jpg.rf.4834f042b59d95c7b64f6bd3a8101cfe.jpg,31,0.906,0.164407,0.403516,0.134237,0.08125,yolo11m.pt,stop sign
train,rf_obstacle__train__IMG-20230521-WA0018_jpg.rf.670299e28910c2808d09e0e32ad51b39.jpg,31,0.915,0.743817,0.113477,0.190534,0.226953,yolo11m.pt,stop sign
train,rf_obstacle__train__IMG-20230521-WA0019_jpg.rf.56d0adf33a6b5be47ab75ba389b176d3.jpg,31,0.873,0.5625,0.465625,0.06875,0.073438,yolo11m.pt,stop sign
train,rf_obstacle__train__IMG-20230521-WA0022_jpg.rf.c5c1f524bbc4c26bb0442fdc30e7b575.jpg,31,0.918,0.584375,0.341797,0.130208,0.107812,yolo11m.pt,stop sign
train,rf_obstacle__train__IMG-20230521-WA0028_jpg.rf.83d4e145263d0e8c252a42efc69ec38a.jpg,31,0.942,0.460417,0.228076,0.203125,0.205566,yolo11m.pt,stop sign
train,rf_obstacle__train__IMG-20230522-WA0000_jpg.rf.4113a7a1ebaed0ad2733c53745f2684e.jpg,31,0.95,0.496875,0.310156,0.21875,0.172656,yolo11m.pt,stop sign
train,rf_obstacle__train__IMG-20230522-WA0001_jpg.rf.c1dd7de8c31703f8c0990a3d9f92fdee.jpg,31,0.941,0.542708,0.351562,0.272917,0.225,yolo11m.pt,stop sign
train,rf_obstacle__train__IMG-20230522-WA0005_jpg.rf.643e8ee34e4641b3124ea8cb26ba589b.jpg,31,0.667,0.448958,0.431641,0.141667,0.109375,yolo11m.pt,stop sign
train,rf_obstacle__train__IMG-20230524-WA0065_jpg.rf.8b9f6d07397c418359669125e0c55334.jpg,31,0.715,0.422917,0.475781,0.08125,0.089062,yolo11m.pt,stop sign
train,rf_obstacle__train__IMG-20230524-WA0070_jpg.rf.47522dd66ccf8820ae3ee98be980dc9c.jpg,31,0.908,0.414062,0.48125,0.096875,0.075,yolo11m.pt,stop sign
train,rf_obstacle__train__IMG-20230528-WA0030_jpg.rf.cef964bb889612e03c07950b653a7488.jpg,31,0.866,0.536458,0.41416,0.070833,0.095117,yolo11m.pt,stop sign
train,rf_obstacle__train__IMG-20230528-WA0035_jpg.rf.f630cb6b51403e2dafc2f68ae0449bd0.jpg,31,0.941,0.316406,0.313281,0.189063,0.142188,yolo11m.pt,stop sign
train,rf_obstacle__train__IMG-20230528-WA0037_jpg.rf.db027868d01da3d7aad48b7821cd707d.jpg,31,0.891,0.613542,0.416797,0.0875,0.076562,yolo11m.pt,stop sign
train,rf_obstacle__train__IMG-20230528-WA0043_jpg.rf.a8db3dab878bf430e2415cf95e1d3b9c.jpg,31,0.944,0.44375,0.217383,0.205208,0.175781,yolo11m.pt,stop sign
train,rf_obstacle__train__IMG-20230528-WA0046_jpg.rf.4ec7777d130a908c310b9210c90b095b.jpg,31,0.651,0.560938,0.353125,0.098958,0.078125,yolo11m.pt,stop sign
train,rf_obstacle__train__IMG-20230616-WA0022_jpg.rf.d7e7d23b458ba57bd56e1776dd475462.jpg,31,0.905,0.509896,0.068896,0.160417,0.137598,yolo11m.pt,stop sign
train,rf_obstacle__train__IMG-20230616-WA0035_jpg.rf.6fad5996316ab304a13fad71f292227d.jpg,31,0.728,0.948958,0.437109,0.0375,0.075,yolo11m.pt,stop sign
train,rf_obstacle__train__IMG-20230616-WA0036_jpg.rf.27c44e57a7fdee02f9a82428e0dd9a83.jpg,31,0.892,0.503646,0.38457,0.117708,0.091016,yolo11m.pt,stop sign
train,rf_obstacle__train__IMG-20230616-WA0044_jpg.rf.74d35f90765802a2ba57233ed54591eb.jpg,31,0.558,0.51875,0.361914,0.145833,0.123828,yolo11m.pt,stop sign
train,rf_obstacle__train__IMG-20230616-WA0045_jpg.rf.79347fb14113405c0e81959756fcb948.jpg,31,0.842,0.442708,0.374219,0.10625,0.079688,yolo11m.pt,stop sign
train,rf_obstacle__train__IMG-20230621-WA0041_jpg.rf.c2fd9ea1b3e33b064ee284f949564579.jpg,31,0.9,0.482812,0.392578,0.111458,0.084375,yolo11m.pt,stop sign
train,rf_obstacle__train__IMG-20230621-WA0056_jpg.rf.e7ba9c3a1a2e7ebc0d99c6c37f94dbbf.jpg,31,0.52,0.116276,0.573047,0.016927,0.036719,yolo11m.pt,stop sign
train,rf_obstacle__train__IMG-20230705-WA0042_jpg.rf.97114705e922ff124f48727c70ab87ef.jpg,31,0.66,0.469792,0.564063,0.06875,0.054688,yolo11m.pt,stop sign
train,rf_obstacle__train__IMG-20230705-WA0044_jpg.rf.bd742e94e18c23fe7d2da0fbfbd592c2.jpg,31,0.779,0.464583,0.487109,0.083333,0.061719,yolo11m.pt,stop sign
train,rf_obstacle__train__IMG-20230705-WA0044_jpg.rf.bd742e94e18c23fe7d2da0fbfbd592c2.jpg,31,0.596,0.728125,0.492188,0.08125,0.0625,yolo11m.pt,stop sign
train,rf_obstacle__train__IMG-20230714-WA0034_jpg.rf.82311b2ef99530429e57bac6bb7c32a5.jpg,31,0.761,0.516927,0.353125,0.073437,0.088281,yolo11m.pt,stop sign
train,rf_obstacle__train__IMG-20230714-WA0039_jpg.rf.81518926cbbb6ed9f42d88bc504eea0c.jpg,31,0.901,0.819792,0.462891,0.203125,0.142969,yolo11m.pt,stop sign
train,rf_obstacle__train__IMG-20230714-WA0040_jpg.rf.e792954b29a6b0993950bcf106269fa1.jpg,31,0.621,0.493229,0.553906,0.036458,0.053125,yolo11m.pt,stop sign
train,rf_obstacle__train__IMG-20230714-WA0043_jpg.rf.fc5e23bdaba7dad0d67c6dfa5498e35f.jpg,31,0.809,0.50625,0.579297,0.069792,0.057812,yolo11m.pt,stop sign
train,rf_obstacle__train__IMG-20230721-WA0033_jpg.rf.e784abfc186ea48310154b176773f930.jpg,31,0.889,0.434896,0.527344,0.103125,0.076563,yolo11m.pt,stop sign
train,rf_obstacle__train__IMG-20230721-WA0036_jpg.rf.e6db4f50c9953b159b40e84896f2f7ce.jpg,31,0.932,0.490625,0.447266,0.175,0.147656,yolo11m.pt,stop sign
train,rf_obstacle__train__img-2165_jpg.rf.0f3952d59aff40e955b3fb5c50cfb9d4.jpg,31,0.633,0.354492,0.386979,0.187891,0.253125,yolo11m.pt,stop sign
train,rf_obstacle__train__img-2168_jpg.rf.0e4fc164255fae33b007fca3c67c3328.jpg,31,0.602,0.211133,0.474437,0.023047,0.038995,yolo11m.pt,stop sign
train,rf_obstacle__train__img-2168_jpg.rf.0e4fc164255fae33b007fca3c67c3328.jpg,31,0.512,0.411621,0.479636,0.029883,0.051993,yolo11m.pt,stop sign
train,rf_obstacle__train__img-2469_jpg.rf.7aa6571afaf2ead7761bf091292f907d.jpg,31,0.87,0.280078,0.657292,0.038281,0.052083,yolo11m.pt,stop sign
train,rf_obstacle__train__img-2668_jpg.rf.807a53676b56a741bcbc45c46e935602.jpg,31,0.734,0.388672,0.5875,0.191406,0.245833,yolo11m.pt,stop sign
train,rf_obstacle__train__img-2688_jpg.rf.7e52b124602428ea689053d2db92ed40.jpg,31,0.951,0.341016,0.465625,0.160938,0.18125,yolo11m.pt,stop sign
train,rf_obstacle__train__img-2704_jpg.rf.f484e98352a671d5642d11c1193a9ca4.jpg,31,0.901,0.425684,0.358854,0.075195,0.102083,yolo11m.pt,stop sign
train,rf_obstacle__train__img-2743_jpg.rf.4d4414dcda32961553ba8eb6fe18333d.jpg,31,0.672,0.317187,0.454167,0.139844,0.180208,yolo11m.pt,stop sign
train,rf_obstacle__train__img-2770_jpg.rf.f9cc56d8f03f59a246ee8916beafd976.jpg,31,0.94,0.392188,0.53125,0.1,0.125,yolo11m.pt,stop sign
train,rf_obstacle__train__img-2785_jpg.rf.ff7913a4e884c6dde823e6e571fc1a6f.jpg,31,0.911,0.442187,0.701562,0.114062,0.15,yolo11m.pt,stop sign
train,rf_obstacle__train__img-2792_jpg.rf.281205e191887534cb24847ad64ef727.jpg,31,0.693,0.307813,0.463542,0.152344,0.183333,yolo11m.pt,stop sign
train,rf_obstacle__train__img-2944_jpg.rf.5def54676d60cf7fba18d70837f28249.jpg,31,0.96,0.181348,0.851042,0.175586,0.225,yolo11m.pt,stop sign
train,rf_obstacle__train__img-3069_jpg.rf.eda38fc3c7a106156c8eb7e4bb5f4445.jpg,31,0.849,0.332422,0.199341,0.186719,0.372288,yolo11m.pt,stop sign
train,rf_obstacle__train__img-3069_jpg.rf.eda38fc3c7a106156c8eb7e4bb5f4445.jpg,31,0.553,0.611719,0.042021,0.2,0.08057,yolo11m.pt,stop sign
train,rf_obstacle__train__img-3102_jpg.rf.0a43f03640106eebc5e40892588f100a.jpg,31,0.792,0.478125,0.474854,0.026563,0.042105,yolo11m.pt,stop sign
train,rf_obstacle__train__img-3124_jpg.rf.999501ca126b6422f904880209b5bda6.jpg,31,0.545,0.801367,0.345833,0.019141,0.025,yolo11m.pt,stop sign
train,rf_obstacle__train__img-3143_jpg.rf.25b523b6a2fdffe37acb185be8173abf.jpg,31,0.938,0.80241,0.253955,0.230191,0.177246,yolo11m.pt,stop sign
train,rf_obstacle__train__img-3335_jpg.rf.63d6dcf09a05d32c6ed894f2dde986db.jpg,31,0.887,0.080713,0.5024,0.161426,0.270614,yolo11m.pt,stop sign
train,rf_obstacle__train__img-3335_jpg.rf.63d6dcf09a05d32c6ed894f2dde986db.jpg,31,0.85,0.779297,0.582408,0.274219,0.383565,yolo11m.pt,stop sign
train,rf_obstacle__train__img-3341_png.rf.3119b8c134739985080f49882c5718af.jpg,31,0.686,0.336719,0.242578,0.126562,0.15625,yolo11m.pt,stop sign
train,rf_obstacle__train__img-3349_png.rf.fd7b50f98e0480447de4d62187e2747e.jpg,31,0.696,0.208008,0.241017,0.077734,0.15625,yolo11m.pt,stop sign
train,rf_obstacle__train__italy-stop-sign-768x576_jpg.rf.b82f27668e4661adf43cae23e51f4825.jpg,31,0.945,0.817188,0.266667,0.145312,0.184375,yolo11m.pt,stop sign
train,rf_obstacle__train__Ortsbus-Bad-Ragaz_jpg.rf.129b228727fdc4f351565f57233fa4a9.jpg,31,0.63,0.880469,0.7875,0.032812,0.052778,yolo11m.pt,stop sign
train,rf_obstacle__train__phillip-goldsberry-dLukDes8Bhw-unsplash_jpg.rf.304a1f7b8bf86b722e52d230b4b546f3.jpg,31,0.635,0.825,0.485547,0.047222,0.028125,yolo11m.pt,stop sign
train,rf_obstacle__train__Poteau-electrique-en-ville_jpg.rf.023794a3f25fbfe223e106b5b294ffba.jpg,31,0.609,0.453125,0.51875,0.039583,0.028125,yolo11m.pt,stop sign
train,rf_obstacle__train__road100_png.rf.04f945e9d910e428d8da33738108fbdf.jpg,31,0.57,0.500391,0.423701,0.817969,0.844156,yolo11m.pt,stop sign
train,rf_obstacle__train__road102_png.rf.25ee6b270215a4e98f6e69c3c1cb8cfc.jpg,31,0.742,0.345313,0.536049,0.51875,0.781835,yolo11m.pt,stop sign
train,rf_obstacle__train__road103_png.rf.821f32258c0e2cd069249ee16fd14bea.jpg,31,0.653,0.484766,0.496133,0.516406,0.816289,yolo11m.pt,stop sign
train,rf_obstacle__train__road104_png.rf.cd21d40b6e01df7b832f6b85d51289a3.jpg,31,0.52,0.491406,0.500086,0.745313,0.904018,yolo11m.pt,stop sign
train,rf_obstacle__train__road114_png.rf.bd0c8a11840b5069da677fb8af72579c.jpg,31,0.827,0.722266,0.281819,0.172656,0.281503,yolo11m.pt,stop sign
train,rf_obstacle__train__road160_png.rf.35ad6d8e2e200cb00d9eff31e519f1c3.jpg,31,0.93,0.692708,0.286523,0.16875,0.123047,yolo11m.pt,stop sign
train,rf_obstacle__train__road167_png.rf.28f2dc03f06afc4d18ccbad49645773e.jpg,31,0.946,0.386979,0.177344,0.191667,0.238281,yolo11m.pt,stop sign
train,rf_obstacle__train__road303_png.rf.ee88d719e4fd697f2db9b214d2828858.jpg,31,0.905,0.390104,0.310937,0.457292,0.360938,yolo11m.pt,stop sign
train,rf_obstacle__train__road339_png.rf.8f88b0227c516d0d9cb0528852b0bd89.jpg,31,0.94,0.495833,0.264844,0.378125,0.2875,yolo11m.pt,stop sign
train,rf_obstacle__train__road508_png.rf.29c5f4873bc1f21ac7c38503687baa80.jpg,31,0.812,0.370313,0.463672,0.366667,0.271094,yolo11m.pt,stop sign
train,rf_obstacle__train__road52_png.rf.bc59ab3c4c2c6be736fab0286bebcb62.jpg,31,0.967,0.48125,0.672266,0.675,0.489844,yolo11m.pt,stop sign
train,rf_obstacle__train__road53_png.rf.9402c72a329259926fff1ba77d73795b.jpg,31,0.958,0.183691,0.607759,0.321289,0.446121,yolo11m.pt,stop sign
train,rf_obstacle__train__road54_png.rf.f6254713b15ca4e94f4c8a40d05b1a4a.jpg,31,0.977,0.500521,0.408594,0.690625,0.523438,yolov8m-oiv7.pt,stop sign
train,rf_obstacle__train__road54_png.rf.f6254713b15ca4e94f4c8a40d05b1a4a.jpg,31,0.568,0.292969,0.733594,0.057813,0.06875,yolo11m.pt,stop sign
train,rf_obstacle__train__road55_png.rf.0751cd7c5c2ae0bf0b64d3cff559311a.jpg,31,0.955,0.395703,0.504301,0.202344,0.33503,yolo11m.pt,stop sign
train,rf_obstacle__train__road56_png.rf.caa86c47959ac4485a9a1018223f25ad.jpg,31,0.956,0.521745,0.384766,0.39401,0.296094,yolo11m.pt,stop sign
train,rf_obstacle__train__road57_png.rf.2cf06041e34bf6e1dab8a1098315a4fd.jpg,31,0.981,0.513021,0.388281,0.851042,0.6,yolov8m-oiv7.pt,stop sign
train,rf_obstacle__train__road58_png.rf.8bc7f87f6e42f65b877e97690de0707b.jpg,31,0.983,0.486719,0.53247,0.678125,0.899346,yolo11m.pt,stop sign
train,rf_obstacle__train__road59_png.rf.bd9dfa8bd8706520b12db7fb6e21302b.jpg,31,0.992,0.694141,0.500415,0.486719,0.638497,yolov8m-oiv7.pt,stop sign
train,rf_obstacle__train__road5_png.rf.722fd60f919ee93d49218e2023bb9321.jpg,31,0.801,0.759012,0.950781,0.209504,0.098437,yolo11m.pt,stop sign
train,rf_obstacle__train__road5_png.rf.722fd60f919ee93d49218e2023bb9321.jpg,31,0.799,0.253687,0.947656,0.218282,0.104687,yolo11m.pt,stop sign
train,rf_obstacle__train__road60_png.rf.28ee20d5885263a474350d3c7c5a63d7.jpg,31,0.957,0.504687,0.495703,0.965625,0.963281,yolo11m.pt,stop sign
train,rf_obstacle__train__road61_png.rf.510b69771080cb181eedb9f38abd38f8.jpg,31,0.974,0.500391,0.54402,0.724219,0.882475,yolo11m.pt,stop sign
train,rf_obstacle__train__road62_png.rf.949d1a26e3e406b7e15674b0a6bc0ec2.jpg,31,0.967,0.637875,0.395117,0.339419,0.228516,yolov8m-oiv7.pt,stop sign
train,rf_obstacle__train__road63_png.rf.6396172597c285bbb16de8d9e0b3f98d.jpg,31,0.96,0.576953,0.473422,0.483594,0.753738,yolo11m.pt,stop sign
train,rf_obstacle__train__road64_png.rf.7252fb76e59293df8c7d6d3c75d92a88.jpg,31,0.976,0.544531,0.484323,0.804688,0.902201,yolo11m.pt,stop sign
train,rf_obstacle__train__road65_png.rf.9d1e87af7f60440dbd410c56988e1875.jpg,31,0.95,0.519473,0.458203,0.473414,0.305469,yolo11m.pt,stop sign
train,rf_obstacle__train__road66_png.rf.b9f2acdc72cf98672ef254d8cd9cc575.jpg,31,0.971,0.510547,0.412687,0.536719,0.682101,yolov8m-oiv7.pt,stop sign
train,rf_obstacle__train__road67_png.rf.406c2ddf202eccb56acffd494e5346ca.jpg,31,0.965,0.463672,0.524306,0.366406,0.560185,yolo11m.pt,stop sign
train,rf_obstacle__train__road68_png.rf.4c7fdebd4a9b5f8d11bf50987f3f71a0.jpg,31,0.974,0.501042,0.346875,0.791667,0.548437,yolo11m.pt,stop sign
train,rf_obstacle__train__road69_png.rf.9b12f6c83a865456f4999b3b286ba3ed.jpg,31,0.987,0.502441,0.527928,0.55918,0.628115,yolov8m-oiv7.pt,stop sign
train,rf_obstacle__train__road70_png.rf.ff03ae7d439efc3c1f32f17382378d80.jpg,31,0.95,0.545703,0.418527,0.345313,0.342348,yolo11m.pt,stop sign
train,rf_obstacle__train__road71_png.rf.76e2baa739263303df8ac4a21cdc9e2f.jpg,31,0.96,0.329492,0.434879,0.351953,0.488216,yolo11m.pt,stop sign
train,rf_obstacle__train__road72_png.rf.c62784d51f56ed219deeecc5f15e842c.jpg,31,0.97,0.833594,0.807675,0.33125,0.363051,yolo11m.pt,stop sign
train,rf_obstacle__train__road73_png.rf.5d6c267c6078dcf731661d73406bcec6.jpg,31,0.989,0.644922,0.464684,0.433594,0.737686,yolov8m-oiv7.pt,stop sign
train,rf_obstacle__train__road74_png.rf.b1c3dc9d05bdae1a8ecb01cb94b9c1fb.jpg,31,0.964,0.702344,0.333992,0.351562,0.511152,yolo11m.pt,stop sign
train,rf_obstacle__train__road75_png.rf.321957f1d68770b3fe5ced02793c5991.jpg,31,0.961,0.701562,0.466329,0.240625,0.394822,yolov8m-oiv7.pt,stop sign
train,rf_obstacle__train__road76_png.rf.707f2d2d0663473841cd801c46b931cc.jpg,31,0.987,0.236719,0.607378,0.336719,0.516917,yolov8m-oiv7.pt,stop sign
train,rf_obstacle__train__road78_png.rf.62cf8af616b04fb0edb203fddaf8389d.jpg,31,0.948,0.28125,0.28441,0.201953,0.28441,yolo11m.pt,stop sign
train,rf_obstacle__train__road79_png.rf.a19a084bec7353a782cc065332e4a185.jpg,31,0.977,0.489062,0.442276,0.583594,0.724668,yolo11m.pt,stop sign
train,rf_obstacle__train__road80_png.rf.bc873917d10b289c0c15d85073b54bb8.jpg,31,0.963,0.497656,0.498437,0.932812,0.9125,yolo11m.pt,stop sign
train,rf_obstacle__train__road81_png.rf.51fb6ee9ad42887c99afb59e1520a9d8.jpg,31,0.958,0.481771,0.290039,0.483333,0.361328,yolo11m.pt,stop sign
train,rf_obstacle__train__road820_png.rf.031d9e17d5df95543d681d813ecfd7ba.jpg,31,0.89,0.4625,0.471094,0.120833,0.090625,yolo11m.pt,stop sign
train,rf_obstacle__train__road821_png.rf.2867557c1e639113ded881141cbd9717.jpg,31,0.919,0.444271,0.324609,0.163542,0.121875,yolo11m.pt,stop sign
train,rf_obstacle__train__road822_png.rf.da3fd7e65404e053dda746a13c7c2373.jpg,31,0.943,0.455729,0.273438,0.207292,0.158203,yolo11m.pt,stop sign
train,rf_obstacle__train__road823_png.rf.28ecc73fabedde94f1c2354331b1de24.jpg,31,0.948,0.502604,0.232031,0.284375,0.216406,yolo11m.pt,stop sign
train,rf_obstacle__train__road82_png.rf.aeff48b1c27b558a82fa2efc4b6ec673.jpg,31,0.965,0.502107,0.329102,0.547753,0.377734,yolo11m.pt,stop sign
train,rf_obstacle__train__road83_png.rf.ef0a4f3d4bbbcbd608c43ad62dbf0ed4.jpg,31,0.924,0.772472,0.485156,0.184925,0.125,yolo11m.pt,stop sign
train,rf_obstacle__train__road84_png.rf.cd86f8a2eea2ecdc6733e0570aa7726f.jpg,31,0.964,0.496152,0.297266,0.264692,0.177344,yolov8m-oiv7.pt,stop sign
train,rf_obstacle__train__road88_png.rf.b48c07a74017342a5811b4765aee6661.jpg,31,0.952,0.552434,0.458984,0.28324,0.191406,yolov8m-oiv7.pt,stop sign
train,rf_obstacle__train__road89_png.rf.b78bd8e4b78c17c59101b7e78200f576.jpg,31,0.929,0.690625,0.241983,0.13125,0.204237,yolo11m.pt,stop sign
train,rf_obstacle__train__road91_png.rf.45bafa6102de9ee3bb0f5017f5b37655.jpg,31,0.963,0.50625,0.750781,0.230469,0.289062,yolov8m-oiv7.pt,stop sign
train,rf_obstacle__train__road93_png.rf.e60cf6281812e100de41b134cda09ed3.jpg,31,0.991,0.665234,0.410371,0.432031,0.641026,yolov8m-oiv7.pt,stop sign
train,rf_obstacle__train__road99_png.rf.b66ea11e8eab88406cd2ddfcf9b315b5.jpg,31,0.965,0.491719,0.312695,0.666842,0.444141,yolo11m.pt,stop sign
train,rf_obstacle__valid__20230604_120229_jpg.rf.097ab1f2710d41872af266f2a89ce32f.jpg,31,0.666,0.418848,0.142448,0.05918,0.076562,yolo11m.pt,stop sign
train,rf_obstacle__valid__5edf1fd8dcf93_000_j39vn_jpg.rf.91d9f91e32875e7ec1065057a5291888.jpg,31,0.715,0.178027,0.052604,0.051758,0.079687,yolo11m.pt,stop sign
train,rf_obstacle__valid__Capture-d-ecran-2023-07-19-183105_png.rf.4cef70c3f5c9728df3fa703b6f4b7508.jpg,31,0.862,0.932813,0.284746,0.053125,0.079696,yolo11m.pt,stop sign
train,rf_obstacle__valid__img-1300_jpg.rf.6cb7dd9c112dfa7801919a154baab37e.jpg,31,0.957,0.542708,0.274414,0.31875,0.239062,yolo11m.pt,stop sign
train,rf_obstacle__valid__IMG-20230714-WA0044_jpg.rf.b335318621e3f27525d5f3dc76e045bf.jpg,31,0.646,0.867188,0.553906,0.045833,0.034375,yolo11m.pt,stop sign
train,rf_obstacle__valid__road77_png.rf.8aff3e4c76d2604a754dee2e63391ed2.jpg,31,0.972,0.690625,0.463522,0.520312,0.817844,yolo11m.pt,stop sign
train,rf_obstacle__valid__road87_png.rf.7f0c032149685817a77a6b0f46d14800.jpg,31,0.955,0.501465,0.495231,0.287695,0.435101,yolo11m.pt,stop sign
train,rf_obstacle__valid__road92_png.rf.7395361de5f2469788278fcf902fb858.jpg,31,0.964,0.490625,0.466409,0.345313,0.675328,yolo11m.pt,stop sign
train,rf_obstacle__valid__road98_png.rf.23565633d5facf6b3051e608fb087511.jpg,31,0.982,0.639453,0.471091,0.599219,0.873127,yolov8m-oiv7.pt,stop sign
train,rf_risk__test__img-643_jpg.rf.f09ceb6b429653d7d9e7bb1fbc9a77af.jpg,31,0.917,0.414746,0.602734,0.154883,0.178906,yolo11m.pt,stop sign
train,rf_risk__train__20240520_02_150_jpg.rf.2f55a4ec1a32b34f31e92156d2667f7d.jpg,31,0.583,0.210352,0.530859,0.419141,0.907031,yolo11m.pt,stop sign
train,rf_risk__train__20240520_02_153_jpg.rf.547fcda94788525012360aea4799d135.jpg,31,0.884,0.804688,0.794531,0.365625,0.409375,yolo11m.pt,stop sign
train,rf_risk__train__20240520_02_154_jpg.rf.149e4072e9d1dbac50b017ca2fb427a1.jpg,31,0.783,0.231445,0.71875,0.452734,0.559375,yolo11m.pt,stop sign
train,rf_risk__train__20ba326e0ed704ef5971d09332917f05d9b75e1c_jpg.rf.049be0490e20a20e4d32c3e6bd85945a.jpg,31,0.51,0.814258,0.520312,0.349609,0.609375,yolo11m.pt,stop sign
train,rf_risk__train__240411_03_465_jpg.rf.6670a2e0573866628c020f7e63dc0a22.jpg,31,0.676,0.403125,0.118359,0.028125,0.049414,yolo11m.pt,stop sign
train,rf_risk__train__240411_03_466_jpg.rf.16806d911e876704bbee06de8cdbee5a.jpg,31,0.578,0.368164,0.098438,0.028906,0.050781,yolo11m.pt,stop sign
train,rf_risk__train__240411_03_467_jpg.rf.16ff1dd4cc9c338dc171f5bae971022e.jpg,31,0.593,0.535937,0.04314,0.03125,0.054932,yolo11m.pt,stop sign
train,rf_risk__train__240411_03_468_jpg.rf.2e53527f6249e2e5fa6fbb09a8191efa.jpg,31,0.635,0.657031,0.087891,0.03125,0.054688,yolo11m.pt,stop sign
train,rf_risk__train__240411_03_469_jpg.rf.11ff2609afe6b08d63197f62f49705d7.jpg,31,0.56,0.404687,0.097656,0.033594,0.057227,yolo11m.pt,stop sign
train,rf_risk__train__240411_03_470_jpg.rf.20cb0347c1fc33653f893b5feff65456.jpg,31,0.762,0.442188,0.09502,0.035937,0.061914,yolo11m.pt,stop sign
train,rf_risk__train__240411_03_471_jpg.rf.165aea2763a219433d25abad2766780b.jpg,31,0.731,0.529297,0.081689,0.038281,0.066113,yolo11m.pt,stop sign
train,rf_risk__train__240411_03_471_jpg.rf.165aea2763a219433d25abad2766780b.jpg,31,0.516,0.073584,0.113843,0.031543,0.050439,yolo11m.pt,stop sign
train,rf_risk__train__240411_03_472_jpg.rf.06fab42b63915448ac3f12d6101292d0.jpg,31,0.578,0.341406,0.102832,0.039844,0.068555,yolo11m.pt,stop sign
train,rf_risk__train__240411_03_473_jpg.rf.13d1f3a6d10c3dd5393adfea055162f2.jpg,31,0.688,0.391992,0.051648,0.041797,0.076392,yolo11m.pt,stop sign
train,rf_risk__train__240411_03_475_jpg.rf.285542c413e85fcbd5c3cdcfe2caa375.jpg,31,0.714,0.503906,0.144727,0.045313,0.082422,yolo11m.pt,stop sign
train,rf_risk__train__a-221-_jpg.rf.210b066b46cd827e3aad2e3d74cc2e8e.jpg,31,0.674,0.613281,0.475,0.035156,0.057813,yolo11m.pt,stop sign
train,rf_risk__valid__5e0992be29aa84bad67e65b181f426f4387521db_jpg.rf.5c490580504d25e3618fb17d0a1ea2cb.jpg,31,0.698,0.98125,0.371875,0.0375,0.132031,yolo11m.pt,stop sign
train,rf_sideguide__train__MP_SEL_000361_jpg.rf.1b350e274a37cd0284c086f1b1873076.jpg,31,0.549,0.304688,0.627441,0.60625,0.743555,yolo11m.pt,stop sign
train,rf_sideguide__train__MP_SEL_000420_jpg.rf.fff117feb67642dcfc9b2213e6de8ffa.jpg,31,0.537,0.761719,0.308594,0.046094,0.074219,yolo11m.pt,stop sign
train,rf_sideguide__train__MP_SEL_001622_jpg.rf.4d1c52c9748397077cb4c2e6f17bcd93.jpg,31,0.606,0.590625,0.261133,0.035937,0.0875,yolo11m.pt,stop sign
train,rf_sideguide__train__MP_SEL_001771_jpg.rf.5a38557bc23802fc48367e9ebe50388e.jpg,31,0.523,0.360938,0.353125,0.040625,0.071484,yolo11m.pt,stop sign
train,rf_sideguide__train__MP_SEL_002805_jpg.rf.975f491ba42a10483d996925edb0a9ff.jpg,31,0.649,0.228125,0.290234,0.035547,0.136719,yolo11m.pt,stop sign
train,rf_sideguide__train__MP_SEL_003190_jpg.rf.2f9a555381f4f3a61802240f1ca3c812.jpg,31,0.578,0.505859,0.255078,0.039062,0.061719,yolo11m.pt,stop sign
train,rf_sideguide__train__MP_SEL_004054_jpg.rf.4db687be8e0feba4db9476bd037f114e.jpg,31,0.6,0.140234,0.019849,0.085547,0.039404,yolo11m.pt,stop sign
train,rf_sideguide__train__MP_SEL_004157_jpg.rf.a8547fb3c203cda1fada0872ccac20c3.jpg,31,0.725,0.875,0.378125,0.08125,0.148438,yolo11m.pt,stop sign
train,rf_sideguide__train__MP_SEL_004950_jpg.rf.08b488eb7d7974e3e528442400ec8384.jpg,31,0.529,0.094775,0.439844,0.029199,0.046875,yolo11m.pt,stop sign
train,rf_sideguide__train__MP_SEL_004957_jpg.rf.943810bc81d90bd63fafd8537c36c49f.jpg,31,0.742,0.988281,0.439844,0.023438,0.05625,yolo11m.pt,stop sign
train,rf_sideguide__train__MP_SEL_005111_jpg.rf.cb5daa89fd77e11da253b235378add5c.jpg,31,0.602,0.675391,0.50625,0.022656,0.034375,yolo11m.pt,stop sign
train,rf_sideguide__train__MP_SEL_005328_jpg.rf.c163656192ece9a79d1515415d78c545.jpg,31,0.502,0.9875,0.174023,0.025,0.14375,yolo11m.pt,stop sign
train,rf_sideguide__train__MP_SEL_005667_jpg.rf.43e768c8c7da35ee6bb703c34fa09ab0.jpg,31,0.632,0.592969,0.029395,0.042188,0.058789,yolo11m.pt,stop sign
train,rf_sideguide__train__MP_SEL_006244_jpg.rf.4eccbd144e2b565f5f688e15b1883f2f.jpg,31,0.655,0.459375,0.391797,0.030469,0.053906,yolo11m.pt,stop sign
train,rf_sideguide__train__MP_SEL_006246_jpg.rf.2b679245aeb696064d8957832cd5969a.jpg,31,0.717,0.226562,0.741016,0.451562,0.514844,yolo11m.pt,stop sign
train,rf_sideguide__train__MP_SEL_006849_jpg.rf.7bb1a697740b344949efcb8ad45a577f.jpg,31,0.655,0.369922,0.389453,0.042578,0.072656,yolo11m.pt,stop sign
train,rf_sideguide__valid__MP_SEL_002111_jpg.rf.cd5032f2ed9e39ec333cdc953fd3bad8.jpg,31,0.761,0.532031,0.288477,0.035937,0.062891,yolo11m.pt,stop sign
train,rf_sideguide__valid__MP_SEL_002547_jpg.rf.cb0981345e1be81c3f27457bcff43408.jpg,31,0.587,0.236719,0.36875,0.039844,0.064062,yolo11m.pt,stop sign
train,rf_starvision__train__-no-32001---14-_jpg.rf.2633e458ead63f0db5341df4bb366a48.jpg,31,0.899,0.776563,0.532031,0.095313,0.128125,yolo11m.pt,stop sign
train,rf_starvision__train__-no-33101----2022-03-12T120800-888_jpg.rf.0cbfb2d71e083d8a87964e4944e89982.jpg,31,0.557,0.68125,0.0979,0.157031,0.195215,yolo11m.pt,stop sign
train,rf_starvision__train__-no-33101----2022-03-12T120801-505_jpg.rf.40ecfa305b8a3d68749053022b4a5bfd.jpg,31,0.72,0.504687,0.569531,0.089063,0.145313,yolo11m.pt,stop sign
train,rf_starvision__train__-no-33101----2022-03-12T120801-505_jpg.rf.40ecfa305b8a3d68749053022b4a5bfd.jpg,31,0.688,0.02832,0.708203,0.055762,0.092187,yolo11m.pt,stop sign
train,rf_starvision__train__-no-33101---29-_jpg.rf.28e28445440f1cd1141f921136a44581.jpg,31,0.941,0.465234,0.315576,0.454688,0.342285,yolo11m.pt,stop sign
train,rf_starvision__train__-no-51001---86-_jpg.rf.4d276d9024b63e69567330185af285b3.jpg,31,0.883,0.475,0.560156,0.095312,0.142187,yolo11m.pt,stop sign
train,rf_starvision__train__0dddb5e2bc416a16_jpg.rf.0670c9da8c8a6912f307279f41508d25.jpg,31,0.694,0.896875,0.336914,0.090625,0.127734,yolo11m.pt,stop sign
train,rf_starvision__train__10077_jpg.rf.1f985d4706666250b4769d44ad5ea0e4.jpg,31,0.89,0.53125,0.501953,0.125,0.107031,yolo11m.pt,stop sign
train,rf_starvision__train__10087_jpg.rf.0aa89333db544ec0ca6609617ba01388.jpg,31,0.935,0.246484,0.274023,0.203516,0.247266,yolo11m.pt,stop sign
train,rf_starvision__train__10088_jpg.rf.01df02274117c01d9a3bddee926c6fb5.jpg,31,0.921,0.53125,0.47334,0.482812,0.70332,yolo11m.pt,stop sign
train,rf_starvision__train__10141_jpg.rf.046398dea977f81c038fe7747fc8bb65.jpg,31,0.878,0.435547,0.5,0.132031,0.196875,yolo11m.pt,stop sign
train,rf_starvision__valid__10183_jpg.rf.2fba49b236c85570bd74c41e4c76983d.jpg,31,0.808,0.871094,0.325391,0.042188,0.056641,yolo11m.pt,stop sign
train,rf_starvision__valid__10223_jpg.rf.e7c504fc2daaf66fe844de804fd83bee.jpg,31,0.849,0.302539,0.387109,0.095703,0.069531,yolo11m.pt,stop sign
train,rf_strollers1__train__Joolz-organiser-accessories-Joolz-official-webs.rf.6b43c2815232112e705cc25cb237b044.jpg,31,0.626,0.717188,0.153516,0.053125,0.043359,yolo11m.pt,stop sign
train,rf_strollers2__train__-_-_-2-.rf.0526dd936c7c4548bca74c456e307889.jpg,31,0.606,0.178711,0.019873,0.062109,0.039258,yolo11m.pt,stop sign
train,rf_strollers2__train__Joolz-organiser-accessories-Joolz-official-webs.rf.243b9bd285f2bfb8b9deacc2aa7df39b.jpg,31,0.623,0.717188,0.153516,0.053125,0.043359,yolo11m.pt,stop sign
train,vistas__train__-9bvNvBWAX3xjKfJzS4vTA.jpg,31,0.595,0.728906,0.70625,0.0125,0.020833,yolo11m.pt,stop sign
train,vistas__train__0DONoYEe2FIFr7gzN2nLCg.jpg,31,0.549,0.653125,0.648958,0.0125,0.0625,yolo11m.pt,stop sign
train,vistas__train__2F347mUCp7cpMquLeeszGw.jpg,31,0.547,0.047412,0.466667,0.018066,0.035417,yolo11m.pt,stop sign
train,vistas__train__3IxutmQyVK7x8goSjci5xg.jpg,31,0.531,0.347656,0.422572,0.039062,0.056482,yolo11m.pt,stop sign
train,vistas__train__3UKuFDTK9OZRgBhr7871oA.jpg,31,0.641,0.308594,0.357031,0.035156,0.050521,yolo11m.pt,stop sign
train,vistas__train__3ztPI4rIMI_qmfm_JI3OVg.jpg,31,0.523,0.359766,0.668056,0.010938,0.022222,yolo11m.pt,stop sign
train,vistas__train__5GmwKS1a11POUIYJBO5k2g.jpg,31,0.604,0.282812,0.444792,0.029687,0.079167,yolo11m.pt,stop sign
train,vistas__train__8fak7TSxHUlMBSH-YMeTXQ.jpg,31,0.602,0.783203,0.440625,0.011719,0.01875,yolo11m.pt,stop sign
train,vistas__train__8T2lK3a99qvVBGNpIRgR3g.jpg,31,0.516,0.83125,0.154948,0.028125,0.038021,yolo11m.pt,stop sign
train,vistas__train__bgj1gFbysYstW8GaytNHqA.jpg,31,0.85,0.082471,0.5125,0.035059,0.046875,yolo11m.pt,stop sign
train,vistas__train__BRIy6OGXaLk_uNrkwg9Zzw.jpg,31,0.589,0.485156,0.444271,0.01875,0.0375,yolo11m.pt,stop sign
train,vistas__train__DzwnOHOhrdcFPyG2xsW3PA.jpg,31,0.578,0.967188,0.632292,0.053125,0.072917,yolo11m.pt,stop sign
train,vistas__train__hLz2D4elMkb8utw52b-ZJw.jpg,31,0.523,0.318945,0.654167,0.017188,0.027778,yolo11m.pt,stop sign
train,vistas__train__JhnPogkgZLspZ0Jr7Qsg7g.jpg,31,0.898,0.199902,0.379818,0.067773,0.0876,yolo11m.pt,stop sign
train,vistas__train__JVw6-RxAQDUDO3r53HS7_A.jpg,31,0.525,0.203174,0.263021,0.049121,0.185417,yolo11m.pt,stop sign
train,vistas__train__Kt1SFfr7cLK5mfez2pPUPA.jpg,31,0.639,0.721484,0.69375,0.011719,0.029167,yolo11m.pt,stop sign
train,vistas__train__LlxUhCGNbgzfJHz_nTcm6A.jpg,31,0.574,0.855469,0.527083,0.029687,0.064583,yolo11m.pt,stop sign
train,vistas__train__mqnmNXBqDQaDh5EZVX3PtQ.jpg,31,0.607,0.860938,0.682292,0.009375,0.022917,yolo11m.pt,stop sign
train,vistas__train__mZCeq3_Gp8YB08UsTXgpxA.jpg,31,0.651,0.244336,0.400521,0.012109,0.025,yolo11m.pt,stop sign
train,vistas__train__n0rmCMKzstnvyH5tipDnFg.jpg,31,0.555,0.94375,0.328125,0.059375,0.089583,yolo11m.pt,stop sign
train,vistas__train__ngCjoHQ-ZCSnDzZHp8TOLw.jpg,31,0.521,0.665625,0.329167,0.071875,0.155208,yolo11m.pt,stop sign
train,vistas__train__oh3ifNBvTgq_MKZbFEjFXw.jpg,31,0.578,0.947656,0.396875,0.0125,0.058333,yolo11m.pt,stop sign
train,vistas__train__OXm-QFLcUDd6HLhoAo7Ong.jpg,31,0.578,0.159961,0.465104,0.010547,0.021875,yolo11m.pt,stop sign
train,vistas__train__QaB4v3fBcekwnBeVtn4p7w.jpg,31,0.708,0.126855,0.475,0.046484,0.077778,yolo11m.pt,stop sign
train,vistas__train__SAjrOaPUT9GhEYmgyBLQew.jpg,31,0.802,0.4875,0.374306,0.01875,0.033333,yolo11m.pt,stop sign
train,vistas__train__szMjJpvQx3eAvYuUbm8xPw.jpg,31,0.857,0.060596,0.538542,0.041113,0.048958,yolo11m.pt,stop sign
train,vistas__train__TjzU0dnJx3brddDsIUl5SA.jpg,31,0.657,0.355469,0.572396,0.010937,0.027083,yolo11m.pt,stop sign
train,vistas__train__U32il-Xoi21aUBGC9Vd0dg.jpg,31,0.527,0.646875,0.469444,0.0125,0.022222,yolo11m.pt,stop sign
train,vistas__train__u58K1ncSD_-qpIfYuWUl0w.jpg,31,0.635,0.354883,0.656771,0.011719,0.026042,yolo11m.pt,stop sign
train,vistas__train__UfLK3HlJQy6ccosEXkR_rw.jpg,31,0.644,0.509766,0.577376,0.0125,0.016735,yolo11m.pt,stop sign
train,vistas__train__vB_v3dtnr2EMgy1kxQhjKg.jpg,31,0.779,0.568359,0.601042,0.054688,0.077083,yolo11m.pt,stop sign
train,vistas__train__vB_v3dtnr2EMgy1kxQhjKg.jpg,31,0.709,0.519531,0.608854,0.057812,0.080208,yolo11m.pt,stop sign
train,vistas__train__vhkBXxbnJulV2llCyeqptg.jpg,31,0.593,0.701563,0.620833,0.010937,0.025,yolo11m.pt,stop sign
train,vistas__train__wA7cB6eMCriePiWCnq4y6Q.jpg,31,0.789,0.546094,0.533854,0.020313,0.05625,yolo11m.pt,stop sign
train,vistas__train__yA0bZ7ef0MiiLvu79m1fzg.jpg,31,0.576,0.414844,0.747917,0.010156,0.016667,yolo11m.pt,stop sign
train,vistas__train__yaCd-Moce1ULp9wzic6rnA.jpg,31,0.658,0.692969,0.657292,0.0375,0.058333,yolo11m.pt,stop sign
train,vistas__train__zk8pPKdfJ404hZyQRebBbw.jpg,31,0.598,0.142773,0.530729,0.021094,0.026042,yolo11m.pt,stop sign
train,vistas__train__zVWOMbaVJB9bOCjE7A4t6Q.jpg,31,0.549,0.214844,0.5875,0.010156,0.025,yolo11m.pt,stop sign
train,vistas__val__-F5vhdPopdHyJjiC2hI6xg.jpg,31,0.551,0.371875,0.514583,0.05,0.085417,yolo11m.pt,stop sign
train,vistas__val__1EaLwA9alBSKntjx2w4_Wg.jpg,31,0.926,0.636719,0.638542,0.025,0.035417,yolo11m.pt,stop sign
train,vistas__val__1EaLwA9alBSKntjx2w4_Wg.jpg,31,0.74,0.053906,0.535417,0.036328,0.045833,yolo11m.pt,stop sign
train,vistas__val__4qt-NFSSchuE6tJw5juVSQ.jpg,31,0.593,0.670312,0.744792,0.01875,0.025,yolo11m.pt,stop sign
train,vistas__val__L0T0P3Ar3Bfq-h45cJfSqg.jpg,31,0.504,0.590625,0.587836,0.014063,0.020919,yolo11m.pt,stop sign
train,vistas__val__mRR6OKS2vE8h8X9TW2YqHg.jpg,31,0.568,0.426563,0.6875,0.029688,0.029167,yolo11m.pt,stop sign
train,vistas__val__mzgRZ4JiE3qma9OfK7TDHA.jpg,31,0.558,0.415625,0.565104,0.0125,0.027083,yolo11m.pt,stop sign
train,vistas__val__olxYT7oaT62GI9ChkJby3Q.jpg,31,0.516,0.455859,0.461979,0.028906,0.066667,yolo11m.pt,stop sign
val,coco__train2017__000000027441.jpg,31,0.746,0.011176,0.404472,0.022229,0.116896,yolo11m.pt,stop sign
val,coco__train2017__000000269462.jpg,31,0.576,0.723828,0.325781,0.039062,0.074479,yolo11m.pt,stop sign
val,coco__train2017__000000312344.jpg,31,0.51,0.177344,0.813021,0.033984,0.053125,yolo11m.pt,stop sign
val,coco__train2017__000000541132.jpg,31,0.727,0.915625,0.409375,0.028125,0.051042,yolo11m.pt,stop sign
val,coco__train2017__000000541132.jpg,31,0.655,0.896875,0.421354,0.01875,0.038542,yolo11m.pt,stop sign
val,mtsd__train__-5ihylTtxA3-CGKOhyhDmQ.jpg,14,0.734,0.494531,0.928472,0.9875,0.120833,yolo11m.pt,bonnet
val,mtsd__train__-Sxo50mRpkt1XkSQDxfXJQ.jpg,14,0.558,0.499219,0.825521,0.996875,0.326042,yolo11m.pt,bonnet
val,mtsd__train__068f7vINn01bl_rL1iu1cA.jpg,14,0.595,0.514063,0.916406,0.967188,0.146354,yolo11m.pt,bonnet
val,mtsd__train__0aA38deY83nWyFxOOFE-vw.jpg,14,0.739,0.500391,0.911458,0.996094,0.160417,yolo11m.pt,bonnet
val,mtsd__train__0SzhMf4vJeDX2xMRwTDI4A.jpg,14,0.609,0.5,0.5,1.0,1.0,yolov8m-oiv7.pt,bonnet
val,mtsd__train__1gomlbIzsWRRVA2qoJDRbA.jpg,14,0.696,0.498828,0.5,0.997656,1.0,yolov8m-oiv7.pt,bonnet
val,mtsd__train__1sowKtYSZ3aHUeeETwL6gQ.jpg,14,0.502,0.499219,0.498828,0.998438,0.994011,yolov8m-oiv7.pt,bonnet
val,mtsd__train__27A66I5PYuBcHHOCEtBMTg.jpg,14,0.772,0.501563,0.64987,0.995313,0.67526,yolo11m.pt,bonnet
val,mtsd__train__2euube7pCiG8jFaGsXeEyQ.jpg,14,0.662,0.5,0.872917,0.99375,0.23125,yolo11m.pt,bonnet
val,mtsd__train__2fk5R5oPO7nUsYNuZPAB_A.jpg,14,0.951,0.496094,0.755208,0.990625,0.46875,yolo11m.pt,bonnet
val,mtsd__train__2HA_TeXLZS5Iz4GXKGorog.jpg,14,0.633,0.499219,0.911111,0.995313,0.154167,yolo11m.pt,bonnet
val,mtsd__train__2nl_QDx9sl6_Sy_iWll7Aw.jpg,14,0.823,0.500781,0.880555,0.995312,0.215278,yolo11m.pt,bonnet
val,mtsd__train__2z-GSADjUigrahgGhxYfMA.jpg,31,0.578,0.310547,0.684722,0.036328,0.072222,yolo11m.pt,stop sign
val,mtsd__train__3BjRymICmTnQSL58RBkPxQ.jpg,14,0.583,0.414844,0.9375,0.820312,0.097222,yolo11m.pt,bonnet
val,mtsd__train__3jR1565S_WSTy6EQsiopaw.jpg,14,0.847,0.500781,0.866667,0.99375,0.247917,yolo11m.pt,bonnet
val,mtsd__train__4bpMP6Au_vZ9QSs0wIpAKA.jpg,14,0.506,0.5,0.888021,0.996875,0.203125,yolo11m.pt,bonnet
val,mtsd__train__4gpA2zrWtwA48SDzjIVtvA.jpg,14,0.696,0.5,0.885937,0.996875,0.205208,yolo11m.pt,bonnet
val,mtsd__train__4iYO_eunMZaw7VbtFB1mwg.jpg,14,0.846,0.39375,0.919792,0.785938,0.139583,yolo11m.pt,bonnet
val,mtsd__train__4RzbI7y0WauzywHwmbh3Zg.jpg,14,0.776,0.368555,0.9375,0.731641,0.108333,yolo11m.pt,bonnet
val,mtsd__train__4vtsYqhvdNxdiSubY2aHYA.jpg,14,0.667,0.499219,0.836458,0.995313,0.302083,yolo11m.pt,bonnet
val,mtsd__train__5104WXd6ekfVvgARBYBTug.jpg,14,0.514,0.5,0.499479,1.0,0.998958,yolov8m-oiv7.pt,bonnet
val,mtsd__train__5dgNvXxrxQjb-IEoM22LXQ.jpg,14,0.703,0.497656,0.854167,0.995313,0.269444,yolo11m.pt,bonnet
val,mtsd__train__5G_gRIweMK1SGhgJfFEf5Q.jpg,14,0.66,0.599902,0.848958,0.798633,0.283333,yolo11m.pt,bonnet
val,mtsd__train__5IeSYF6a8dDlTe75qqOMHg.jpg,14,0.537,0.5,0.866146,0.996875,0.244792,yolo11m.pt,bonnet
val,mtsd__train__5KOgJGsvvJT8TbUteIFePw.jpg,31,0.819,0.821094,0.211458,0.107813,0.135417,yolo11m.pt,stop sign
val,mtsd__train__5MPryyYx3zBgf1dCH-UQLg.jpg,14,0.832,0.498047,0.888889,0.991406,0.2,yolo11m.pt,bonnet
val,mtsd__train__61-Bxujwor087xveu71Ceg.jpg,14,0.535,0.501953,0.945833,0.992969,0.083333,yolo11m.pt,bonnet
val,mtsd__train__67b_YUKgzrLxWJ1zq9Gbdg.jpg,14,0.696,0.5,0.871875,0.996875,0.235417,yolo11m.pt,bonnet
val,mtsd__train__6Juyg4l4fzmnJRmqN8pm_Q.jpg,14,0.549,0.499219,0.5,0.998438,0.995833,yolov8m-oiv7.pt,bonnet
val,mtsd__train__6UJywDAdHirbjxmEvHR83w.jpg,14,0.708,0.508984,0.864583,0.978906,0.25,yolo11m.pt,bonnet
val,mtsd__train__6UlbF1llaZtvx8518VFIgA.jpg,14,0.525,0.500391,0.934375,0.997656,0.116667,yolo11m.pt,bonnet
val,mtsd__train__6um8Upa5joRmkAPYBtVAPA.jpg,14,0.691,0.499609,0.925,0.997656,0.127083,yolo11m.pt,bonnet
val,mtsd__train__6ytpBgJ_o3Spy3K036MDZg.jpg,14,0.867,0.5,0.792188,0.996875,0.386458,yolo11m.pt,bonnet
val,mtsd__train__7bI1EhgR7Dv3vPDaFd2tKA.jpg,14,0.531,0.498437,0.5,0.996875,0.995833,yolov8m-oiv7.pt,bonnet
val,mtsd__train__7eHyBbEvru6K1hvRKKwD7Q.jpg,14,0.533,0.440234,0.934375,0.878906,0.116667,yolo11m.pt,bonnet
val,mtsd__train__7ML-Ow_TtFkzdgcHzkD_Iw.jpg,14,0.504,0.499609,0.925,0.999219,0.129167,yolo11m.pt,bonnet
val,mtsd__train__7OLXfroSuGqGju2AHvuY-g.jpg,14,0.666,0.541016,0.932292,0.911719,0.11875,yolo11m.pt,bonnet
val,mtsd__train__7Yn2bxuwZj_jxcotbPaXHA.jpg,14,0.729,0.5,0.883333,0.996875,0.213889,yolo11m.pt,bonnet
val,mtsd__train__84WAQweZ9oJDECe2izFctA.jpg,31,0.667,0.3875,0.434375,0.01875,0.027083,yolo11m.pt,stop sign
val,mtsd__train__85WrTe2T19VMVKMMTpC1LQ.jpg,14,0.566,0.499219,0.916667,0.996875,0.15,yolo11m.pt,bonnet
val,mtsd__train__8bur59ZnJuou7Ft1D2KTDQ.jpg,31,0.595,0.467187,0.625,0.01875,0.03125,yolo11m.pt,stop sign
val,mtsd__train__8bur59ZnJuou7Ft1D2KTDQ.jpg,31,0.533,0.330469,0.6125,0.032031,0.041667,yolo11m.pt,stop sign
val,mtsd__train___uMxaoD4PUre62BoZvOkUA.jpg,14,0.83,0.499219,0.84375,0.996875,0.291667,yolo11m.pt,bonnet
val,mtsd__train___uREqcDsZx24DooG5We6Yg.jpg,14,0.623,0.500391,0.91875,0.996094,0.14375,yolo11m.pt,bonnet
val,mtsd__train___xb_u5TxlhwhBQ93EZGagg.jpg,14,0.566,0.497656,0.848437,0.995313,0.280208,yolo11m.pt,bonnet
val,mtsd__train__A-9frkAevzgxRBoxMtlA4w.jpg,14,0.689,0.501562,0.904427,0.99375,0.174479,yolo11m.pt,bonnet
val,mtsd__train__a7Otkr5jw_OMwcURRpzC1Q.jpg,14,0.683,0.550391,0.879167,0.899219,0.213889,yolo11m.pt,bonnet
val,mtsd__train__A7WOTCwQEu0hCnE253M53Q.jpg,31,0.558,0.920313,0.590625,0.01875,0.041667,yolo11m.pt,stop sign
val,mtsd__train__AbAe3LnDS2UCfG2tMLNDJA.jpg,14,0.681,0.498828,0.886719,0.996094,0.200521,yolo11m.pt,bonnet
val,mtsd__train__aE0ORMwnm0CkI5kRGCECAQ.jpg,14,0.502,0.5,0.858333,0.996875,0.261111,yolo11m.pt,bonnet
val,mtsd__train__amI7ZFJyAi7Y1tYQPVV2HQ.jpg,14,0.703,0.491016,0.938802,0.980469,0.104167,yolo11m.pt,bonnet
val,mtsd__train__aMLQjuag1ymoQOofdLQc3g.jpg,14,0.75,0.5,0.502083,1.0,0.995833,yolov8m-oiv7.pt,bonnet
val,mtsd__train__AtlktwfjPa9R84WqJbkBZg.jpg,14,0.587,0.616309,0.9125,0.764258,0.15625,yolo11m.pt,bonnet
val,mtsd__train__aZ1Gp1kFUgNyGK9GgW35Yg.jpg,14,0.664,0.500391,0.914583,0.996094,0.152083,yolo11m.pt,bonnet
val,mtsd__train__B6hE6XZDorIFV8VuA9exoA.jpg,14,0.52,0.499219,0.901042,0.998437,0.179167,yolo11m.pt,bonnet
val,mtsd__train__BEUEivaE5a07CMqXmeoNjQ.jpg,14,0.813,0.5,0.848438,0.995313,0.265625,yolo11m.pt,bonnet
val,mtsd__train__bM_52rBcUs-j46PQvgYieQ.jpg,14,0.676,0.5,0.500911,1.0,0.99401,yolov8m-oiv7.pt,bonnet
val,mtsd__train__bp5vynlUzSQn5z2RXBUqiw.jpg,14,0.67,0.499609,0.880208,0.994531,0.214583,yolo11m.pt,bonnet
val,mtsd__train__brnwCVsPtbTIpDN1ChuU_Q.jpg,14,0.703,0.500781,0.873958,0.99375,0.233333,yolo11m.pt,bonnet
val,mtsd__train__BWMOIcm2Wv01lRDYGiz3RQ.jpg,14,0.628,0.499219,0.901042,0.998437,0.177083,yolo11m.pt,bonnet
val,mtsd__train__bxbe_eVCgb2kuM7lWq2n-Q.jpg,14,0.51,0.499219,0.498958,0.998438,0.997917,yolov8m-oiv7.pt,bonnet
val,mtsd__train__C08iL-q485ISz8TeuBjPhw.jpg,14,0.632,0.498047,0.800694,0.994531,0.373611,yolo11m.pt,bonnet
val,mtsd__train__C93wvgTLb-cDiSy2AtACgA.jpg,14,0.783,0.5,0.836458,0.996875,0.302083,yolo11m.pt,bonnet
val,mtsd__train__CC4_89QBGOCKVizVqziqKw.jpg,14,0.729,0.499219,0.917708,0.99375,0.145833,yolo11m.pt,bonnet
val,mtsd__train__ccSsXSdw-p0hHOAYPUCNBg.jpg,14,0.506,0.499219,0.757812,0.996875,0.465625,yolo11m.pt,bonnet
val,mtsd__train__chmPBnE4aLSjUbf2LgaUqQ.jpg,14,0.593,0.498828,0.869444,0.996094,0.236111,yolo11m.pt,bonnet
val,mtsd__train__chmPBnE4aLSjUbf2LgaUqQ.jpg,14,0.543,0.498828,0.498611,0.997656,0.997222,yolov8m-oiv7.pt,bonnet
val,mtsd__train__CI_FkM2HTNg56rE-33eu2Q.jpg,14,0.755,0.561719,0.885417,0.873438,0.210417,yolo11m.pt,bonnet
val,mtsd__train__cK_J6rNSqhsnKpJBWVawww.jpg,14,0.641,0.5,0.884896,0.995313,0.209375,yolo11m.pt,bonnet
val,mtsd__train__ckxh_Hx8rnqMqMbN_GEFBQ.jpg,14,0.628,0.501563,0.899479,0.992188,0.188542,yolo11m.pt,bonnet
val,mtsd__train__ClUs20hf2KXf9yfmaAB38g.jpg,14,0.772,0.499609,0.913542,0.994531,0.15625,yolo11m.pt,bonnet
val,mtsd__train__cvvz3KE7loTY6lIzwSBnzw.jpg,14,0.698,0.438281,0.889583,0.873438,0.201389,yolo11m.pt,bonnet
val,mtsd__train__CZxleyDu-FSujF2L-wgRDQ.jpg,14,0.516,0.499219,0.50013,0.998437,0.99974,yolov8m-oiv7.pt,bonnet
val,mtsd__train__D8HwHfT2a4iGA-6dtnm02w.jpg,14,0.626,0.499219,0.50013,0.995313,0.995573,yolov8m-oiv7.pt,bonnet
val,mtsd__train__dD8niw0lSBQ5NEelP6Jc9A.jpg,14,0.63,0.501563,0.847222,0.99375,0.283333,yolo11m.pt,bonnet
val,mtsd__train__DG9XaDuw4RFlZ5GZHSxSVQ.jpg,14,0.582,0.5,0.923958,0.996875,0.133333,yolo11m.pt,bonnet
val,mtsd__train__DhS1oyTdwHDPovJNzxGU9Q.jpg,14,0.626,0.5,0.8875,0.996875,0.202778,yolo11m.pt,bonnet
val,mtsd__train__DKxPFN3SV06CUJCGQrl70w.jpg,14,0.637,0.5,0.917708,0.995313,0.145833,yolo11m.pt,bonnet
val,mtsd__train__dtB_J68zkLWOkwp6t98MMg.jpg,14,0.63,0.50625,0.9,0.984375,0.185417,yolo11m.pt,bonnet
val,mtsd__train__e0x2FN8uRXXY1zah2g5COQ.jpg,31,0.708,0.751562,0.606771,0.028125,0.036458,yolo11m.pt,stop sign
val,mtsd__train__Ewr09YIZwDEQT57ZWxC5wA.jpg,14,0.547,0.5,0.917708,0.99375,0.147917,yolo11m.pt,bonnet
val,mtsd__train__eYVvZuB14Ra_x1Pnc3FmNg.jpg,14,0.712,0.5,0.858333,0.996875,0.260417,yolo11m.pt,bonnet
val,mtsd__train__F70ALTjtx46jOWohZkIecQ.jpg,14,0.591,0.499609,0.935417,0.997656,0.1125,yolo11m.pt,bonnet
val,mtsd__train__fhQeDG25ARp5BknQdBhs3g.jpg,14,0.52,0.498828,0.90651,0.996094,0.170312,yolo11m.pt,bonnet
val,mtsd__train__FJn7RcO2ohVQNnKdCv5rDA.jpg,14,0.803,0.499219,0.870833,0.990625,0.239583,yolo11m.pt,bonnet
val,mtsd__train__fKdhgYghZuuyr1pp-hO4Aw.jpg,14,0.662,0.500781,0.846354,0.995312,0.284375,yolo11m.pt,bonnet
val,mtsd__train__fN7WleirqQSx1ygllWzzEA.jpg,14,0.543,0.417578,0.931944,0.832031,0.113889,yolo11m.pt,bonnet
val,mtsd__train__FRT4dsQSr8ElgBMXOsERlg.jpg,14,0.512,0.498828,0.498437,0.997656,0.994792,yolov8m-oiv7.pt,bonnet
val,mtsd__train__fsEwW2wE5xevCaqmdoy54A.jpg,14,0.851,0.5,0.916406,0.995313,0.150521,yolo11m.pt,bonnet
val,mtsd__train__FYVUO4vQEB8caPh33cAHEw.jpg,14,0.545,0.500391,0.866667,0.994531,0.245833,yolo11m.pt,bonnet
val,mtsd__train__G0KZbKEAscIkClCjjqh2cw.jpg,14,0.585,0.502344,0.9125,0.992188,0.15625,yolo11m.pt,bonnet
val,mtsd__train__g4qoB8Zc8VAcNjnQw5wtZg.jpg,14,0.547,0.403516,0.935156,0.792969,0.100521,yolo11m.pt,bonnet
val,mtsd__train__G8Rb7tWUmo-N2mFu5lZ6Cw.jpg,31,0.518,0.557813,0.425,0.029688,0.055556,yolo11m.pt,stop sign
val,mtsd__train__GBt5VKpg4HuoMeAhmvKBgg.jpg,14,0.549,0.381641,0.938542,0.760156,0.102083,yolo11m.pt,bonnet
val,mtsd__train__geqjVIs14NAbMQUWBLoW-A.jpg,14,0.874,0.398047,0.814062,0.792188,0.355208,yolo11m.pt,bonnet
val,mtsd__train__gfDxT100HMceyI3UCfXT8Q.jpg,14,0.531,0.497656,0.842708,0.99375,0.29375,yolo11m.pt,bonnet
val,mtsd__train__gGJ93nVS1JkLQwRUUS4sUw.jpg,14,0.635,0.455469,0.884028,0.910938,0.205556,yolo11m.pt,bonnet
val,mtsd__train__GiL3M4DyofAqOrl48_94Ew.jpg,31,0.703,0.504297,0.640625,0.0125,0.016667,yolo11m.pt,stop sign
val,mtsd__train__GN0ig0L3cNwiBJjG9alEKw.jpg,14,0.502,0.500781,0.914583,0.995313,0.154167,yolo11m.pt,bonnet
val,mtsd__train__gPlEG9b66r5MEwVWXyW7OQ.jpg,14,0.51,0.499219,0.920833,0.998438,0.136111,yolo11m.pt,bonnet
val,mtsd__train__GQGPvw7D_2gEQQmA0SOM1A.jpg,14,0.56,0.501563,0.882292,0.99375,0.216667,yolo11m.pt,bonnet
val,mtsd__train__Grw5bvw2ngpyJzE0ciZQVg.jpg,14,0.587,0.499219,0.922917,0.995313,0.133333,yolo11m.pt,bonnet
val,mtsd__train__GSuzPdPvuY7Ctqj66md7bQ.jpg,14,0.639,0.5,0.903906,0.996875,0.171354,yolo11m.pt,bonnet
val,mtsd__train__GwhyMAiM5WPcelVzOT6a0g.jpg,14,0.728,0.467578,0.9375,0.935156,0.104167,yolo11m.pt,bonnet
val,mtsd__train__Gxfh1FQLFpbITCUWxfdfvQ.jpg,14,0.57,0.499219,0.498958,0.998437,0.997917,yolov8m-oiv7.pt,bonnet
val,mtsd__train__H-ddABf1mZlajUrv39HxEQ.jpg,14,0.512,0.499219,0.890625,0.998438,0.19401,yolo11m.pt,bonnet
val,mtsd__train__H2__QhRc7CjjTiLY2HL8UA.jpg,14,0.689,0.491797,0.863889,0.982031,0.248611,yolo11m.pt,bonnet
val,mtsd__train__H7lC43E0cHIww-tqJVlUhg.jpg,14,0.508,0.497656,0.498611,0.995313,0.997222,yolov8m-oiv7.pt,bonnet
val,mtsd__train__HKWlizZ5UAyW-ndgtVefew.jpg,14,0.804,0.500781,0.783854,0.996875,0.407292,yolo11m.pt,bonnet
val,mtsd__train__hL5oeiMGpWMETctg7sIa1w.jpg,14,0.549,0.5,0.499653,1.0,0.999306,yolov8m-oiv7.pt,bonnet
val,mtsd__train__hO6ybC7MH3TnOa3c305KTQ.jpg,14,0.712,0.499609,0.839062,0.997656,0.301042,yolo11m.pt,bonnet
val,mtsd__train__hO6ybC7MH3TnOa3c305KTQ.jpg,14,0.699,0.5,0.504036,1.0,0.991927,yolov8m-oiv7.pt,bonnet
val,mtsd__train__HomhaZ5MMUphXyTmSi2LeA.jpg,14,0.625,0.499609,0.816667,0.997656,0.341667,yolo11m.pt,bonnet
val,mtsd__train__HQdbsh3bPh9jb4OVZnIGPQ.jpg,14,0.653,0.5,0.870833,1.0,0.233333,yolo11m.pt,bonnet
val,mtsd__train__hSbr3nBzLXbKEquS3r1Q6Q.jpg,14,0.723,0.5,0.90625,0.998438,0.172917,yolo11m.pt,bonnet
val,mtsd__train__HsQQWShWPNfATbyc0sdJog.jpg,14,0.578,0.482031,0.695139,0.960937,0.584722,yolo11m.pt,bonnet
val,mtsd__train__i70sWfSaopGJZDa_d0Sx5w.jpg,14,0.637,0.499219,0.921094,0.995313,0.136979,yolo11m.pt,bonnet
val,mtsd__train__i_eHcp1etQ6woh0J7h8vLA.jpg,14,0.516,0.501172,0.890625,0.994531,0.202083,yolo11m.pt,bonnet
val,mtsd__train__inaekHDvY5mLEyQiMj4u0w.jpg,14,0.727,0.499219,0.845312,0.995313,0.290625,yolo11m.pt,bonnet
val,mtsd__train__iYC7F26BA5XlXn7ipftCRg.jpg,14,0.541,0.499219,0.909375,0.996875,0.164583,yolo11m.pt,bonnet
val,mtsd__train__j01In-JbpYI7keBHNzX7Zw.jpg,14,0.797,0.5,0.897917,0.99375,0.183333,yolo11m.pt,bonnet
val,mtsd__train__Ja_1Pyi9ioQ0EmBrlP6xHQ.jpg,14,0.811,0.542969,0.9125,0.910937,0.15625,yolo11m.pt,bonnet
val,mtsd__train__jd7QVlzzr_L7x7emwsP8MA.jpg,14,0.56,0.499219,0.847917,0.995313,0.279167,yolo11m.pt,bonnet
val,mtsd__train__JfbYcLilODHV2fRxqKCWmg.jpg,14,0.807,0.5,0.831771,0.996875,0.315625,yolo11m.pt,bonnet
val,mtsd__train__Jh6FwH9ncCe6-MN5KHFMWQ.jpg,14,0.72,0.497656,0.915625,0.992187,0.152083,yolo11m.pt,bonnet
val,mtsd__train__JizCqN5Vv-AxJPBWMgdp1Q.jpg,14,0.648,0.500391,0.851042,0.994531,0.28125,yolo11m.pt,bonnet
val,mtsd__train__jkmnVQnPw85K-KY45OENNA.jpg,14,0.504,0.495313,0.883333,0.9875,0.208333,yolo11m.pt,bonnet
val,mtsd__train__JnitQL_WBvUc_60AbPDFyw.jpg,14,0.607,0.5,0.914844,0.996875,0.153646,yolo11m.pt,bonnet
val,mtsd__train__Jqytdb1Jp1SAIcZakHD7cg.jpg,14,0.533,0.5,0.883333,0.996875,0.2125,yolo11m.pt,bonnet
val,mtsd__train__JrBYPL1K4P_EkwU6nGm5aw.jpg,14,0.541,0.499219,0.901042,0.995312,0.177083,yolo11m.pt,bonnet
val,mtsd__train__jV7P_v2uVppUhS3SDOgugw.jpg,14,0.732,0.499609,0.879167,0.994531,0.220833,yolo11m.pt,bonnet
val,mtsd__train__JxHBuVlzmPD_UQeJ41eZOw.jpg,14,0.708,0.5,0.879557,0.996875,0.217448,yolo11m.pt,bonnet
val,mtsd__train__jyYxUQH9YqiQvtMInGhzrQ.jpg,14,0.712,0.500391,0.892708,0.996094,0.191667,yolo11m.pt,bonnet
val,mtsd__train__jZMVVUh7C8upeAjFA0YoYw.jpg,14,0.583,0.394922,0.923003,0.78125,0.133275,yolo11m.pt,bonnet
val,mtsd__train__k-OsuAb1dVLMXLLd0jQ1rw.jpg,14,0.701,0.499219,0.848958,0.995313,0.28125,yolo11m.pt,bonnet
val,mtsd__train__k4Ay-6r6XM_DUesYFpj6BA.jpg,14,0.742,0.491406,0.892708,0.978125,0.2,yolo11m.pt,bonnet
val,mtsd__train__KNTbwC2tgecMzLHFHqiv8g.jpg,14,0.941,0.410156,0.8875,0.820312,0.210417,yolo11m.pt,bonnet
val,mtsd__train__KpauYxw10WBYMfbSlHd-Lg.jpg,31,0.57,0.791797,0.447222,0.030469,0.134722,yolo11m.pt,stop sign
val,mtsd__train__Kq3xxT1nnA3K4NWl5oKKbA.jpg,14,0.784,0.500781,0.913542,0.995313,0.15625,yolo11m.pt,bonnet
val,mtsd__train__kqCETkFAIho9E5OqIAiy9A.jpg,14,0.637,0.500781,0.498828,0.998437,0.99401,yolov8m-oiv7.pt,bonnet
val,mtsd__train__KyJrQBiFbU35thdZVxdFfQ.jpg,14,0.527,0.5,0.85625,0.996875,0.260417,yolo11m.pt,bonnet
val,mtsd__train__L8an8M9VrFPZGGKUF2likg.jpg,14,0.504,0.499219,0.935417,0.998437,0.1125,yolo11m.pt,bonnet
val,mtsd__train__lFudwWs_Su-Z9rcQcqp3XA.jpg,31,0.814,0.218359,0.703125,0.030469,0.041667,yolo11m.pt,stop sign
val,mtsd__train__lHSADy7Ao46RSiuzKAoFiQ.jpg,14,0.504,0.5,0.497786,1.0,0.991927,yolov8m-oiv7.pt,bonnet
val,mtsd__train__li2kY1OKB6LHA1l0YhBB2A.jpg,14,0.514,0.5,0.498437,1.0,0.996875,yolov8m-oiv7.pt,bonnet
val,mtsd__train__LM0tFkRp_eLSRPcOatClTQ.jpg,31,0.617,0.276953,0.466146,0.033594,0.044792,yolo11m.pt,stop sign
val,mtsd__train__loqi9NR7ZHWxwpKZBjh7Ig.jpg,14,0.755,0.499219,0.888021,0.995313,0.207292,yolo11m.pt,bonnet
val,mtsd__train__lTRaLzoftN-0lDo-45fo2A.jpg,14,0.772,0.404687,0.947917,0.804687,0.0875,yolo11m.pt,bonnet
val,mtsd__train__LXjot3FRzjfC_xnkZoTy4w.jpg,14,0.527,0.5,0.945833,0.990625,0.097917,yolo11m.pt,bonnet
val,mtsd__train__m4oTLyvP7HlLZJe5y-W9jw.jpg,14,0.703,0.500781,0.919922,0.995313,0.126302,yolo11m.pt,bonnet
val,mtsd__train__M4S0RuqXvsMmzDAIUBqwdQ.jpg,31,0.657,0.121777,0.754687,0.081445,0.116667,yolo11m.pt,stop sign
val,mtsd__train__mk4XoiLsJT2eVL0rYeNGwg.jpg,14,0.74,0.500781,0.781055,0.996875,0.416016,yolo11m.pt,bonnet
val,mtsd__train__mKjm0Cp1nVcuxBbfmJsIgw.jpg,14,0.676,0.5,0.897917,0.996875,0.183333,yolo11m.pt,bonnet
val,mtsd__train__mKjm0Cp1nVcuxBbfmJsIgw.jpg,14,0.607,0.5,0.501953,1.0,0.99401,yolov8m-oiv7.pt,bonnet
val,mtsd__train__mtCpHGSudsTYeplsfs-ojA.jpg,14,0.516,0.5,0.500911,1.0,0.996094,yolov8m-oiv7.pt,bonnet
val,mtsd__train__n6u9uMdx_FKgEvEC7HcyfA.jpg,14,0.502,0.5,0.894271,0.996875,0.194792,yolo11m.pt,bonnet
val,mtsd__train__NBgShG_KXF2xFOzszO-r7g.jpg,14,0.722,0.492188,0.884722,0.93125,0.191667,yolo11m.pt,bonnet
val,mtsd__train__Nd5nXoMFc_fFDaZyOfIJYA.jpg,14,0.681,0.5,0.859896,0.995313,0.255208,yolo11m.pt,bonnet
val,mtsd__train__NEjS3eK3qEI7HGseEzl62A.jpg,14,0.67,0.5,0.501042,1.0,0.9875,yolov8m-oiv7.pt,bonnet
val,mtsd__train__NkR0KCfY0iONT-OmtIs08g.jpg,14,0.547,0.603125,0.945833,0.790625,0.091667,yolo11m.pt,bonnet
val,mtsd__train__NmZ2xh9lXiC01wlg3Ribtw.jpg,14,0.842,0.499609,0.843229,0.996094,0.294792,yolo11m.pt,bonnet
val,mtsd__train__NmZ2xh9lXiC01wlg3Ribtw.jpg,14,0.644,0.5,0.499479,1.0,0.998958,yolov8m-oiv7.pt,bonnet
val,mtsd__train__NRNlos2kb-SMWvqPhFoo9A.jpg,14,0.881,0.500781,0.822917,0.99375,0.335417,yolo11m.pt,bonnet
val,mtsd__train__Nv4qtcQz8wY0sHEvKQ_fwg.jpg,14,0.784,0.500781,0.90625,0.995313,0.170833,yolo11m.pt,bonnet
val,mtsd__train__NYHKrUij2MbbyP5u132_Aw.jpg,14,0.799,0.5,0.876042,0.99375,0.23125,yolo11m.pt,bonnet
val,mtsd__train__Nzsqc8F6UnRZYPtyveUR7g.jpg,14,0.777,0.5,0.898958,0.996875,0.185417,yolo11m.pt,bonnet
val,mtsd__train__O-nXuG54GpKI79q5pZYfHw.jpg,14,0.502,0.5,0.50612,0.998438,0.985677,yolov8m-oiv7.pt,bonnet
val,mtsd__train__O8gs_7dHXcoI7AnuwRGykQ.jpg,14,0.743,0.5,0.897396,0.996875,0.188542,yolo11m.pt,bonnet
val,mtsd__train__oAEYU71C2ZgH-9fwhqmyrQ.jpg,14,0.677,0.500391,0.920573,0.996094,0.133854,yolo11m.pt,bonnet
val,mtsd__train__oDITt_-qfZ9BKPos35g0BQ.jpg,14,0.857,0.500781,0.869271,0.992188,0.244792,yolo11m.pt,bonnet
val,mtsd__train__OkvPrkxiN7nlYzLWuo3l2Q.jpg,14,0.712,0.5,0.907292,0.99375,0.170833,yolo11m.pt,bonnet
val,mtsd__train__OPjZOvBjYHAW0pJCi2gmYQ.jpg,14,0.717,0.333203,0.930208,0.664062,0.11875,yolo11m.pt,bonnet
val,mtsd__train__oTJUNw1eaDLfk2TOAm0kFg.jpg,14,0.555,0.500391,0.499089,0.999219,0.997656,yolov8m-oiv7.pt,bonnet
val,mtsd__train__oYGJDwTziy1If7z-kiY5lQ.jpg,14,0.643,0.454297,0.952083,0.905469,0.075,yolo11m.pt,bonnet
val,mtsd__train__oZ9BXuLJb-N27grip49LKw.jpg,31,0.521,0.0604,0.399479,0.032324,0.036458,yolo11m.pt,stop sign
val,mtsd__train__pA9QqxC8TwyHM5ndSws78g.jpg,31,0.568,0.235938,0.605208,0.011719,0.014583,yolo11m.pt,stop sign
val,mtsd__train__PcW0lnTqADiWxeeqEQyWWw.jpg,14,0.562,0.499609,0.840278,0.997656,0.294444,yolo11m.pt,bonnet
val,mtsd__train__pcyyVy1jUvVJWO6QK5-eVg.jpg,14,0.617,0.501563,0.890104,0.99375,0.201042,yolo11m.pt,bonnet
val,mtsd__train__pefr5QY_vN5iCylr6pl54Q.jpg,14,0.681,0.539844,0.929167,0.917188,0.119444,yolo11m.pt,bonnet
val,mtsd__train__pnfjHULOP5tED7zD5tKd7g.jpg,14,0.551,0.482422,0.922917,0.963281,0.133333,yolo11m.pt,bonnet
val,mtsd__train__PnYC1aAf8fusjbEHu20WQA.jpg,31,0.821,0.464844,0.586458,0.054687,0.069792,yolo11m.pt,stop sign
val,mtsd__train__prm8Rr9e17XTRx9NTHj0hA.jpg,14,0.583,0.500391,0.877083,0.996094,0.227083,yolo11m.pt,bonnet
val,mtsd__train__PUVD3slv-JKPon4kJfe2Aw.jpg,14,0.611,0.505078,0.932292,0.983594,0.116667,yolo11m.pt,bonnet
val,mtsd__train__PWgFsRF-DMFL6xYpBkHtEA.jpg,14,0.518,0.5,0.504297,1.0,0.991406,yolov8m-oiv7.pt,bonnet
val,mtsd__train__Q67wKwngdsJIi0mjFvjbGQ.jpg,14,0.853,0.5,0.860417,0.995313,0.258333,yolo11m.pt,bonnet
val,mtsd__train__qA9vOU-0mGnOXMZjSNQO4g.jpg,14,0.576,0.5,0.501563,1.0,0.996875,yolov8m-oiv7.pt,bonnet
val,mtsd__train__qapbJntLXYrJqlhxiG0-tA.jpg,14,0.553,0.491016,0.9125,0.978906,0.152778,yolo11m.pt,bonnet
val,mtsd__train__Qf7anzePKLhD__f7KkTlbQ.jpg,14,0.533,0.5,0.902778,0.996875,0.158333,yolo11m.pt,bonnet
val,mtsd__train__qHpZS46KADwWrDiJNsoGyQ.jpg,14,0.737,0.500391,0.914583,0.996094,0.15625,yolo11m.pt,bonnet
val,mtsd__train__qPLi73ZPVYkkr2-dzlAMww.jpg,14,0.896,0.501172,0.877083,0.992969,0.229167,yolo11m.pt,bonnet
val,mtsd__train__qPLi73ZPVYkkr2-dzlAMww.jpg,31,0.506,0.403906,0.486458,0.025,0.036458,yolo11m.pt,stop sign
val,mtsd__train__qRhtLeZ5JyZnJLxuF8liGw.jpg,14,0.555,0.500781,0.844444,0.995313,0.286111,yolo11m.pt,bonnet
val,mtsd__train__QsQcZpWWS-nCltYkFMBmNQ.jpg,14,0.698,0.508203,0.863972,0.982031,0.253125,yolo11m.pt,bonnet
val,mtsd__train__qUX4G-RQMqgSvB5p07zn7w.jpg,14,0.543,0.501172,0.497917,0.997656,0.995833,yolov8m-oiv7.pt,bonnet
val,mtsd__train__QyBAEZ1Q9wUGdoYvm8oE5A.jpg,31,0.582,0.046533,0.517708,0.033496,0.066667,yolo11m.pt,stop sign
val,mtsd__train__r2rQaG_Zwv1oeHkXnJTZhg.jpg,31,0.706,0.480469,0.673958,0.034375,0.051042,yolo11m.pt,stop sign
val,mtsd__train__rl49RGyT_zoUXXBmctQ4MA.jpg,14,0.674,0.413281,0.920833,0.823438,0.141667,yolo11m.pt,bonnet
val,mtsd__train__RmOfgMBpxsl98nDkiT5Egw.jpg,14,0.555,0.5,0.909722,0.996875,0.154167,yolo11m.pt,bonnet
val,mtsd__train__RMZlM6rk3XPTXI-QbbcttQ.jpg,14,0.842,0.646973,0.943489,0.70293,0.096354,yolo11m.pt,bonnet
val,mtsd__train__rpr7lQsORbQrhZ_XkpYsAQ.jpg,14,0.746,0.561328,0.853646,0.874219,0.276042,yolo11m.pt,bonnet
val,mtsd__train__rRPffXSpmOPgMm2l8rKSMg.jpg,14,0.861,0.500391,0.860417,0.996094,0.258333,yolo11m.pt,bonnet
val,mtsd__train__RT4G5z0CKVltYfT_UL_BeA.jpg,14,0.701,0.476563,0.89375,0.953125,0.19375,yolo11m.pt,bonnet
val,mtsd__train__RVVnJQBS7ERQWYxYPmIwnA.jpg,14,0.63,0.499219,0.880208,0.995313,0.21875,yolo11m.pt,bonnet
val,mtsd__train__s2lfsH2uiXuyBMBr8u9xNQ.jpg,14,0.607,0.500391,0.890625,0.996094,0.197917,yolo11m.pt,bonnet
val,mtsd__train__s3k4rk3b9G-0xQEdrP0GLw.jpg,14,0.696,0.499219,0.833854,0.996875,0.311458,yolo11m.pt,bonnet
val,mtsd__train__s3k4rk3b9G-0xQEdrP0GLw.jpg,14,0.669,0.500391,0.501042,0.999219,0.997917,yolov8m-oiv7.pt,bonnet
val,mtsd__train__S3tCZTz_kDN17V-rg2FXpQ.jpg,14,0.745,0.459766,0.918056,0.917969,0.141667,yolo11m.pt,bonnet
val,mtsd__train__S5wQ-rSlkYbneKe4tTiFJA.jpg,14,0.558,0.500391,0.716146,0.994531,0.540625,yolo11m.pt,bonnet
val,mtsd__train__s6zqewwerKhsn_rSP0PcFw.jpg,14,0.706,0.499609,0.922917,0.996094,0.135417,yolo11m.pt,bonnet
val,mtsd__train__S8uvDWf0EEiEfX93LA0L3A.jpg,14,0.523,0.5,0.8875,0.995313,0.202083,yolo11m.pt,bonnet
val,mtsd__train__S9b0ifaGr6c2eTJ1jXOY8g.jpg,14,0.674,0.5,0.885417,0.996875,0.20625,yolo11m.pt,bonnet
val,mtsd__train__Sdlw_tMBsWZ7mHqxKF8QJQ.jpg,14,0.633,0.5,0.852778,0.996875,0.270833,yolo11m.pt,bonnet
val,mtsd__train__Sdlw_tMBsWZ7mHqxKF8QJQ.jpg,14,0.535,0.5,0.500694,1.0,0.984722,yolov8m-oiv7.pt,bonnet
val,mtsd__train__sdYLTzI1iKAmZT32sQRQqA.jpg,14,0.839,0.499609,0.903125,0.996094,0.175,yolo11m.pt,bonnet
val,mtsd__train__SJ8bi3UyQLtAb3e39_CsMg.jpg,14,0.537,0.498437,0.497917,0.996875,0.990278,yolov8m-oiv7.pt,bonnet
val,mtsd__train__sUi2ItZx28jugQKLbM-H_A.jpg,14,0.766,0.416797,0.952083,0.832031,0.083333,yolo11m.pt,bonnet
val,mtsd__train__svsfSOuoltl_ZpCeoFCl0g.jpg,14,0.841,0.499219,0.880208,0.995313,0.21875,yolo11m.pt,bonnet
val,mtsd__train__Sx2EHgiWdK_3EN9ZSlyEQQ.jpg,31,0.662,0.535547,0.468229,0.028906,0.045833,yolo11m.pt,stop sign
val,mtsd__train__T1rGMKBtwpBMqNC0YeQSMA.jpg,14,0.708,0.5,0.825,0.996875,0.325,yolo11m.pt,bonnet
val,mtsd__train__T1rGMKBtwpBMqNC0YeQSMA.jpg,14,0.555,0.499609,0.501563,0.999219,0.996875,yolov8m-oiv7.pt,bonnet
val,mtsd__train__t2_kfXh8HldjjLpqkZqf9w.jpg,14,0.613,0.499219,0.885417,0.995313,0.210417,yolo11m.pt,bonnet
val,mtsd__train__TgbH4YQ_CBMqaRalri4tlw.jpg,14,0.669,0.532812,0.908073,0.929687,0.167188,yolo11m.pt,bonnet
val,mtsd__train__tgPdGRkXF5inTpEm1vfAMw.jpg,14,0.587,0.499219,0.917708,0.998437,0.147917,yolo11m.pt,bonnet
val,mtsd__train__tgPdGRkXF5inTpEm1vfAMw.jpg,14,0.502,0.5,0.499479,1.0,0.998958,yolov8m-oiv7.pt,bonnet
val,mtsd__train__tgRntnkP2kADjwmmwk6UKg.jpg,14,0.674,0.483594,0.908333,0.967188,0.166667,yolo11m.pt,bonnet
val,mtsd__train__thqtIWxCFe5TQ0rOmw9uSQ.jpg,14,0.551,0.499219,0.502474,0.998438,0.995052,yolov8m-oiv7.pt,bonnet
val,mtsd__train__tleIy0p76cMs0ge2qLR6RA.jpg,14,0.847,0.490527,0.927778,0.654883,0.127778,yolo11m.pt,bonnet
val,mtsd__train__TmzRkEb_xrkFDVVu_wqVIg.jpg,14,0.625,0.414453,0.927778,0.824219,0.127778,yolo11m.pt,bonnet
val,mtsd__train__U4famAXonLYtCZKrBokiiQ.jpg,31,0.672,0.553906,0.656771,0.010937,0.021875,yolo11m.pt,stop sign
val,mtsd__train__u4IONHijO6lteOeX8594AQ.jpg,14,0.595,0.307813,0.939583,0.610156,0.102083,yolo11m.pt,bonnet
val,mtsd__train__u8zokreVD48XCHFwkVaipA.jpg,31,0.587,0.507031,0.758519,0.014063,0.023704,yolo11m.pt,stop sign
val,mtsd__train__UBatuBoWul6PiLj5xu-RbQ.jpg,14,0.749,0.5,0.927344,0.996875,0.128646,yolo11m.pt,bonnet
val,mtsd__train__uFrFs2kNXzTCejx54XjVvQ.jpg,14,0.598,0.5,0.8125,0.996875,0.352778,yolo11m.pt,bonnet
val,mtsd__train__UICSlLIrvzgmYibj3ETWLQ.jpg,14,0.523,0.489844,0.896875,0.978125,0.179167,yolo11m.pt,bonnet
val,mtsd__train__ujncASuc4Al42oPqSdE8HQ.jpg,14,0.615,0.498437,0.938542,0.99375,0.102083,yolo11m.pt,bonnet
val,mtsd__train__UoQQ9kAJ8xgMH0dlMiGHEg.jpg,31,0.547,0.635938,0.349479,0.0125,0.018229,yolo11m.pt,stop sign
val,mtsd__train__upJfwZKoC5UVhWg2NpR4VA.jpg,14,0.672,0.500391,0.905208,0.997656,0.166667,yolo11m.pt,bonnet
val,mtsd__train__UthpoSrvXUJCA_MkmjepUA.jpg,14,0.635,0.499219,0.877083,0.995313,0.227083,yolo11m.pt,bonnet
val,mtsd__train__UZOxHXus0vlfrJ78GISfnQ.jpg,14,0.537,0.498828,0.504167,0.997656,0.991667,yolov8m-oiv7.pt,bonnet
val,mtsd__train__v6LCYFTzpdYZbtuhYSm1Kg.jpg,31,0.568,0.91875,0.652083,0.05625,0.065625,yolo11m.pt,stop sign
val,mtsd__train__V70ORukBRC_KqJDdtY3m_w.jpg,14,0.666,0.499219,0.925,0.998438,0.129167,yolo11m.pt,bonnet
val,mtsd__train__vd7FupE109Wo-30EQUklmA.jpg,14,0.545,0.500391,0.871875,0.996094,0.227083,yolo11m.pt,bonnet
val,mtsd__train__VDoP8KMcKGXseAnFN5Agkw.jpg,14,0.704,0.500781,0.930556,0.99375,0.116667,yolo11m.pt,bonnet
val,mtsd__train__VdSQd8zjbQTjflHB1zYU0A.jpg,14,0.688,0.499609,0.767708,0.997656,0.4375,yolo11m.pt,bonnet
val,mtsd__train__VHZIN5rI5OOao5GjGO6OAw.jpg,14,0.6,0.473438,0.927083,0.946875,0.125,yolo11m.pt,bonnet
val,mtsd__train__VI8ljHJs92QHHv0G5rLemQ.jpg,14,0.615,0.5,0.9375,0.996875,0.102083,yolo11m.pt,bonnet
val,mtsd__train__VpicGv5A3SOTUFxtnUs75Q.jpg,14,0.808,0.500391,0.859375,0.996094,0.258333,yolo11m.pt,bonnet
val,mtsd__train__vTTyr86ewwY1j9aRb5eIaw.jpg,14,0.543,0.500781,0.879167,0.995313,0.211111,yolo11m.pt,bonnet
val,mtsd__train__vWYOHx4MFlBGICsodNjFGg.jpg,14,0.648,0.5,0.809896,0.996875,0.357292,yolo11m.pt,bonnet
val,mtsd__train__W1R_b6Wz-_V0_JJsoma9Ug.jpg,31,0.589,0.578125,0.746875,0.013281,0.01875,yolo11m.pt,stop sign
val,mtsd__train__w7Jc1G28iuNouEHmFSCwjA.jpg,14,0.737,0.662598,0.960417,0.67168,0.066667,yolo11m.pt,bonnet
val,mtsd__train__Wetwo8-u-tXwUEno711LIA.jpg,14,0.518,0.498437,0.878247,0.996875,0.22865,yolo11m.pt,bonnet
val,mtsd__train__Wfx9p8aBN79LxqMV-yvs-A.jpg,14,0.541,0.495313,0.879688,0.9875,0.221875,yolo11m.pt,bonnet
val,mtsd__train__WIki4YhtzjL-ERryaUGdOQ.jpg,14,0.617,0.33418,0.916667,0.666016,0.152083,yolo11m.pt,bonnet
val,mtsd__train__WM1VAUwIjr_JYLh8dMfsEg.jpg,14,0.533,0.535156,0.944792,0.923437,0.091667,yolo11m.pt,bonnet
val,mtsd__train__wpT_HOBsmeoJ_JehPqR_rg.jpg,31,0.727,0.834375,0.439583,0.040625,0.091667,yolo11m.pt,stop sign
val,mtsd__train__WRBvVx2Byit5Uc5ZnSwflQ.jpg,31,0.703,0.13457,0.517708,0.012891,0.029167,yolo11m.pt,stop sign
val,mtsd__train__x9P467PXdlh0vAa-YOg4fQ.jpg,14,0.667,0.501172,0.914583,0.994531,0.154167,yolo11m.pt,bonnet
val,mtsd__train__x9P467PXdlh0vAa-YOg4fQ.jpg,14,0.595,0.499609,0.497917,0.999219,0.995833,yolov8m-oiv7.pt,bonnet
val,mtsd__train__XlyO9CtqXxS71lBaKZ07Rw.jpg,14,0.759,0.5,0.832292,0.996875,0.314583,yolo11m.pt,bonnet
val,mtsd__train__xNgI_bXcCbd2rqH9bySfJg.jpg,14,0.626,0.5,0.499479,1.0,0.998958,yolov8m-oiv7.pt,bonnet
val,mtsd__train__XP8ZHlY2FaNtW1je461AeQ.jpg,14,0.617,0.490625,0.95625,0.976562,0.070833,yolo11m.pt,bonnet
val,mtsd__train__xpZ9oaXwjVjES-ui_xNhRg.jpg,14,0.666,0.500391,0.911458,0.994531,0.1625,yolo11m.pt,bonnet
val,mtsd__train__XQluS2oE6iGRwk8pjK6zVQ.jpg,14,0.555,0.482031,0.894792,0.964063,0.208333,yolov8m-oiv7.pt,bonnet
val,mtsd__train__xRcG1W6Pz2Y3x2-4O6bYJw.jpg,14,0.681,0.461328,0.935417,0.914844,0.105556,yolo11m.pt,bonnet
val,mtsd__train__xs2P2rQzZTz5LgqLG0644A.jpg,14,0.541,0.495313,0.927083,0.9875,0.127083,yolo11m.pt,bonnet
val,mtsd__train__xx2wwgnAyMDjXqoeor2Tkw.jpg,14,0.879,0.533203,0.926042,0.786719,0.13125,yolo11m.pt,bonnet
val,mtsd__train__xZ6JEEGnhNmv9XlvgZDT5w.jpg,14,0.723,0.442188,0.938889,0.88125,0.1,yolo11m.pt,bonnet
val,mtsd__train__Y7o3cNE2BCuUD2ukzqCfsQ.jpg,14,0.512,0.5,0.498437,1.0,0.996875,yolov8m-oiv7.pt,bonnet
val,mtsd__train__Y_Q8RKIADy1bm4itH-DBxg.jpg,14,0.731,0.5,0.8875,0.995313,0.20625,yolo11m.pt,bonnet
val,mtsd__train__YaxZB2AOTklGiwlRLEa-fQ.jpg,14,0.63,0.5,0.935677,0.996875,0.111979,yolo11m.pt,bonnet
val,mtsd__train__YCHfxDIzWXxc81f_18FK2w.jpg,14,0.512,0.5,0.856944,0.996875,0.266667,yolo11m.pt,bonnet
val,mtsd__train__YCHfxDIzWXxc81f_18FK2w.jpg,14,0.504,0.500391,0.5,0.999219,0.988889,yolov8m-oiv7.pt,bonnet
val,mtsd__train__YDrkz0Y1oqaJxmuJS6-fLw.jpg,14,0.585,0.5,0.908854,0.996875,0.15625,yolo11m.pt,bonnet
val,mtsd__train__yH62fPCmEllyvD7RED75ng.jpg,31,0.766,0.262109,0.423905,0.023438,0.045715,yolo11m.pt,stop sign
val,mtsd__train__YL413-KI2Mfvh-MYwXufNQ.jpg,14,0.637,0.5,0.917317,0.99375,0.144344,yolo11m.pt,bonnet
val,mtsd__train__yV1xgoDlngJDFuuZLrwZyw.jpg,14,0.848,0.5,0.876042,0.996875,0.225,yolo11m.pt,bonnet
val,mtsd__train__yWMfSRZkvt0mWN5lXYfX2Q.jpg,14,0.504,0.5,0.879167,0.996875,0.220833,yolo11m.pt,bonnet
val,mtsd__train__yy7TqnLnuwrjoKDczHjsAQ.jpg,14,0.759,0.574609,0.93776,0.850781,0.107812,yolo11m.pt,bonnet
val,mtsd__train__ZBK9qc-nd-rwx53AGoml7w.jpg,14,0.84,0.5,0.500521,1.0,0.998958,yolov8m-oiv7.pt,bonnet
val,mtsd__train__zj3foQ6h6r5gQLFXnQhxPQ.jpg,31,0.6,0.99375,0.283447,0.010937,0.056898,yolo11m.pt,stop sign
val,mtsd__val__0i2bS9tvtuYxW6bwwrljrA.jpg,14,0.667,0.536719,0.940625,0.923437,0.104167,yolo11m.pt,bonnet
val,mtsd__val__0QVWSpopXAKm_KqytMIBVg.jpg,31,0.806,0.680469,0.369271,0.048437,0.044792,yolo11m.pt,stop sign
val,mtsd__val__1mEUvfUg6DXgO7QjRMPjFg.jpg,14,0.793,0.5,0.8625,0.996875,0.252083,yolo11m.pt,bonnet
val,mtsd__val__1xT4Df0ajssB0JlHKxHgtg.jpg,31,0.844,0.735938,0.302083,0.06875,0.096875,yolo11m.pt,stop sign
val,mtsd__val__2O6VdCoUedrVNeUkUcaOCw.jpg,14,0.547,0.5,0.501172,1.0,0.991406,yolov8m-oiv7.pt,bonnet
val,mtsd__val__4Yik20AxiRNtZL_z6E_byQ.jpg,14,0.874,0.5,0.867708,0.99375,0.24375,yolo11m.pt,bonnet
val,mtsd__val__52Elx3MYKfM09GP4-73Omg.jpg,14,0.529,0.5,0.820833,0.995313,0.333333,yolo11m.pt,bonnet
val,mtsd__val__6CeAUScHhPU6tQAQungutQ.jpg,14,0.604,0.507812,0.894444,0.98125,0.191667,yolo11m.pt,bonnet
val,mtsd__val__6O9VjFo59JJi1uagTyOGHw.jpg,14,0.598,0.498828,0.806944,0.996094,0.358333,yolo11m.pt,bonnet
val,mtsd__val___1_o9M4TMbl_pAx_XCIo4w.jpg,14,0.593,0.5,0.498913,1.0,0.997826,yolov8m-oiv7.pt,bonnet
val,mtsd__val___1_o9M4TMbl_pAx_XCIo4w.jpg,14,0.516,0.507812,0.831522,0.98125,0.313207,yolo11m.pt,bonnet
val,mtsd__val__AqOMfK53bh_RI3TJli3hKA.jpg,14,0.533,0.500781,0.938542,0.995312,0.10625,yolo11m.pt,bonnet
val,mtsd__val__aTXJBpTuBu2fxd5q9XdbSg.jpg,14,0.549,0.500391,0.500911,0.999219,0.99401,yolov8m-oiv7.pt,bonnet
val,mtsd__val__bYKP3fRqMWmeRLpCiE_5zQ.jpg,31,0.615,0.296875,0.470139,0.021094,0.044444,yolo11m.pt,stop sign
val,mtsd__val__CjhMFWfBw_FPGP4iRxBYAA.jpg,31,0.759,0.169922,0.645139,0.019922,0.080556,yolo11m.pt,stop sign
val,mtsd__val__DdtOY3UJoXEzQ5AiCwJwRw.jpg,14,0.641,0.499609,0.836979,0.994531,0.301042,yolo11m.pt,bonnet
val,mtsd__val__dquekiiunqupvXGM0ZLEbA.jpg,14,0.589,0.500391,0.923177,0.994531,0.141146,yolo11m.pt,bonnet
val,mtsd__val__ERpvJf9_srrH8GTDScotSA.jpg,14,0.56,0.482813,0.875,0.965625,0.23125,yolo11m.pt,bonnet
val,mtsd__val__EWpDKNQet8-KHa127lwP8g.jpg,14,0.504,0.5,0.500694,1.0,0.998611,yolov8m-oiv7.pt,bonnet
val,mtsd__val__fJaU2mz-oEkIwo5d7BTH7w.jpg,14,0.521,0.477344,0.95,0.951562,0.083333,yolo11m.pt,bonnet
val,mtsd__val__gixSRnefmNhcAimGfX_4nw.jpg,14,0.52,0.500391,0.497917,0.999219,0.995833,yolov8m-oiv7.pt,bonnet
val,mtsd__val__gWbJXefzQ87UX2coUriwWw.jpg,14,0.669,0.501563,0.842188,0.99375,0.278125,yolo11m.pt,bonnet
val,mtsd__val__i2Gd8t6rNPvADLQ99XUt2A.jpg,14,0.762,0.394141,0.922295,0.786719,0.136111,yolo11m.pt,bonnet
val,mtsd__val__IcA9wBATSVaxs9krbtEsiw.jpg,14,0.545,0.500391,0.869792,0.994531,0.239583,yolo11m.pt,bonnet
val,mtsd__val__jKV5ndti5GpauUkpmw5SfA.jpg,14,0.653,0.514063,0.858854,0.96875,0.267708,yolo11m.pt,bonnet
val,mtsd__val__jLqOpzr9zrzQ3rihaxiHHQ.jpg,14,0.758,0.603516,0.940625,0.786719,0.102083,yolo11m.pt,bonnet
val,mtsd__val__kU98itgq4WD37uXhcJ-FeA.jpg,14,0.543,0.500391,0.925781,0.996094,0.115885,yolo11m.pt,bonnet
val,mtsd__val__LfY9Gcwln6hINMqkqFuxvA.jpg,14,0.677,0.5,0.896354,0.995313,0.192708,yolo11m.pt,bonnet
val,mtsd__val__lopKTXsLQqUdsVt7B5fgbg.jpg,14,0.525,0.5,0.819792,0.995313,0.335417,yolo11m.pt,bonnet
val,mtsd__val__LT78qkQp8fDdVNS05CMJmA.jpg,14,0.611,0.510156,0.84538,0.976563,0.288261,yolo11m.pt,bonnet
val,mtsd__val__mkujGzmEXvCj671nSW8DKw.jpg,14,0.506,0.498437,0.919792,0.990625,0.1375,yolo11m.pt,bonnet
val,mtsd__val__MvpYfPA_WTOQKIcluYLxNw.jpg,14,0.621,0.439063,0.909722,0.873438,0.152778,yolo11m.pt,bonnet
val,mtsd__val__OkU7yIIH6Ffh-HpC50m21Q.jpg,14,0.82,0.582715,0.952083,0.69082,0.079167,yolo11m.pt,bonnet
val,mtsd__val__oVa-64SS-8kl8YRHVkA1bg.jpg,14,0.611,0.499219,0.889063,0.996875,0.201042,yolo11m.pt,bonnet
val,mtsd__val__PvrjfnNiuDpOyjZYJkmwiA.jpg,14,0.547,0.606641,0.938542,0.780469,0.104167,yolo11m.pt,bonnet
val,mtsd__val__pWqTwFtmORrN1Zfwk0PP6Q.jpg,14,0.628,0.5,0.498958,1.0,0.997917,yolov8m-oiv7.pt,bonnet
val,mtsd__val__PySaoH4P3QUMWRUgAHyFWQ.jpg,14,0.676,0.5,0.8625,0.995313,0.254167,yolo11m.pt,bonnet
val,mtsd__val__QUq975Uind5ez9giboKIZQ.jpg,14,0.6,0.494531,0.890104,0.989063,0.201042,yolo11m.pt,bonnet
val,mtsd__val__sqmMy4mH0POVz9UqipbSkw.jpg,14,0.698,0.43125,0.884375,0.860937,0.20625,yolo11m.pt,bonnet
val,mtsd__val__TfpLljuk4N6RWW5txHvD_Q.jpg,14,0.539,0.501953,0.501562,0.996094,0.986458,yolov8m-oiv7.pt,bonnet
val,mtsd__val__tJl3_O93VwTxVCYhJ5XOVQ.jpg,14,0.63,0.5,0.877604,0.996875,0.226042,yolo11m.pt,bonnet
val,mtsd__val__tJl3_O93VwTxVCYhJ5XOVQ.jpg,14,0.57,0.500391,0.501042,0.999219,0.99375,yolov8m-oiv7.pt,bonnet
val,mtsd__val__tn9oxs6_TG2sOiEbCWNHfw.jpg,14,0.639,0.500781,0.86875,0.995312,0.240278,yolo11m.pt,bonnet
val,mtsd__val__TzG-VykeVcxf6G-a1fNdYg.jpg,14,0.651,0.5,0.502083,1.0,0.990278,yolov8m-oiv7.pt,bonnet
val,mtsd__val__vgoU9kaSPiMsfNEp1np0JQ.jpg,14,0.613,0.339063,0.926389,0.675,0.127778,yolo11m.pt,bonnet
val,mtsd__val__yVz0zokWNMuO8JU5ti1kxg.jpg,14,0.715,0.5,0.9125,0.996875,0.15625,yolo11m.pt,bonnet
val,mtsd__val__ZOi-De_H5Fz9goYCB7ALSw.jpg,14,0.732,0.504687,0.8875,0.9875,0.205556,yolo11m.pt,bonnet
val,mtsd__val__ZYjYhxgWziePrK3YsOQFog.jpg,14,0.585,0.499219,0.93099,0.995313,0.113021,yolo11m.pt,bonnet
val,oiv7__train__0915b604ee8d7429.jpg,31,0.545,0.421973,0.519137,0.699805,0.780432,yolo11m.pt,stop sign
val,oiv7__train__0a9a674781a88bcc.jpg,31,0.518,0.488281,0.495346,0.025,0.049647,yolo11m.pt,stop sign
val,oiv7__train__1386b8905bfd9a4f.jpg,31,0.808,0.358203,0.330103,0.035156,0.037592,yolo11m.pt,stop sign
val,oiv7__train__15ad958ee7002b88.jpg,31,0.866,0.859375,0.436896,0.065625,0.099561,yolo11m.pt,stop sign
val,oiv7__train__16b4491ac00ebe23.jpg,31,0.84,0.430859,0.171125,0.166406,0.304559,yolo11m.pt,stop sign
val,oiv7__train__19e2ba53d3c11691.jpg,31,0.809,0.3,0.546999,0.025781,0.038653,yolo11m.pt,stop sign
val,oiv7__train__19e9d7e92e50e4b1.jpg,31,0.919,0.795313,0.366184,0.060938,0.237681,yolo11m.pt,stop sign
val,oiv7__train__25f868f327526cd4.jpg,31,0.804,0.485547,0.49772,0.530469,0.895114,yolo11m.pt,stop sign
val,oiv7__train__2abfc083b71687b7.jpg,31,0.811,0.436719,0.31875,0.054688,0.085417,yolo11m.pt,stop sign
val,oiv7__train__307254fc40155656.jpg,31,0.658,0.695312,0.667739,0.235937,0.221106,yolo11m.pt,stop sign
val,oiv7__train__310cd78fb9fe6663.jpg,31,0.827,0.127441,0.706158,0.04375,0.058651,yolo11m.pt,stop sign
val,oiv7__train__331f0c113e30add5.jpg,31,0.593,0.36582,0.320833,0.137891,0.185417,yolo11m.pt,stop sign
val,oiv7__train__3612e6b87d80825d.jpg,31,0.821,0.295703,0.473958,0.028906,0.058333,yolo11m.pt,stop sign
val,oiv7__train__3bf276d2b52df4f1.jpg,31,0.857,0.945312,0.892188,0.0375,0.069792,yolo11m.pt,stop sign
val,oiv7__train__3d78da4912c08aa0.jpg,31,0.623,0.385742,0.7375,0.030859,0.066667,yolo11m.pt,stop sign
val,oiv7__train__40a4b16fbd7e56a0.jpg,31,0.6,0.173828,0.588304,0.034375,0.077193,yolo11m.pt,stop sign
val,oiv7__train__40cfe5a17df7dab1.jpg,31,0.817,0.577344,0.257391,0.11875,0.238841,yolo11m.pt,stop sign
val,oiv7__train__5f7c61f9d3e94081.jpg,31,0.619,0.642187,0.025,0.042188,0.048049,yolo11m.pt,stop sign
val,oiv7__train__5fe7c614fa212238.jpg,31,0.583,0.165137,0.863736,0.013281,0.036264,yolo11m.pt,stop sign
val,oiv7__train__645e59635f30574c.jpg,31,0.835,0.398438,0.727083,0.052344,0.077083,yolo11m.pt,stop sign
val,oiv7__train__790ba349d68ae888.jpg,31,0.737,0.2875,0.585949,0.033203,0.047833,yolo11m.pt,stop sign
val,oiv7__train__7aea133357764c2a.jpg,31,0.926,0.285938,0.271628,0.090625,0.172403,yolo11m.pt,stop sign
val,oiv7__train__7aea133357764c2a.jpg,31,0.876,0.776563,0.244961,0.044531,0.094264,yolo11m.pt,stop sign
val,oiv7__train__834f901e3e8e65c0.jpg,31,0.802,0.96875,0.541728,0.060938,0.093704,yolo11m.pt,stop sign
val,oiv7__train__8691fe5130995fa1.jpg,31,0.864,0.973438,0.390625,0.053125,0.088542,yolo11m.pt,stop sign
val,oiv7__train__8772f77275d37e24.jpg,31,0.604,0.934375,0.75625,0.057813,0.1125,yolo11m.pt,stop sign
val,oiv7__train__94dc0f2b11688cc4.jpg,31,0.864,0.319336,0.55754,0.185547,0.264715,yolo11m.pt,stop sign
val,oiv7__train__b107ab4a4fbe46a7.jpg,31,0.587,0.525781,0.658333,0.045313,0.089583,yolo11m.pt,stop sign
val,oiv7__train__ba92dc0b956ac7e2.jpg,31,0.725,0.169116,0.656779,0.182471,0.293859,yolo11m.pt,stop sign
val,oiv7__train__c63037e80e6d07c5.jpg,31,0.508,0.921875,0.492188,0.028125,0.029687,yolo11m.pt,stop sign
val,oiv7__train__ce928ce17a920238.jpg,31,0.935,0.884375,0.299608,0.084375,0.122353,yolo11m.pt,stop sign
val,oiv7__train__ee691c912c8ac20d.jpg,31,0.905,0.645312,0.269792,0.050781,0.066667,yolo11m.pt,stop sign
val,oiv7__train__fbb15a51d6a3746c.jpg,31,0.817,0.436328,0.442353,0.173438,0.265882,yolo11m.pt,stop sign
val,rf_bump2__test__G0011619_JPG.rf.612f2c923331d814a9c7da81aa3e613e.jpg,31,0.799,0.425391,0.407813,0.020312,0.027083,yolo11m.pt,stop sign
val,rf_bump2__train__G0010759_JPG.rf.ea9ce0fd8eb8798b2f020005d2330320.jpg,31,0.796,0.95625,0.367188,0.034375,0.05,yolo11m.pt,stop sign
val,rf_bump2__train__G0052119_JPG.rf.df77844094ba9d578e40e0c9d45a2858.jpg,31,0.895,0.019946,0.339844,0.039746,0.086979,yolo11m.pt,stop sign
val,rf_escooter__train__260_jpg.rf.3f0799c6972f2e132589d90950c2c462.jpg,31,0.833,0.271875,0.328125,0.04375,0.058594,yolo11m.pt,stop sign
val,rf_obstacle__test__img-2311_jpg.rf.1dbd0cbf5cf739dcc9f84d938409a890.jpg,31,0.732,0.3875,0.4125,0.122656,0.155208,yolo11m.pt,stop sign
val,rf_obstacle__train__20230604_173445_jpg.rf.7ccbc298969ed7ce668a521b18afde38.jpg,31,0.651,0.225195,0.589062,0.082422,0.098958,yolo11m.pt,stop sign
val,rf_obstacle__train__24602_jpg.rf.be338cc266a478dede9d2d900de55b6e.jpg,31,0.909,0.860156,0.289486,0.092188,0.128722,yolo11m.pt,stop sign
val,rf_obstacle__train__91eda5b26cdf48957aee8743509259b2_jpg.rf.ca3e1ecdcacf285cd94dc0699a9acdec.jpg,31,0.558,0.195975,0.603906,0.038842,0.05,yolo11m.pt,stop sign
val,rf_obstacle__train__image23_jpg.rf.63716db831501ed998d40b4e481e1157.jpg,31,0.547,0.057959,0.553125,0.030957,0.09,yolo11m.pt,stop sign
val,rf_obstacle__train__IMG-20230703-WA0006_jpg.rf.cc8a1cfbca981c2f43001c63ae7cc974.jpg,31,0.821,0.222917,0.614063,0.063542,0.064063,yolo11m.pt,stop sign
val,rf_obstacle__train__n02087394_4364_jpg.rf.575cd76cb6eccd99aa538afc15282629.jpg,31,0.609,0.087354,0.85625,0.022266,0.039583,yolo11m.pt,stop sign
val,rf_obstacle__train__road272_png.rf.6c13e288fef5afa738e92bb3029c23e5.jpg,31,0.848,0.469792,0.490234,0.11875,0.096094,yolo11m.pt,stop sign
val,vistas__train__0LB-tbw_zLCTL3B3RjcBiQ.jpg,31,0.63,0.671875,0.476042,0.014844,0.05,yolo11m.pt,stop sign
val,vistas__train__gZcBxlYXzMTXB-9cwrRiig.jpg,31,0.67,0.745313,0.372786,0.014062,0.05026,yolo11m.pt,stop sign
val,vistas__train__HOGcw9jb9xwdEI9G_stvFQ.jpg,31,0.903,0.832031,0.429167,0.065625,0.102083,yolo11m.pt,stop sign
val,vistas__train__j6pyrfPrbne9l2qJ_0UwFw.jpg,31,0.529,0.571875,0.586806,0.0125,0.023611,yolo11m.pt,stop sign
val,vistas__train__U4famAXonLYtCZKrBokiiQ.jpg,31,0.686,0.553906,0.656771,0.010937,0.021875,yolo11m.pt,stop sign
val,vistas__train__V7PFiqTCqsXMmSZri13X0Q.jpg,31,0.737,0.241602,0.701563,0.023438,0.064583,yolo11m.pt,stop sign
val,vistas__train__W1R_b6Wz-_V0_JJsoma9Ug.jpg,31,0.598,0.578125,0.746875,0.0125,0.01875,yolo11m.pt,stop sign
val,vistas__val__8M85EH_RusWxx_8vELahpA.jpg,31,0.669,0.277344,0.520833,0.01875,0.039583,yolo11m.pt,stop sign
