host_ns,esp_ms,fwd_mm,down_mm,fwd_ok,down_ok,ground_mm
6761495480271,2092145,91,-1,1,0,-1
6761495511438,2092145,91,-1,1,0,-1
6761495555697,2092145,91,-1,1,0,-1
6761495555697,2092145,91,-1,1,0,-1
6761495596864,2092145,91,-1,1,0,-1
6761495645086,2092145,91,-1,1,0,-1
6761495645086,2092145,91,-1,1,0,-1
6761495665216,2092145,91,-1,1,0,-1
6761495722697,2092145,91,-1,1,0,-1
6761495722697,2092145,91,-1,1,0,-1
6761495761975,2092145,91,-1,1,0,-1
6761495809420,2092145,91,-1,1,0,-1
6761495809420,2092145,91,-1,1,0,-1
6761495850012,2092145,91,-1,1,0,-1
6761495898660,2092145,91,-1,1,0,-1
6761495898660,2092145,91,-1,1,0,-1
6761495937975,2092145,91,-1,1,0,-1
6761495982383,2092145,91,-1,1,0,-1
6761496043679,2092145,91,-1,1,0,-1
6761496043679,2092145,91,-1,1,0,-1
6761496060753,2092145,91,-1,1,0,-1
6761496116012,2092145,91,-1,1,0,-1
6761496163697,2092145,91,-1,1,0,-1
6761496163697,2092145,91,-1,1,0,-1
6761496204012,2092145,91,-1,1,0,-1
6761496252957,2092145,91,-1,1,0,-1
6761496252957,2092145,91,-1,1,0,-1
6761496351771,2092145,91,-1,1,0,-1
6761496400401,2092145,91,-1,1,0,-1
6761496400401,2092145,91,-1,1,0,-1
6761496440401,2092145,91,-1,1,0,-1
6761496488475,2092145,91,-1,1,0,-1
6761496488475,2092145,91,-1,1,0,-1
6761496528586,2092145,91,-1,1,0,-1
6761496572660,2092145,91,-1,1,0,-1
6761496621290,2092145,91,-1,1,0,-1
6761496621290,2092145,91,-1,1,0,-1
6761496661456,2092145,91,-1,1,0,-1
6761496705882,2092145,91,-1,1,0,-1
6761496754068,2092145,91,-1,1,0,-1
6761496754068,2092145,91,-1,1,0,-1
6761496794142,2092145,91,-1,1,0,-1
6761496838216,2092145,91,-1,1,0,-1
6761496886697,2092145,91,-1,1,0,-1
6761496886697,2092145,91,-1,1,0,-1
6761496927012,2092145,91,-1,1,0,-1
6761496971197,2092145,91,-1,1,0,-1
6761497019993,2092145,91,-1,1,0,-1
6761497019993,2092145,91,-1,1,0,-1
6761497059605,2092145,91,-1,1,0,-1
6761497103530,2092145,91,-1,1,0,-1
6761497152105,2092145,91,-1,1,0,-1
6761497152105,2092145,91,-1,1,0,-1
6761497192586,2092145,91,-1,1,0,-1
6761497241382,2092145,91,-1,1,0,-1
6761497241382,2092145,91,-1,1,0,-1
6761497351104,2092145,91,-1,1,0,-1
6761497399882,2092145,91,-1,1,0,-1
6761497399882,2092145,91,-1,1,0,-1
6761497440512,2092145,91,-1,1,0,-1
6761497488345,2092145,91,-1,1,0,-1
6761497488345,2092145,91,-1,1,0,-1
6761497528549,2092145,91,-1,1,0,-1
6761497572808,2092145,91,-1,1,0,-1
6761497621012,2092145,91,-1,1,0,-1
6761497621012,2092145,91,-1,1,0,-1
6761497661308,2092145,91,-1,1,0,-1
6761497705401,2092145,91,-1,1,0,-1
6761497754197,2092145,91,-1,1,0,-1
6761497754197,2092145,91,-1,1,0,-1
6761497794345,2092145,91,-1,1,0,-1
6761497838845,2092145,91,-1,1,0,-1
6761497886864,2092145,91,-1,1,0,-1
6761497886864,2092145,91,-1,1,0,-1
6761497926956,2092145,91,-1,1,0,-1
6761497970993,2092145,91,-1,1,0,-1
6761498019660,2092145,91,-1,1,0,-1
6761498019660,2092145,91,-1,1,0,-1
6761498059882,2092145,91,-1,1,0,-1
6761498104123,2092145,91,-1,1,0,-1
6761498152789,2092145,91,-1,1,0,-1
6761498152789,2092145,91,-1,1,0,-1
6761498192438,2092145,91,-1,1,0,-1
6761498237030,2092145,91,-1,1,0,-1
6761498281882,2092145,91,-1,1,0,-1
6761498351845,2092145,91,-1,1,0,-1
6761498395919,2092145,91,-1,1,0,-1
6761498444604,2092145,91,-1,1,0,-1
6761498444604,2092145,91,-1,1,0,-1
6761498485382,2092145,91,-1,1,0,-1
6761498528475,2092145,91,-1,1,0,-1
6761498578178,2092145,91,-1,1,0,-1
6761498578178,2092145,91,-1,1,0,-1
6761498617271,2092145,91,-1,1,0,-1
6761498661549,2092145,91,-1,1,0,-1
6761498709919,2092145,91,-1,1,0,-1
6761498709919,2092145,91,-1,1,0,-1
6761498750012,2092145,91,-1,1,0,-1
6761498794400,2092145,91,-1,1,0,-1
6761498842512,2092145,91,-1,1,0,-1
6761498842512,2092145,91,-1,1,0,-1
6761498882697,2092145,91,-1,1,0,-1
6761498926993,2092145,91,-1,1,0,-1
6761498975308,2092145,91,-1,1,0,-1
6761498975308,2092145,91,-1,1,0,-1
6761499015437,2092145,91,-1,1,0,-1
6761499059678,2092145,91,-1,1,0,-1
6761499108400,2092145,91,-1,1,0,-1
6761499108400,2092145,91,-1,1,0,-1
6761499148474,2092145,91,-1,1,0,-1
6761499192789,2092145,91,-1,1,0,-1
6761499240845,2092145,91,-1,1,0,-1
6761499240845,2092145,91,-1,1,0,-1
6761499351752,2092145,91,-1,1,0,-1
6761499399826,2092145,91,-1,1,0,-1
6761499399826,2092145,91,-1,1,0,-1
6761499440197,2092145,91,-1,1,0,-1
6761499484419,2092145,91,-1,1,0,-1
6761499533252,2092145,91,-1,1,0,-1
6761499533252,2092145,91,-1,1,0,-1
6761499572956,2092145,91,-1,1,0,-1
6761499616956,2092145,91,-1,1,0,-1
6761499665067,2092145,91,-1,1,0,-1
6761499665067,2092145,91,-1,1,0,-1
6761499705623,2092145,91,-1,1,0,-1
6761499749530,2092145,91,-1,1,0,-1
6761499798197,2092145,91,-1,1,0,-1
6761499798197,2092145,91,-1,1,0,-1
6761499838604,2092145,91,-1,1,0,-1
6761499882808,2092145,91,-1,1,0,-1
6761499930993,2092145,91,-1,1,0,-1
6761499930993,2092145,91,-1,1,0,-1
6761499971104,2092145,91,-1,1,0,-1
6761500022660,2092145,91,-1,1,0,-1
6761500065456,2092145,91,-1,1,0,-1
6761500065456,2092145,91,-1,1,0,-1
6761500104326,2092145,91,-1,1,0,-1
6761500148567,2092145,91,-1,1,0,-1
6761500196659,2092145,91,-1,1,0,-1
6761500196659,2092145,91,-1,1,0,-1
6761500237141,2092145,91,-1,1,0,-1
6761500281585,2092145,91,-1,1,0,-1
6761500351863,2092145,91,-1,1,0,-1
6761500396308,2092145,91,-1,1,0,-1
6761500444789,2092145,91,-1,1,0,-1
6761500444789,2092145,91,-1,1,0,-1
6761500485141,2092145,91,-1,1,0,-1
6761500529678,2092145,91,-1,1,0,-1
6761500577882,2092145,91,-1,1,0,-1
6761500577882,2092145,91,-1,1,0,-1
6761500720678,2092145,91,-1,1,0,-1
6761500720678,2092145,91,-1,1,0,-1
6761500720678,2092145,91,-1,1,0,-1
6761500720678,2092145,91,-1,1,0,-1
6761500743937,2092145,91,-1,1,0,-1
6761500809456,2092145,91,-1,1,0,-1
6761500844030,2092145,91,-1,1,0,-1
6761500844030,2092145,91,-1,1,0,-1
6761500883678,2092145,91,-1,1,0,-1
6761500928067,2092145,91,-1,1,0,-1
6761500975919,2092145,91,-1,1,0,-1
6761500975919,2092145,91,-1,1,0,-1
6761501016307,2092145,91,-1,1,0,-1
6761501060419,2092145,91,-1,1,0,-1
6761501108678,2092145,91,-1,1,0,-1
6761501108678,2092145,91,-1,1,0,-1
6761501149363,2092145,91,-1,1,0,-1
6761501193159,2092145,91,-1,1,0,-1
6761501241419,2092145,91,-1,1,0,-1
6761501241419,2092145,91,-1,1,0,-1
6761501351956,2092145,91,-1,1,0,-1
6761501399956,2092145,91,-1,1,0,-1
6761501399956,2092145,91,-1,1,0,-1
6761501440567,2092145,91,-1,1,0,-1
6761501488789,2092145,91,-1,1,0,-1
6761501488789,2092145,91,-1,1,0,-1
6761501528696,2092145,91,-1,1,0,-1
6761501573770,2092145,91,-1,1,0,-1
6761501621474,2092145,91,-1,1,0,-1
6761501621474,2092145,91,-1,1,0,-1
6761501661289,2092145,91,-1,1,0,-1
6761501705567,2092145,91,-1,1,0,-1
6761501753696,2092145,91,-1,1,0,-1
6761501753696,2092145,91,-1,1,0,-1
6761501794307,2092145,91,-1,1,0,-1
6761501842363,2092145,91,-1,1,0,-1
6761501842363,2092145,91,-1,1,0,-1
6761501882918,2092145,91,-1,1,0,-1
6761501926715,2092145,91,-1,1,0,-1
6761501975381,2092145,91,-1,1,0,-1
6761501975381,2092145,91,-1,1,0,-1
6761502015529,2092145,91,-1,1,0,-1
6761502059567,2092145,91,-1,1,0,-1
6761502108159,2092145,91,-1,1,0,-1
6761502108159,2092145,91,-1,1,0,-1
6761502149048,2092145,91,-1,1,0,-1
6761502192474,2092145,91,-1,1,0,-1
6761502240659,2092145,91,-1,1,0,-1
6761502240659,2092145,91,-1,1,0,-1
6761502352215,2092145,91,-1,1,0,-1
6761502399974,2092145,91,-1,1,0,-1
6761502399974,2092145,91,-1,1,0,-1
6761502440492,2092145,91,-1,1,0,-1
6761502485159,2092145,91,-1,1,0,-1
6761502533122,2092145,91,-1,1,0,-1
6761502533122,2092145,91,-1,1,0,-1
6761502573066,2092145,91,-1,1,0,-1
6761502617270,2092145,91,-1,1,0,-1
6761502665789,2092145,91,-1,1,0,-1
6761502665789,2092145,91,-1,1,0,-1
6761502705733,2092145,91,-1,1,0,-1
6761502750215,2092145,91,-1,1,0,-1
6761502798029,2092145,91,-1,1,0,-1
6761502798029,2092145,91,-1,1,0,-1
6761502838752,2092145,91,-1,1,0,-1
6761502882752,2092145,91,-1,1,0,-1
6761502930770,2092145,91,-1,1,0,-1
6761502930770,2092145,91,-1,1,0,-1
6761502971640,2092145,91,-1,1,0,-1
6761503019770,2092145,91,-1,1,0,-1
6761503019770,2092145,91,-1,1,0,-1
6761503060103,2092145,91,-1,1,0,-1
6761503104214,2092145,91,-1,1,0,-1
6761503152511,2092145,91,-1,1,0,-1
6761503152511,2092145,91,-1,1,0,-1
6761503193011,2092145,91,-1,1,0,-1
6761503236585,2092145,91,-1,1,0,-1
6761503281177,2092145,91,-1,1,0,-1
6761503351640,2092145,91,-1,1,0,-1
6761503396529,2092145,91,-1,1,0,-1
6761503444418,2092145,91,-1,1,0,-1
6761503444418,2092145,91,-1,1,0,-1
6761503485011,2092145,91,-1,1,0,-1
6761503533418,2092145,91,-1,1,0,-1
6761503533418,2092145,91,-1,1,0,-1
6761503573622,2092145,91,-1,1,0,-1
6761503617881,2092145,91,-1,1,0,-1
6761503666196,2092145,91,-1,1,0,-1
6761503666196,2092145,91,-1,1,0,-1
6761503705992,2092145,91,-1,1,0,-1
6761503750659,2092145,91,-1,1,0,-1
6761503798585,2092145,91,-1,1,0,-1
6761503798585,2092145,91,-1,1,0,-1
6761503838862,2092145,91,-1,1,0,-1
6761503883177,2092145,91,-1,1,0,-1
6761503931381,2092145,91,-1,1,0,-1
6761503931381,2092145,91,-1,1,0,-1
6761503971640,2092145,91,-1,1,0,-1
6761504024862,2092145,91,-1,1,0,-1
6761504024862,2092145,91,-1,1,0,-1
6761504061381,2092145,91,-1,1,0,-1
6761504108936,2092145,91,-1,1,0,-1
6761504108936,2092145,91,-1,1,0,-1
6761504148714,2092145,91,-1,1,0,-1
6761504197307,2092145,91,-1,1,0,-1
6761504197307,2092145,91,-1,1,0,-1
6761504237381,2092145,91,-1,1,0,-1
6761504281936,2092145,91,-1,1,0,-1
6761504352140,2092145,91,-1,1,0,-1
6761504396399,2092145,91,-1,1,0,-1
6761504444548,2092145,91,-1,1,0,-1
6761504444548,2092145,91,-1,1,0,-1
6761504484807,2092145,91,-1,1,0,-1
6761504529010,2092145,91,-1,1,0,-1
6761504577344,2092145,91,-1,1,0,-1
6761504577344,2092145,91,-1,1,0,-1
6761504617381,2092145,91,-1,1,0,-1
6761504661973,2092145,91,-1,1,0,-1
6761504710085,2092145,91,-1,1,0,-1
6761504710085,2092145,91,-1,1,0,-1
6761504749992,2092145,91,-1,1,0,-1
6761504795307,2092145,91,-1,1,0,-1
6761504842862,2092145,91,-1,1,0,-1
6761504842862,2092145,91,-1,1,0,-1
6761504883196,2092145,91,-1,1,0,-1
6761504927622,2092145,91,-1,1,0,-1
6761504975381,2092145,91,-1,1,0,-1
6761504975381,2092145,91,-1,1,0,-1
6761505015770,2092145,91,-1,1,0,-1
6761505059659,2092145,91,-1,1,0,-1
6761505108103,2092145,91,-1,1,0,-1
6761505108103,2092145,91,-1,1,0,-1
6761505148140,2092145,91,-1,1,0,-1
6761505192714,2092145,91,-1,1,0,-1
6761505241047,2092145,91,-1,1,0,-1
6761505241047,2092145,91,-1,1,0,-1
6761505351677,2092145,91,-1,1,0,-1
6761505399881,2092145,91,-1,1,0,-1
6761505399881,2092145,91,-1,1,0,-1
6761505440399,2092145,91,-1,1,0,-1
6761505488695,2092145,91,-1,1,0,-1
6761505488695,2092145,91,-1,1,0,-1
6761505529103,2092145,91,-1,1,0,-1
6761505577344,2092145,91,-1,1,0,-1
6761505577344,2092145,91,-1,1,0,-1
6761505617955,2092145,91,-1,1,0,-1
6761505666140,2092145,91,-1,1,0,-1
6761505666140,2092145,91,-1,1,0,-1
6761505706047,2092145,91,-1,1,0,-1
6761505750084,2092145,91,-1,1,0,-1
6761505798584,2092145,91,-1,1,0,-1
6761505798584,2092145,91,-1,1,0,-1
6761505839214,2092145,91,-1,1,0,-1
6761505882844,2092145,91,-1,1,0,-1
6761505931010,2092145,91,-1,1,0,-1
6761505931010,2092145,91,-1,1,0,-1
6761505971973,2092145,91,-1,1,0,-1
6761506019566,2092145,91,-1,1,0,-1
6761506019566,2092145,91,-1,1,0,-1
6761506060140,2092145,91,-1,1,0,-1
6761506108103,2092145,91,-1,1,0,-1
6761506108103,2092145,91,-1,1,0,-1
6761506148510,2092145,91,-1,1,0,-1
6761506196769,2092145,91,-1,1,0,-1
6761506196769,2092145,91,-1,1,0,-1
6761506237343,2092145,91,-1,1,0,-1
6761506281621,2092145,91,-1,1,0,-1
6761506352214,2092145,91,-1,1,0,-1
6761506396640,2092145,91,-1,1,0,-1
6761506444788,2092145,91,-1,1,0,-1
6761506444788,2092145,91,-1,1,0,-1
6761506485047,2092145,91,-1,1,0,-1
6761506529603,2092145,91,-1,1,0,-1
6761506577510,2092145,91,-1,1,0,-1
6761506577510,2092145,91,-1,1,0,-1
6761506618084,2092145,91,-1,1,0,-1
6761506662436,2092145,91,-1,1,0,-1
6761506710417,2092145,91,-1,1,0,-1
6761506710417,2092145,91,-1,1,0,-1
6761506750492,2092145,91,-1,1,0,-1
6761506794843,2092145,91,-1,1,0,-1
6761506842917,2092145,91,-1,1,0,-1
6761506842917,2092145,91,-1,1,0,-1
6761506883769,2092145,91,-1,1,0,-1
6761506927621,2092145,91,-1,1,0,-1
6761506976047,2092145,91,-1,1,0,-1
6761506976047,2092145,91,-1,1,0,-1
6761507016214,2092145,91,-1,1,0,-1
6761507060158,2092145,91,-1,1,0,-1
6761507108269,2092145,91,-1,1,0,-1
6761507108269,2092145,91,-1,1,0,-1
6761507149195,2092145,91,-1,1,0,-1
6761507197343,2092145,91,-1,1,0,-1
6761507197343,2092145,91,-1,1,0,-1
6761507237343,2092145,91,-1,1,0,-1
6761507281417,2092145,91,-1,1,0,-1
6761507352325,2092145,91,-1,1,0,-1
6761507396565,2092145,91,-1,1,0,-1
6761507444936,2092145,91,-1,1,0,-1
6761507444936,2092145,91,-1,1,0,-1
6761507485658,2092145,91,-1,1,0,-1
6761507529602,2092145,91,-1,1,0,-1
6761507577732,2092145,91,-1,1,0,-1
6761507577732,2092145,91,-1,1,0,-1
6761507618084,2092145,91,-1,1,0,-1
6761507666177,2092145,91,-1,1,0,-1
6761507666177,2092145,91,-1,1,0,-1
6761507706677,2092145,91,-1,1,0,-1
6761507754899,2092145,91,-1,1,0,-1
6761507754899,2092145,91,-1,1,0,-1
6761507794954,2092145,91,-1,1,0,-1
6761507843325,2092145,91,-1,1,0,-1
6761507843325,2092145,91,-1,1,0,-1
6761507883510,2092145,91,-1,1,0,-1
6761507928343,2092145,91,-1,1,0,-1
6761507975917,2092145,91,-1,1,0,-1
6761507975917,2092145,91,-1,1,0,-1
6761508020491,2092145,91,-1,1,0,-1
6761508061862,2092145,91,-1,1,0,-1
6761508109028,2092145,91,-1,1,0,-1
6761508109028,2092145,91,-1,1,0,-1
6761508149232,2092145,91,-1,1,0,-1
6761508197584,2092145,91,-1,1,0,-1
6761508197584,2092145,91,-1,1,0,-1
6761508238825,2092145,91,-1,1,0,-1
6761508282325,2092145,91,-1,1,0,-1
6761508352010,2092145,91,-1,1,0,-1
6761508396343,2092145,91,-1,1,0,-1
6761508444806,2092145,91,-1,1,0,-1
6761508444806,2092145,91,-1,1,0,-1
6761508484862,2092145,91,-1,1,0,-1
6761508529287,2092145,91,-1,1,0,-1
6761508576899,2092145,91,-1,1,0,-1
6761508576899,2092145,91,-1,1,0,-1
6761508618047,2092145,91,-1,1,0,-1
6761508665510,2092145,91,-1,1,0,-1
6761508665510,2092145,91,-1,1,0,-1
6761508706213,2092145,91,-1,1,0,-1
6761508750732,2092145,91,-1,1,0,-1
6761508798584,2092145,91,-1,1,0,-1
6761508798584,2092145,91,-1,1,0,-1
6761508838787,2092145,91,-1,1,0,-1
6761508887250,2092145,91,-1,1,0,-1
6761508887250,2092145,91,-1,1,0,-1
6761508927380,2092145,91,-1,1,0,-1
6761508972676,2092145,91,-1,1,0,-1
6761509020010,2092145,91,-1,1,0,-1
6761509020010,2092145,91,-1,1,0,-1
6761509060398,2092145,91,-1,1,0,-1
6761509104510,2092145,91,-1,1,0,-1
6761509152658,2092145,91,-1,1,0,-1
6761509152658,2092145,91,-1,1,0,-1
6761509193528,2092145,91,-1,1,0,-1
6761509237695,2092145,91,-1,1,0,-1
6761509282102,2092145,91,-1,1,0,-1
6761509352380,2092145,91,-1,1,0,-1
6761509396584,2092145,91,-1,1,0,-1
6761509445065,2092145,91,-1,1,0,-1
6761509445065,2092145,91,-1,1,0,-1
6761509484750,2092145,91,-1,1,0,-1
6761509529158,2092145,91,-1,1,0,-1
6761509577658,2092145,91,-1,1,0,-1
6761509577658,2092145,91,-1,1,0,-1
6761509617769,2092145,91,-1,1,0,-1
6761509662454,2092145,91,-1,1,0,-1
6761509710380,2092145,91,-1,1,0,-1
6761509710380,2092145,91,-1,1,0,-1
6761509750528,2092145,91,-1,1,0,-1
6761509794843,2092145,91,-1,1,0,-1
6761509843065,2092145,91,-1,1,0,-1
6761509843065,2092145,91,-1,1,0,-1
6761509883343,2092145,91,-1,1,0,-1
6761509927546,2092145,91,-1,1,0,-1
6761509975861,2092145,91,-1,1,0,-1
6761509975861,2092145,91,-1,1,0,-1
6761510016176,2092145,91,-1,1,0,-1
6761510060454,2092145,91,-1,1,0,-1
6761510108435,2092145,91,-1,1,0,-1
6761510108435,2092145,91,-1,1,0,-1
6761510149028,2092145,91,-1,1,0,-1
6761510193028,2092145,91,-1,1,0,-1
6761510241491,2092145,91,-1,1,0,-1
6761510241491,2092145,91,-1,1,0,-1
6761510352658,2092145,91,-1,1,0,-1
6761510401213,2092145,91,-1,1,0,-1
6761510401213,2092145,91,-1,1,0,-1
6761510441472,2092145,91,-1,1,0,-1
6761510485454,2092145,91,-1,1,0,-1
6761510533528,2092145,91,-1,1,0,-1
6761510533528,2092145,91,-1,1,0,-1
6761510573898,2092145,91,-1,1,0,-1
6761510618194,2092145,91,-1,1,0,-1
6761510666620,2092145,91,-1,1,0,-1
6761510666620,2092145,91,-1,1,0,-1
6761510706583,2092145,91,-1,1,0,-1
6761510750657,2092145,91,-1,1,0,-1
6761510798843,2092145,91,-1,1,0,-1
6761510798843,2092145,91,-1,1,0,-1
6761510839583,2092145,91,-1,1,0,-1
6761510883694,2092145,91,-1,1,0,-1
6761510931602,2092145,91,-1,1,0,-1
6761510931602,2092145,91,-1,1,0,-1
6761510972176,2092145,91,-1,1,0,-1
6761511016361,2092145,91,-1,1,0,-1
6761511064546,2092145,91,-1,1,0,-1
6761511064546,2092145,91,-1,1,0,-1
6761511105065,2092145,91,-1,1,0,-1
6761511149157,2092145,91,-1,1,0,-1
6761511197509,2092145,91,-1,1,0,-1
6761511197509,2092145,91,-1,1,0,-1
6761511237639,2092145,91,-1,1,0,-1
6761511282046,2092145,91,-1,1,0,-1
6761511352120,2092145,91,-1,1,0,-1
6761511396954,2092145,91,-1,1,0,-1
6761511445157,2092145,91,-1,1,0,-1
6761511445157,2092145,91,-1,1,0,-1
6761511485287,2092145,91,-1,1,0,-1
6761511529546,2092145,91,-1,1,0,-1
6761511577824,2092145,91,-1,1,0,-1
6761511577824,2092145,91,-1,1,0,-1
6761511618287,2092145,91,-1,1,0,-1
6761511662398,2092145,91,-1,1,0,-1
6761511710139,2092145,91,-1,1,0,-1
6761511710139,2092145,91,-1,1,0,-1
6761511750991,2092145,91,-1,1,0,-1
6761511794842,2092145,91,-1,1,0,-1
6761511843213,2092145,91,-1,1,0,-1
6761511843213,2092145,91,-1,1,0,-1
6761511883768,2092145,91,-1,1,0,-1
6761511932102,2092145,91,-1,1,0,-1
6761511932102,2092145,91,-1,1,0,-1
6761511971842,2092145,91,-1,1,0,-1
6761512022009,2092145,91,-1,1,0,-1
6761512065602,2092145,91,-1,1,0,-1
6761512065602,2092145,91,-1,1,0,-1
6761512104620,2092145,91,-1,1,0,-1
6761512149287,2092145,91,-1,1,0,-1
6761512197046,2092145,91,-1,1,0,-1
6761512197046,2092145,91,-1,1,0,-1
6761512237694,2092145,91,-1,1,0,-1
6761512281842,2092145,91,-1,1,0,-1
6761512352546,2092145,91,-1,1,0,-1
6761512396620,2092145,91,-1,1,0,-1
6761512445305,2092145,91,-1,1,0,-1
6761512445305,2092145,91,-1,1,0,-1
6761512485231,2092145,91,-1,1,0,-1
6761512529435,2092145,91,-1,1,0,-1
6761512577990,2092145,91,-1,1,0,-1
6761512577990,2092145,91,-1,1,0,-1
6761512618250,2092145,91,-1,1,0,-1
6761512662694,2092145,91,-1,1,0,-1
6761512710527,2092145,91,-1,1,0,-1
6761512710527,2092145,91,-1,1,0,-1
6761512750916,2092145,91,-1,1,0,-1
6761512795139,2092145,91,-1,1,0,-1
6761512843472,2092145,91,-1,1,0,-1
6761512843472,2092145,91,-1,1,0,-1
6761512883379,2092145,91,-1,1,0,-1
6761512927879,2092145,91,-1,1,0,-1
6761512976027,2092145,91,-1,1,0,-1
6761512976027,2092145,91,-1,1,0,-1
6761513016416,2092145,91,-1,1,0,-1
6761513060490,2092145,91,-1,1,0,-1
6761513109009,2092145,91,-1,1,0,-1
6761513109009,2092145,91,-1,1,0,-1
6761513149175,2092145,91,-1,1,0,-1
6761513193453,2092145,91,-1,1,0,-1
6761513241287,2092145,91,-1,1,0,-1
6761513241287,2092145,91,-1,1,0,-1
6761513352898,2092145,91,-1,1,0,-1
6761513400842,2092145,91,-1,1,0,-1
6761513400842,2092145,91,-1,1,0,-1
6761513441564,2092145,91,-1,1,0,-1
6761513489601,2092145,91,-1,1,0,-1
6761513489601,2092145,91,-1,1,0,-1
6761513529953,2092145,91,-1,1,0,-1
6761513574120,2092145,91,-1,1,0,-1
6761513622546,2092145,91,-1,1,0,-1
6761513622546,2092145,91,-1,1,0,-1
6761513662379,2092145,91,-1,1,0,-1
6761513706657,2092145,91,-1,1,0,-1
6761513828601,2092145,91,-1,1,0,-1
6761513828601,2092145,91,-1,1,0,-1
6761513828601,2092145,91,-1,1,0,-1
6761513857212,2092145,91,-1,1,0,-1
6761513857212,2092145,91,-1,1,0,-1
6761513874935,2092145,91,-1,1,0,-1
6761513944416,2092145,91,-1,1,0,-1
6761513944416,2092145,91,-1,1,0,-1
6761513980231,2092145,91,-1,1,0,-1
6761514023360,2092145,91,-1,1,0,-1
6761514071638,2092145,91,-1,1,0,-1
6761514071638,2092145,91,-1,1,0,-1
6761514112064,2092145,91,-1,1,0,-1
6761514161138,2092145,91,-1,1,0,-1
6761514161138,2092145,91,-1,1,0,-1
6761514201286,2092145,91,-1,1,0,-1
6761514254749,2092145,91,-1,1,0,-1
6761514289768,2092145,91,-1,1,0,-1
6761514361194,2092145,91,-1,1,0,-1
6761514397101,2092145,91,-1,1,0,-1
6761514445212,2092145,91,-1,1,0,-1
6761514445212,2092145,91,-1,1,0,-1
6761514485638,2092145,91,-1,1,0,-1
6761514529990,2092145,91,-1,1,0,-1
6761514586990,2092145,91,-1,1,0,-1
6761514586990,2092145,91,-1,1,0,-1
6761514624268,2092145,91,-1,1,0,-1
6761514668842,2092145,91,-1,1,0,-1
6761514716490,2092145,91,-1,1,0,-1
6761514716490,2092145,91,-1,1,0,-1
6761514756823,2092145,91,-1,1,0,-1
6761514806212,2092145,91,-1,1,0,-1
6761514806212,2092145,91,-1,1,0,-1
6761514845990,2092145,91,-1,1,0,-1
6761514899231,2092145,91,-1,1,0,-1
6761514938601,2092145,91,-1,1,0,-1
6761514938601,2092145,91,-1,1,0,-1
6761514978823,2092145,91,-1,1,0,-1
6761515023416,2092145,91,-1,1,0,-1
6761515071545,2092145,91,-1,1,0,-1
6761515071545,2092145,91,-1,1,0,-1
6761515122101,2092145,91,-1,1,0,-1
6761515156268,2092145,91,-1,1,0,-1
6761515204268,2092145,91,-1,1,0,-1
6761515204268,2092145,91,-1,1,0,-1
6761515244768,2092145,91,-1,1,0,-1
6761515289138,2092145,91,-1,1,0,-1
6761515352731,2092145,91,-1,1,0,-1
6761515396786,2092145,91,-1,1,0,-1
6761515449990,2092145,91,-1,1,0,-1
6761515449990,2092145,91,-1,1,0,-1
6761515489860,2092145,91,-1,1,0,-1
6761515542786,2092145,91,-1,1,0,-1
6761515582397,2092145,91,-1,1,0,-1
6761515582397,2092145,91,-1,1,0,-1
6761515622768,2092145,91,-1,1,0,-1
6761515670805,2092145,91,-1,1,0,-1
6761515670805,2092145,91,-1,1,0,-1
6761515711342,2092145,91,-1,1,0,-1
6761515764231,2092145,91,-1,1,0,-1
6761515803545,2092145,91,-1,1,0,-1
6761515803545,2092145,91,-1,1,0,-1
6761515844082,2092145,91,-1,1,0,-1
6761515888453,2092145,91,-1,1,0,-1
6761515936471,2092145,91,-1,1,0,-1
6761515936471,2092145,91,-1,1,0,-1
6761515976768,2092145,91,-1,1,0,-1
6761516030730,2092145,91,-1,1,0,-1
6761516069842,2092145,91,-1,1,0,-1
6761516069842,2092145,91,-1,1,0,-1
6761516110193,2092145,91,-1,1,0,-1
6761516153860,2092145,91,-1,1,0,-1
6761516202527,2092145,91,-1,1,0,-1
6761516202527,2092145,91,-1,1,0,-1
6761516242823,2092145,91,-1,1,0,-1
6761516286916,2092145,91,-1,1,0,-1
6761516353249,2092145,91,-1,1,0,-1
6761516397564,2092145,91,-1,1,0,-1
6761516446138,2092145,91,-1,1,0,-1
6761516446138,2092145,91,-1,1,0,-1
6761516486008,2092145,91,-1,1,0,-1
6761516529990,2092145,91,-1,1,0,-1
6761516578156,2092145,91,-1,1,0,-1
6761516578156,2092145,91,-1,1,0,-1
6761516618879,2092145,91,-1,1,0,-1
6761516667119,2092145,91,-1,1,0,-1
6761516667119,2092145,91,-1,1,0,-1
6761516706823,2092145,91,-1,1,0,-1
6761516751304,2092145,91,-1,1,0,-1
6761516799564,2092145,91,-1,1,0,-1
6761516799564,2092145,91,-1,1,0,-1
6761516839804,2092145,91,-1,1,0,-1
6761516883934,2092145,91,-1,1,0,-1
6761516932527,2092145,91,-1,1,0,-1
6761516932527,2092145,91,-1,1,0,-1
6761516972730,2092145,91,-1,1,0,-1
6761517016823,2092145,91,-1,1,0,-1
6761517064823,2092145,91,-1,1,0,-1
6761517064823,2092145,91,-1,1,0,-1
6761517105434,2092145,91,-1,1,0,-1
6761517154212,2092145,91,-1,1,0,-1
6761517154212,2092145,91,-1,1,0,-1
6761517193952,2092145,91,-1,1,0,-1
6761517238175,2092145,91,-1,1,0,-1
6761517282212,2092145,91,-1,1,0,-1
6761517352601,2092145,91,-1,1,0,-1
6761517397304,2092145,91,-1,1,0,-1
6761517445212,2092145,91,-1,1,0,-1
6761517445212,2092145,91,-1,1,0,-1
6761517485989,2092145,91,-1,1,0,-1
6761517534119,2092145,91,-1,1,0,-1
6761517534119,2092145,91,-1,1,0,-1
6761517574378,2092145,91,-1,1,0,-1
6761517618341,2092145,91,-1,1,0,-1
6761517667230,2092145,91,-1,1,0,-1
6761517667230,2092145,91,-1,1,0,-1
6761517707175,2092145,91,-1,1,0,-1
6761517751971,2092145,91,-1,1,0,-1
6761517799860,2092145,91,-1,1,0,-1
6761517799860,2092145,91,-1,1,0,-1
6761517839915,2092145,91,-1,1,0,-1
6761517884452,2092145,91,-1,1,0,-1
6761517932600,2092145,91,-1,1,0,-1
6761517932600,2092145,91,-1,1,0,-1
6761517972415,2092145,91,-1,1,0,-1
6761518021415,2092145,91,-1,1,0,-1
6761518021415,2092145,91,-1,1,0,-1
6761518061249,2092145,91,-1,1,0,-1
6761518105415,2092145,91,-1,1,0,-1
6761518153804,2092145,91,-1,1,0,-1
6761518153804,2092145,91,-1,1,0,-1
6761518194026,2092145,91,-1,1,0,-1
6761518238119,2092145,91,-1,1,0,-1
6761518282471,2092145,91,-1,1,0,-1
6761518354341,2092145,91,-1,1,0,-1
6761518397619,2092145,91,-1,1,0,-1
6761518445767,2092145,91,-1,1,0,-1
6761518445767,2092145,91,-1,1,0,-1
6761518485989,2092145,91,-1,1,0,-1
6761518530286,2092145,91,-1,1,0,-1
6761518578304,2092145,91,-1,1,0,-1
6761518578304,2092145,91,-1,1,0,-1
6761518618619,2092145,91,-1,1,0,-1
6761518663045,2092145,91,-1,1,0,-1
6761518711248,2092145,91,-1,1,0,-1
6761518711248,2092145,91,-1,1,0,-1
6761518751360,2092145,91,-1,1,0,-1
6761518795748,2092145,91,-1,1,0,-1
6761518844082,2092145,91,-1,1,0,-1
6761518844082,2092145,91,-1,1,0,-1
6761518884137,2092145,91,-1,1,0,-1
6761518928563,2092145,91,-1,1,0,-1
6761518976934,2092145,91,-1,1,0,-1
6761518976934,2092145,91,-1,1,0,-1
6761519016952,2092145,91,-1,1,0,-1
6761519061360,2092145,91,-1,1,0,-1
6761519109804,2092145,91,-1,1,0,-1
6761519109804,2092145,91,-1,1,0,-1
6761519149748,2092145,91,-1,1,0,-1
6761519194119,2092145,91,-1,1,0,-1
6761519243322,2092145,91,-1,1,0,-1
6761519243322,2092145,91,-1,1,0,-1
6761519353008,2092145,91,-1,1,0,-1
6761519401045,2092145,91,-1,1,0,-1
6761519401045,2092145,91,-1,1,0,-1
6761519441508,2092145,91,-1,1,0,-1
6761519489841,2092145,91,-1,1,0,-1
6761519489841,2092145,91,-1,1,0,-1
6761519529934,2092145,91,-1,1,0,-1
6761519578378,2092145,91,-1,1,0,-1
6761519578378,2092145,91,-1,1,0,-1
6761519618600,2092145,91,-1,1,0,-1
6761519662822,2092145,91,-1,1,0,-1
6761519712471,2092145,91,-1,1,0,-1
6761519712471,2092145,91,-1,1,0,-1
6761519751730,2092145,91,-1,1,0,-1
6761519800008,2092145,91,-1,1,0,-1
6761519800008,2092145,91,-1,1,0,-1
6761519839822,2092145,91,-1,1,0,-1
6761519883859,2092145,91,-1,1,0,-1
6761519932600,2092145,91,-1,1,0,-1
6761519932600,2092145,91,-1,1,0,-1
6761519972507,2092145,91,-1,1,0,-1
6761520024989,2092145,91,-1,1,0,-1
6761520065378,2092145,91,-1,1,0,-1
6761520065378,2092145,91,-1,1,0,-1
6761520105563,2092145,91,-1,1,0,-1
6761520153656,2092145,91,-1,1,0,-1
6761520153656,2092145,91,-1,1,0,-1
6761520193970,2092145,91,-1,1,0,-1
6761520242470,2092145,91,-1,1,0,-1
6761520242470,2092145,91,-1,1,0,-1
6761520353230,2092145,91,-1,1,0,-1
6761520401137,2092145,91,-1,1,0,-1
6761520401137,2092145,91,-1,1,0,-1
6761520441767,2092145,91,-1,1,0,-1
6761520489989,2092145,91,-1,1,0,-1
6761520489989,2092145,91,-1,1,0,-1
6761520530322,2092145,91,-1,1,0,-1
6761520574452,2092145,91,-1,1,0,-1
6761520622841,2092145,91,-1,1,0,-1
6761520622841,2092145,91,-1,1,0,-1
6761520662748,2092145,91,-1,1,0,-1
6761520707193,2092145,91,-1,1,0,-1
6761520755285,2092145,91,-1,1,0,-1
6761520755285,2092145,91,-1,1,0,-1
6761520795970,2092145,91,-1,1,0,-1
6761520844341,2092145,91,-1,1,0,-1
6761520844341,2092145,91,-1,1,0,-1
6761520884285,2092145,91,-1,1,0,-1
6761520928767,2092145,91,-1,1,0,-1
6761520976730,2092145,91,-1,1,0,-1
6761520976730,2092145,91,-1,1,0,-1
6761521016970,2092145,91,-1,1,0,-1
6761521061192,2092145,91,-1,1,0,-1
6761521109452,2092145,91,-1,1,0,-1
6761521109452,2092145,91,-1,1,0,-1
6761521150007,2092145,91,-1,1,0,-1
6761521193785,2092145,91,-1,1,0,-1
6761521241878,2092145,91,-1,1,0,-1
6761521241878,2092145,91,-1,1,0,-1
6761521353192,2092145,91,-1,1,0,-1
6761521401322,2092145,91,-1,1,0,-1
6761521401322,2092145,91,-1,1,0,-1
6761521441526,2092145,91,-1,1,0,-1
6761521489655,2092145,91,-1,1,0,-1
6761521489655,2092145,91,-1,1,0,-1
6761521529952,2092145,91,-1,1,0,-1
6761521574952,2092145,91,-1,1,0,-1
6761521622396,2092145,91,-1,1,0,-1
6761521622396,2092145,91,-1,1,0,-1
6761521662766,2092145,91,-1,1,0,-1
6761521710840,2092145,91,-1,1,0,-1
6761521710840,2092145,91,-1,1,0,-1
6761521751340,2092145,91,-1,1,0,-1
6761521799452,2092145,91,-1,1,0,-1
6761521799452,2092145,91,-1,1,0,-1
6761521839933,2092145,91,-1,1,0,-1
6761521888470,2092145,91,-1,1,0,-1
6761521888470,2092145,91,-1,1,0,-1
6761521928377,2092145,91,-1,1,0,-1
6761521972489,2092145,91,-1,1,0,-1
6761522020729,2092145,91,-1,1,0,-1
6761522020729,2092145,91,-1,1,0,-1
6761522061137,2092145,91,-1,1,0,-1
6761522109229,2092145,91,-1,1,0,-1
6761522109229,2092145,91,-1,1,0,-1
6761522149748,2092145,91,-1,1,0,-1
6761522197896,2092145,91,-1,1,0,-1
6761522197896,2092145,91,-1,1,0,-1
6761522238396,2092145,91,-1,1,0,-1
6761522282526,2092145,91,-1,1,0,-1
6761522353100,2092145,91,-1,1,0,-1
6761522397822,2092145,91,-1,1,0,-1
6761522445692,2092145,91,-1,1,0,-1
6761522445692,2092145,91,-1,1,0,-1
6761522485933,2092145,91,-1,1,0,-1
6761522530192,2092145,91,-1,1,0,-1
6761522578544,2092145,91,-1,1,0,-1
6761522578544,2092145,91,-1,1,0,-1
6761522618951,2092145,91,-1,1,0,-1
6761522667044,2092145,91,-1,1,0,-1
6761522667044,2092145,91,-1,1,0,-1
6761522707303,2092145,91,-1,1,0,-1
6761522751433,2092145,91,-1,1,0,-1
6761522799766,2092145,91,-1,1,0,-1
6761522799766,2092145,91,-1,1,0,-1
6761522839933,2092145,91,-1,1,0,-1
6761522884581,2092145,91,-1,1,0,-1
6761522932396,2092145,91,-1,1,0,-1
6761522932396,2092145,91,-1,1,0,-1
6761522972729,2092145,91,-1,1,0,-1
6761523017044,2092145,91,-1,1,0,-1
6761523065229,2092145,91,-1,1,0,-1
6761523065229,2092145,91,-1,1,0,-1
6761523105729,2092145,91,-1,1,0,-1
6761523149711,2092145,91,-1,1,0,-1
6761523197599,2092145,91,-1,1,0,-1
6761523197599,2092145,91,-1,1,0,-1
6761523238414,2092145,91,-1,1,0,-1
6761523282359,2092145,91,-1,1,0,-1
6761523353211,2092145,91,-1,1,0,-1
6761523397099,2092145,91,-1,1,0,-1
6761523445618,2092145,91,-1,1,0,-1
6761523445618,2092145,91,-1,1,0,-1
6761523485803,2092145,91,-1,1,0,-1
6761523534044,2092145,91,-1,1,0,-1
6761523534044,2092145,91,-1,1,0,-1
6761523574710,2092145,91,-1,1,0,-1
6761523622896,2092145,91,-1,1,0,-1
6761523622896,2092145,91,-1,1,0,-1
6761523663285,2092145,91,-1,1,0,-1
6761523706988,2092145,91,-1,1,0,-1
6761523754914,2092145,91,-1,1,0,-1
6761523754914,2092145,91,-1,1,0,-1
6761523795636,2092145,91,-1,1,0,-1
6761523843840,2092145,91,-1,1,0,-1
6761523843840,2092145,91,-1,1,0,-1
6761523883896,2092145,91,-1,1,0,-1
6761523932247,2092145,91,-1,1,0,-1
6761523932247,2092145,91,-1,1,0,-1
6761523972710,2092145,91,-1,1,0,-1
6761524022118,2092145,91,-1,1,0,-1
6761524065840,2092145,91,-1,1,0,-1
6761524065840,2092145,91,-1,1,0,-1
6761524105284,2092145,91,-1,1,0,-1
6761524150062,2092145,91,-1,1,0,-1
6761524197673,2092145,91,-1,1,0,-1
6761524197673,2092145,91,-1,1,0,-1
6761524238284,2092145,91,-1,1,0,-1
6761524282525,2092145,91,-1,1,0,-1
6761524353340,2092145,91,-1,1,0,-1
6761524397988,2092145,91,-1,1,0,-1
6761524445655,2092145,91,-1,1,0,-1
6761524445655,2092145,91,-1,1,0,-1
6761524486340,2092145,91,-1,1,0,-1
6761524534840,2092145,91,-1,1,0,-1
6761524534840,2092145,91,-1,1,0,-1
6761524612895,2092145,91,-1,1,0,-1
6761524612895,2092145,91,-1,1,0,-1
6761524667710,2092145,91,-1,1,0,-1
6761524667710,2092145,91,-1,1,0,-1
6761524707914,2092145,91,-1,1,0,-1
6761524751655,2092145,91,-1,1,0,-1
6761524799581,2092145,91,-1,1,0,-1
6761524799581,2092145,91,-1,1,0,-1
6761524840266,2092145,91,-1,1,0,-1
6761524884192,2092145,91,-1,1,0,-1
6761524932395,2092145,91,-1,1,0,-1
6761524932395,2092145,91,-1,1,0,-1
6761524973284,2092145,91,-1,1,0,-1
6761525021469,2092145,91,-1,1,0,-1
6761525021469,2092145,91,-1,1,0,-1
6761525061303,2092145,91,-1,1,0,-1
6761525105729,2092145,91,-1,1,0,-1
6761525153895,2092145,91,-1,1,0,-1
6761525153895,2092145,91,-1,1,0,-1
6761525194229,2092145,91,-1,1,0,-1
6761525238525,2092145,91,-1,1,0,-1
6761525282469,2092145,91,-1,1,0,-1
6761525352988,2092145,91,-1,1,0,-1
6761525397377,2092145,91,-1,1,0,-1
6761525445618,2092145,91,-1,1,0,-1
6761525445618,2092145,91,-1,1,0,-1
6761525486469,2092145,91,-1,1,0,-1
6761525534358,2092145,91,-1,1,0,-1
6761525534358,2092145,91,-1,1,0,-1
6761525574377,2092145,91,-1,1,0,-1
6761525622747,2092145,91,-1,1,0,-1
6761525622747,2092145,91,-1,1,0,-1
6761525662877,2092145,91,-1,1,0,-1
6761525707432,2092145,91,-1,1,0,-1
6761525755636,2092145,91,-1,1,0,-1
6761525755636,2092145,91,-1,1,0,-1
6761525795488,2092145,91,-1,1,0,-1
6761525843729,2092145,91,-1,1,0,-1
6761525843729,2092145,91,-1,1,0,-1
6761525884117,2092145,91,-1,1,0,-1
6761525932284,2092145,91,-1,1,0,-1
6761525932284,2092145,91,-1,1,0,-1
6761525972784,2092145,91,-1,1,0,-1
6761526021043,2092145,91,-1,1,0,-1
6761526021043,2092145,91,-1,1,0,-1
6761526061358,2092145,91,-1,1,0,-1
6761526109340,2092145,91,-1,1,0,-1
6761526109340,2092145,91,-1,1,0,-1
6761526149673,2092145,91,-1,1,0,-1
6761526198229,2092145,91,-1,1,0,-1
6761526198229,2092145,91,-1,1,0,-1
6761526238691,2092145,91,-1,1,0,-1
6761526282636,2092145,91,-1,1,0,-1
6761526353099,2092145,91,-1,1,0,-1
6761526397414,2092145,91,-1,1,0,-1
6761526445580,2092145,91,-1,1,0,-1
6761526445580,2092145,91,-1,1,0,-1
6761526485895,2092145,91,-1,1,0,-1
6761526530654,2092145,91,-1,1,0,-1
6761526578877,2092145,91,-1,1,0,-1
6761526578877,2092145,91,-1,1,0,-1
6761526618914,2092145,91,-1,1,0,-1
6761526663395,2092145,91,-1,1,0,-1
6761526712136,2092145,91,-1,1,0,-1
6761526712136,2092145,91,-1,1,0,-1
6761526751377,2092145,91,-1,1,0,-1
6761526796302,2092145,91,-1,1,0,-1
6761526844043,2092145,91,-1,1,0,-1
6761526844043,2092145,91,-1,1,0,-1
6761526884488,2092145,91,-1,1,0,-1
6761526928839,2092145,91,-1,1,0,-1
6761526977025,2092145,91,-1,1,0,-1
6761526977025,2092145,91,-1,1,0,-1
6761527017043,2092145,91,-1,1,0,-1
6761527061228,2092145,91,-1,1,0,-1
6761527109747,2092145,91,-1,1,0,-1
6761527109747,2092145,91,-1,1,0,-1
6761527149895,2092145,91,-1,1,0,-1
6761527193839,2092145,91,-1,1,0,-1
6761527242599,2092145,91,-1,1,0,-1
6761527242599,2092145,91,-1,1,0,-1
6761527353210,2092145,91,-1,1,0,-1
6761527401506,2092145,91,-1,1,0,-1
6761527401506,2092145,91,-1,1,0,-1
6761527441988,2092145,91,-1,1,0,-1
6761527486043,2092145,91,-1,1,0,-1
6761527534617,2092145,91,-1,1,0,-1
6761527534617,2092145,91,-1,1,0,-1
6761527574710,2092145,91,-1,1,0,-1
6761527619302,2092145,91,-1,1,0,-1
6761527667191,2092145,91,-1,1,0,-1
6761527667191,2092145,91,-1,1,0,-1
6761527707358,2092145,91,-1,1,0,-1
6761527751691,2092145,91,-1,1,0,-1
6761527800136,2092145,91,-1,1,0,-1
6761527800136,2092145,91,-1,1,0,-1
6761527840284,2092145,91,-1,1,0,-1
6761527884284,2092145,91,-1,1,0,-1
6761527932506,2092145,91,-1,1,0,-1
6761527932506,2092145,91,-1,1,0,-1
6761527973154,2092145,91,-1,1,0,-1
6761528026673,2092145,91,-1,1,0,-1
6761528026673,2092145,91,-1,1,0,-1
6761528061969,2092145,91,-1,1,0,-1
6761528110506,2092145,91,-1,1,0,-1
6761528110506,2092145,91,-1,1,0,-1
6761528150339,2092145,91,-1,1,0,-1
6761528194821,2092145,91,-1,1,0,-1
6761528242969,2092145,91,-1,1,0,-1
6761528242969,2092145,91,-1,1,0,-1
6761528353487,2092145,91,-1,1,0,-1
6761528402710,2092145,91,-1,1,0,-1
6761528402710,2092145,91,-1,1,0,-1
6761528442691,2092145,91,-1,1,0,-1
6761528491228,2092145,91,-1,1,0,-1
6761528491228,2092145,91,-1,1,0,-1
6761528531247,2092145,91,-1,1,0,-1
6761528575061,2092145,91,-1,1,0,-1
6761528623098,2092145,91,-1,1,0,-1
6761528623098,2092145,91,-1,1,0,-1
6761528663784,2092145,91,-1,1,0,-1
6761528712209,2092145,91,-1,1,0,-1
6761528712209,2092145,91,-1,1,0,-1
6761528751969,2092145,91,-1,1,0,-1
6761528796598,2092145,91,-1,1,0,-1
6761528844524,2092145,91,-1,1,0,-1
6761528844524,2092145,91,-1,1,0,-1
6761528884691,2092145,91,-1,1,0,-1
6761528928987,2092145,91,-1,1,0,-1
6761528977709,2092145,91,-1,1,0,-1
6761528977709,2092145,91,-1,1,0,-1
6761529017709,2092145,91,-1,1,0,-1
6761529061765,2092145,91,-1,1,0,-1
6761529109821,2092145,91,-1,1,0,-1
6761529109821,2092145,91,-1,1,0,-1
6761529150746,2092145,91,-1,1,0,-1
6761529199321,2092145,91,-1,1,0,-1
6761529199321,2092145,91,-1,1,0,-1
6761529239191,2092145,91,-1,1,0,-1
6761529282858,2092145,91,-1,1,0,-1
6761529353672,2092145,91,-1,1,0,-1
6761529397709,2092145,91,-1,1,0,-1
6761529446117,2092145,91,-1,1,0,-1
6761529446117,2092145,91,-1,1,0,-1
6761529486543,2092145,91,-1,1,0,-1
6761529530432,2092145,91,-1,1,0,-1
6761529578969,2092145,91,-1,1,0,-1
6761529578969,2092145,91,-1,1,0,-1
6761529619265,2092145,91,-1,1,0,-1
6761529663524,2092145,91,-1,1,0,-1
6761529711857,2092145,91,-1,1,0,-1
6761529711857,2092145,91,-1,1,0,-1
6761529752024,2092145,91,-1,1,0,-1
6761529796098,2092145,91,-1,1,0,-1
6761529844598,2092145,91,-1,1,0,-1
6761529844598,2092145,91,-1,1,0,-1
6761529884265,2092145,91,-1,1,0,-1
6761529929061,2092145,91,-1,1,0,-1
6761529977394,2092145,91,-1,1,0,-1
6761529977394,2092145,91,-1,1,0,-1
6761530017320,2092145,91,-1,1,0,-1
6761530061857,2092145,91,-1,1,0,-1
6761530109968,2092145,91,-1,1,0,-1
6761530109968,2092145,91,-1,1,0,-1
6761530150061,2092145,91,-1,1,0,-1
6761530194506,2092145,91,-1,1,0,-1
6761530242617,2092145,91,-1,1,0,-1
6761530242617,2092145,91,-1,1,0,-1
6761530353376,2092145,91,-1,1,0,-1
6761530401913,2092145,91,-1,1,0,-1
6761530401913,2092145,91,-1,1,0,-1
6761530442228,2092145,91,-1,1,0,-1
6761530486450,2092145,91,-1,1,0,-1
6761530534709,2092145,91,-1,1,0,-1
6761530534709,2092145,91,-1,1,0,-1
6761530575061,2092145,91,-1,1,0,-1
6761530619283,2092145,91,-1,1,0,-1
6761530667709,2092145,91,-1,1,0,-1
6761530667709,2092145,91,-1,1,0,-1
6761530707765,2092145,91,-1,1,0,-1
6761530752265,2092145,91,-1,1,0,-1
6761530800598,2092145,91,-1,1,0,-1
6761530800598,2092145,91,-1,1,0,-1
6761530840691,2092145,91,-1,1,0,-1
6761530884579,2092145,91,-1,1,0,-1
6761530933042,2092145,91,-1,1,0,-1
6761530933042,2092145,91,-1,1,0,-1
6761530973413,2092145,91,-1,1,0,-1
6761531017913,2092145,91,-1,1,0,-1
6761531066042,2092145,91,-1,1,0,-1
6761531066042,2092145,91,-1,1,0,-1
6761531106302,2092145,91,-1,1,0,-1
6761531150265,2092145,91,-1,1,0,-1
6761531198172,2092145,91,-1,1,0,-1
6761531198172,2092145,91,-1,1,0,-1
6761531239542,2092145,91,-1,1,0,-1
6761531283746,2092145,91,-1,1,0,-1
6761531353672,2092145,91,-1,1,0,-1
6761531397950,2092145,91,-1,1,0,-1
6761531446116,2092145,91,-1,1,0,-1
6761531446116,2092145,91,-1,1,0,-1
6761531486153,2092145,91,-1,1,0,-1
6761531530894,2092145,91,-1,1,0,-1
6761531578820,2092145,91,-1,1,0,-1
6761531578820,2092145,91,-1,1,0,-1
6761531619098,2092145,91,-1,1,0,-1
6761531663598,2092145,91,-1,1,0,-1
6761531711542,2092145,91,-1,1,0,-1
6761531711542,2092145,91,-1,1,0,-1
6761531751839,2092145,91,-1,1,0,-1
6761531800320,2092145,91,-1,1,0,-1
6761531800320,2092145,91,-1,1,0,-1
6761531840357,2092145,91,-1,1,0,-1
6761531884672,2092145,91,-1,1,0,-1
6761531933135,2092145,91,-1,1,0,-1
6761531933135,2092145,91,-1,1,0,-1
6761531972931,2092145,91,-1,1,0,-1
6761532020153,2092145,91,-1,1,0,-1
6761532066283,2092145,91,-1,1,0,-1
6761532066283,2092145,91,-1,1,0,-1
6761532105987,2092145,91,-1,1,0,-1
6761532149987,2092145,91,-1,1,0,-1
6761532198450,2092145,91,-1,1,0,-1
6761532198450,2092145,91,-1,1,0,-1
6761532238598,2092145,91,-1,1,0,-1
6761532283227,2092145,91,-1,1,0,-1
6761532353987,2092145,91,-1,1,0,-1
6761532398042,2092145,91,-1,1,0,-1
6761532446264,2092145,91,-1,1,0,-1
6761532446264,2092145,91,-1,1,0,-1
6761532486616,2092145,91,-1,1,0,-1
6761532530838,2092145,91,-1,1,0,-1
6761532579172,2092145,91,-1,1,0,-1
6761532579172,2092145,91,-1,1,0,-1
6761532619449,2092145,91,-1,1,0,-1
6761532663283,2092145,91,-1,1,0,-1
6761532711986,2092145,91,-1,1,0,-1
6761532711986,2092145,91,-1,1,0,-1
6761532752061,2092145,91,-1,1,0,-1
6761532796431,2092145,91,-1,1,0,-1
6761532844653,2092145,91,-1,1,0,-1
6761532844653,2092145,91,-1,1,0,-1
6761532884838,2092145,91,-1,1,0,-1
6761532929375,2092145,91,-1,1,0,-1
6761532977505,2092145,91,-1,1,0,-1
6761532977505,2092145,91,-1,1,0,-1
6761533017246,2092145,91,-1,1,0,-1
6761533061727,2092145,91,-1,1,0,-1
6761533110431,2092145,91,-1,1,0,-1
6761533110431,2092145,91,-1,1,0,-1
6761533150412,2092145,91,-1,1,0,-1
6761533194857,2092145,91,-1,1,0,-1
6761533242894,2092145,91,-1,1,0,-1
6761533242894,2092145,91,-1,1,0,-1
6761533353542,2092145,91,-1,1,0,-1
6761533401931,2092145,91,-1,1,0,-1
6761533401931,2092145,91,-1,1,0,-1
6761533442412,2092145,91,-1,1,0,-1
6761533490505,2092145,91,-1,1,0,-1
6761533490505,2092145,91,-1,1,0,-1
6761533530801,2092145,91,-1,1,0,-1
6761533575468,2092145,91,-1,1,0,-1
6761533623227,2092145,91,-1,1,0,-1
6761533623227,2092145,91,-1,1,0,-1
6761533663505,2092145,91,-1,1,0,-1
6761533707986,2092145,91,-1,1,0,-1
6761533756060,2092145,91,-1,1,0,-1
6761533756060,2092145,91,-1,1,0,-1
6761533796301,2092145,91,-1,1,0,-1
6761533840412,2092145,91,-1,1,0,-1
6761533889060,2092145,91,-1,1,0,-1
6761533889060,2092145,91,-1,1,0,-1
6761533929190,2092145,91,-1,1,0,-1
6761533973079,2092145,91,-1,1,0,-1
6761534022042,2092145,91,-1,1,0,-1
6761534022042,2092145,91,-1,1,0,-1
6761534066208,2092145,91,-1,1,0,-1
6761534162449,2092145,91,-1,1,0,-1
6761534162449,2092145,91,-1,1,0,-1
6761534162449,2092145,91,-1,1,0,-1
6761534186745,2092145,91,-1,1,0,-1
6761534242357,2092145,91,-1,1,0,-1
6761534286468,2092145,91,-1,1,0,-1
6761534354227,2092145,91,-1,1,0,-1
6761534398208,2092145,91,-1,1,0,-1
6761534446968,2092145,91,-1,1,0,-1
6761534446968,2092145,91,-1,1,0,-1
6761534495708,2092145,91,-1,1,0,-1
6761534531375,2092145,91,-1,1,0,-1
6761534579431,2092145,91,-1,1,0,-1
6761534579431,2092145,91,-1,1,0,-1
6761534619560,2092145,91,-1,1,0,-1
6761534664023,2092145,91,-1,1,0,-1
6761534718449,2092145,91,-1,1,0,-1
6761534718449,2092145,91,-1,1,0,-1
6761534758560,2092145,91,-1,1,0,-1
6761534811245,2092145,91,-1,1,0,-1
6761534851079,2092145,91,-1,1,0,-1
6761534851079,2092145,91,-1,1,0,-1
6761534891486,2092145,91,-1,1,0,-1
6761534939597,2092145,91,-1,1,0,-1
6761534939597,2092145,91,-1,1,0,-1
6761534979949,2092145,91,-1,1,0,-1
6761535032523,2092145,91,-1,1,0,-1
6761535072375,2092145,91,-1,1,0,-1
6761535072375,2092145,91,-1,1,0,-1
6761535112671,2092145,91,-1,1,0,-1
6761535156634,2092145,91,-1,1,0,-1
6761535205579,2092145,91,-1,1,0,-1
6761535205579,2092145,91,-1,1,0,-1
6761535251227,2092145,91,-1,1,0,-1
6761535295764,2092145,91,-1,1,0,-1
6761535357782,2092145,91,-1,1,0,-1
6761535402171,2092145,91,-1,1,0,-1
6761535460079,2092145,91,-1,1,0,-1
6761535460079,2092145,91,-1,1,0,-1
6761535493245,2092145,91,-1,1,0,-1
6761535535171,2092145,91,-1,1,0,-1
6761535583893,2092145,91,-1,1,0,-1
6761535583893,2092195,92,-1,1,0,-1
6761535623282,2092195,92,-1,1,0,-1
6761535676356,2092195,92,-1,1,0,-1
6761535716467,2092195,92,-1,1,0,-1
6761535716467,2092195,92,-1,1,0,-1
6761535755782,2092195,92,-1,1,0,-1
6761535800634,2092195,92,-1,1,0,-1
6761535848597,2092195,92,-1,1,0,-1
6761535848597,2092195,92,-1,1,0,-1
6761535894653,2092195,92,-1,1,0,-1
6761535943227,2092195,92,-1,1,0,-1
6761535943227,2092195,92,-1,1,0,-1
6761535992338,2092195,92,-1,1,0,-1
6761536036171,2092195,92,-1,1,0,-1
6761536036171,2092195,92,-1,1,0,-1
6761536071838,2092195,92,-1,1,0,-1
6761536116764,2092195,92,-1,1,0,-1
6761536164504,2092195,92,-1,1,0,-1
6761536164504,2092195,92,-1,1,0,-1
6761536213393,2092195,92,-1,1,0,-1
6761536253134,2092195,92,-1,1,0,-1
6761536253134,2092195,92,-1,1,0,-1
6761536353930,2092195,92,-1,1,0,-1
6761536402097,2092195,92,-1,1,0,-1
6761536402097,2092195,92,-1,1,0,-1
6761536442541,2092195,92,-1,1,0,-1
6761536490875,2092195,92,-1,1,0,-1
6761536490875,2092195,92,-1,1,0,-1
6761536531449,2092195,92,-1,1,0,-1
6761536579893,2092195,92,-1,1,0,-1
6761536579893,2092195,92,-1,1,0,-1
6761536619689,2092195,92,-1,1,0,-1
6761536663930,2092195,92,-1,1,0,-1
6761536712263,2092195,92,-1,1,0,-1
6761536712263,2092195,92,-1,1,0,-1
6761536752467,2092195,92,-1,1,0,-1
6761536796745,2092195,92,-1,1,0,-1
6761536845097,2092195,92,-1,1,0,-1
6761536845097,2092195,92,-1,1,0,-1
6761536885282,2092195,92,-1,1,0,-1
6761536929319,2092195,92,-1,1,0,-1
6761536977615,2092195,92,-1,1,0,-1
6761536977615,2092195,92,-1,1,0,-1
6761537017986,2092195,92,-1,1,0,-1
6761537066523,2092195,92,-1,1,0,-1
6761537066523,2092195,92,-1,1,0,-1
6761537106912,2092195,92,-1,1,0,-1
6761537151004,2092195,92,-1,1,0,-1
6761537199337,2092195,92,-1,1,0,-1
6761537199337,2092195,92,-1,1,0,-1
6761537239300,2092195,92,-1,1,0,-1
6761537284097,2092195,92,-1,1,0,-1
6761537354208,2092195,92,-1,1,0,-1
6761537398504,2092195,92,-1,1,0,-1
6761537446763,2092195,92,-1,1,0,-1
6761537446763,2092195,92,-1,1,0,-1
6761537487263,2092195,92,-1,1,0,-1
6761537535319,2092195,92,-1,1,0,-1
6761537535319,2092195,92,-1,1,0,-1
6761537575949,2092195,92,-1,1,0,-1
6761537624171,2092195,92,-1,1,0,-1
6761537624171,2092195,92,-1,1,0,-1
6761537664282,2092195,92,-1,1,0,-1
6761537708597,2092195,92,-1,1,0,-1
6761537756560,2092195,92,-1,1,0,-1
6761537756560,2092195,92,-1,1,0,-1
6761537797078,2092195,92,-1,1,0,-1
6761537845337,2092195,92,-1,1,0,-1
6761537845337,2092195,92,-1,1,0,-1
6761537885652,2092195,92,-1,1,0,-1
6761537933745,2092195,92,-1,1,0,-1
6761537933745,2092195,92,-1,1,0,-1
6761537974245,2092195,92,-1,1,0,-1
6761538022356,2092195,92,-1,1,0,-1
6761538022356,2092195,92,-1,1,0,-1
6761538062856,2092195,92,-1,1,0,-1
6761538111115,2092195,92,-1,1,0,-1
6761538111115,2092195,92,-1,1,0,-1
6761538151245,2092195,92,-1,1,0,-1
6761538199708,2092195,92,-1,1,0,-1
6761538199708,2092195,92,-1,1,0,-1
6761538239541,2092195,92,-1,1,0,-1
6761538283948,2092195,92,-1,1,0,-1
6761538354467,2092195,92,-1,1,0,-1
6761538398782,2092195,92,-1,1,0,-1
6761538448171,2092195,92,-1,1,0,-1
6761538448171,2092195,92,-1,1,0,-1
6761538487078,2092195,92,-1,1,0,-1
6761538531337,2092195,92,-1,1,0,-1
6761538579337,2092195,92,-1,1,0,-1
6761538579337,2092195,92,-1,1,0,-1
6761538620004,2092195,92,-1,1,0,-1
6761538668522,2092195,92,-1,1,0,-1
6761538668522,2092195,92,-1,1,0,-1
6761538708448,2092195,92,-1,1,0,-1
6761538752652,2092195,92,-1,1,0,-1
6761538800967,2092195,92,-1,1,0,-1
6761538800967,2092195,92,-1,1,0,-1
6761538841022,2092195,92,-1,1,0,-1
6761538885522,2092195,92,-1,1,0,-1
6761538933263,2092195,92,-1,1,0,-1
6761538933263,2092195,92,-1,1,0,-1
6761538974041,2092195,92,-1,1,0,-1
6761539017893,2092195,92,-1,1,0,-1
6761539066207,2092195,92,-1,1,0,-1
6761539066207,2092195,92,-1,1,0,-1
6761539106578,2092195,92,-1,1,0,-1
6761539155041,2092195,92,-1,1,0,-1
6761539155041,2092195,92,-1,1,0,-1
6761539195041,2092195,92,-1,1,0,-1
6761539239244,2092195,92,-1,1,0,-1
6761539283374,2092195,92,-1,1,0,-1
6761539353856,2092195,92,-1,1,0,-1
6761539398411,2092195,92,-1,1,0,-1
6761539446300,2092195,92,-1,1,0,-1
6761539446300,2092195,92,-1,1,0,-1
6761539486781,2092195,92,-1,1,0,-1
6761539535004,2092195,92,-1,1,0,-1
6761539535004,2092195,92,-1,1,0,-1
6761539575504,2092195,92,-1,1,0,-1
6761539619744,2092195,92,-1,1,0,-1
6761539667930,2092195,92,-1,1,0,-1
6761539667930,2092195,92,-1,1,0,-1
6761539708189,2092195,92,-1,1,0,-1
6761539756300,2092195,92,-1,1,0,-1
6761539756300,2092195,92,-1,1,0,-1
6761539796726,2092195,92,-1,1,0,-1
6761539845263,2092195,92,-1,1,0,-1
6761539845263,2092195,92,-1,1,0,-1
6761539885059,2092195,92,-1,1,0,-1
6761539929318,2092195,92,-1,1,0,-1
6761539977448,2092195,92,-1,1,0,-1
6761539977448,2092195,92,-1,1,0,-1
6761540022911,2092195,92,-1,1,0,-1
6761540066522,2092195,92,-1,1,0,-1
6761540066522,2092195,92,-1,1,0,-1
6761540106504,2092195,92,-1,1,0,-1
6761540150485,2092195,92,-1,1,0,-1
6761540198892,2092195,92,-1,1,0,-1
6761540198892,2092195,92,-1,1,0,-1
6761540239300,2092195,92,-1,1,0,-1
6761540283541,2092195,92,-1,1,0,-1
6761540354670,2092195,92,-1,1,0,-1
6761540398892,2092195,92,-1,1,0,-1
6761540447152,2092195,92,-1,1,0,-1
6761540447152,2092195,92,-1,1,0,-1
6761540487448,2092195,92,-1,1,0,-1
6761540531448,2092195,92,-1,1,0,-1
6761540579596,2092195,92,-1,1,0,-1
6761540579596,2092195,92,-1,1,0,-1
6761540619966,2092195,92,-1,1,0,-1
6761540664207,2092195,92,-1,1,0,-1
6761540712800,2092195,92,-1,1,0,-1
6761540712800,2092195,92,-1,1,0,-1
6761540752763,2092195,92,-1,1,0,-1
6761540797392,2092195,92,-1,1,0,-1
6761540845448,2092195,92,-1,1,0,-1
6761540845448,2092195,92,-1,1,0,-1
6761540885244,2092195,92,-1,1,0,-1
6761540929763,2092195,92,-1,1,0,-1
6761540977874,2092195,92,-1,1,0,-1
6761540977874,2092195,92,-1,1,0,-1
6761541018615,2092195,92,-1,1,0,-1
6761541062800,2092195,92,-1,1,0,-1
6761541110744,2092195,92,-1,1,0,-1
6761541110744,2092195,92,-1,1,0,-1
6761541150818,2092195,92,-1,1,0,-1
6761541199392,2092195,92,-1,1,0,-1
6761541199392,2092195,92,-1,1,0,-1
6761541239466,2092195,92,-1,1,0,-1
6761541283744,2092195,92,-1,1,0,-1
6761541354040,2092195,92,-1,1,0,-1
6761541398466,2092195,92,-1,1,0,-1
6761541447114,2092195,92,-1,1,0,-1
6761541447114,2092195,92,-1,1,0,-1
6761541487281,2092195,92,-1,1,0,-1
6761541531151,2092195,92,-1,1,0,-1
6761541579188,2092195,92,-1,1,0,-1
6761541579188,2092195,92,-1,1,0,-1
6761541619966,2092195,92,-1,1,0,-1
6761541667911,2092195,92,-1,1,0,-1
6761541667911,2092195,92,-1,1,0,-1
6761541708559,2092195,92,-1,1,0,-1
6761541756633,2092195,92,-1,1,0,-1
6761541756633,2092195,92,-1,1,0,-1
6761541796818,2092195,92,-1,1,0,-1
6761541841059,2092195,92,-1,1,0,-1
6761541889522,2092195,92,-1,1,0,-1
6761541889522,2092195,92,-1,1,0,-1
6761541929151,2092195,92,-1,1,0,-1
6761541973800,2092195,92,-1,1,0,-1
6761542022003,2092195,92,-1,1,0,-1
6761542022003,2092195,92,-1,1,0,-1
6761542063151,2092195,92,-1,1,0,-1
6761542110392,2092195,92,-1,1,0,-1
6761542110392,2092195,92,-1,1,0,-1
6761542151040,2092195,92,-1,1,0,-1
6761542199096,2092195,92,-1,1,0,-1
6761542199096,2092195,92,-1,1,0,-1
6761542239707,2092195,92,-1,1,0,-1
6761542284262,2092195,92,-1,1,0,-1
6761542354299,2092195,92,-1,1,0,-1
6761542398651,2092195,92,-1,1,0,-1
6761542446985,2092195,92,-1,1,0,-1
6761542446985,2092195,92,-1,1,0,-1
6761542486855,2092195,92,-1,1,0,-1
6761542531373,2092195,92,-1,1,0,-1
6761542579448,2092195,92,-1,1,0,-1
6761542579448,2092195,92,-1,1,0,-1
6761542619910,2092195,92,-1,1,0,-1
6761542664114,2092195,92,-1,1,0,-1
6761542712299,2092195,92,-1,1,0,-1
6761542712299,2092195,92,-1,1,0,-1
6761542752503,2092195,92,-1,1,0,-1
6761542801170,2092195,92,-1,1,0,-1
6761542801170,2092195,92,-1,1,0,-1
6761542841855,2092195,92,-1,1,0,-1
6761542885485,2092195,92,-1,1,0,-1
6761542933855,2092195,92,-1,1,0,-1
6761542933855,2092195,92,-1,1,0,-1
6761542975114,2092195,92,-1,1,0,-1
6761543018929,2092195,92,-1,1,0,-1
6761543066781,2092195,92,-1,1,0,-1
6761543066781,2092195,92,-1,1,0,-1
6761543107059,2092195,92,-1,1,0,-1
6761543151392,2092195,92,-1,1,0,-1
6761543199392,2092195,92,-1,1,0,-1
6761543199392,2092195,92,-1,1,0,-1
6761543239947,2092195,92,-1,1,0,-1
6761543284244,2092195,92,-1,1,0,-1
6761543354521,2092195,92,-1,1,0,-1
6761543398540,2092195,92,-1,1,0,-1
6761543446558,2092195,92,-1,1,0,-1
6761543446558,2092195,92,-1,1,0,-1
6761543486910,2092195,92,-1,1,0,-1
6761543531021,2092195,92,-1,1,0,-1
6761543579744,2092195,92,-1,1,0,-1
6761543579744,2092195,92,-1,1,0,-1
6761543619873,2092195,92,-1,1,0,-1
6761543668133,2092195,92,-1,1,0,-1
6761543668133,2092195,92,-1,1,0,-1
6761543708410,2092195,92,-1,1,0,-1
6761543756207,2092195,92,-1,1,0,-1
6761543756207,2092195,92,-1,1,0,-1
6761543796707,2092195,92,-1,1,0,-1
6761543844947,2092195,92,-1,1,0,-1
6761543844947,2092195,92,-1,1,0,-1
6761543885318,2092195,92,-1,1,0,-1
6761543933207,2092195,92,-1,1,0,-1
6761543933207,2092195,92,-1,1,0,-1
6761543973669,2092195,92,-1,1,0,-1
6761544029151,2092195,92,-1,1,0,-1
6761544029151,2092195,92,-1,1,0,-1
6761544063521,2092195,92,-1,1,0,-1
6761544107614,2092195,92,-1,1,0,-1
6761544155688,2092195,92,-1,1,0,-1
6761544155688,2092195,92,-1,1,0,-1
6761544195614,2092195,92,-1,1,0,-1
6761544239688,2092195,92,-1,1,0,-1
6761544283725,2092195,92,-1,1,0,-1
6761544354595,2092195,92,-1,1,0,-1
6761544399281,2092195,92,-1,1,0,-1
6761544448077,2092195,92,-1,1,0,-1
6761544448077,2092195,92,-1,1,0,-1
6761544487503,2092195,92,-1,1,0,-1
6761544531632,2092195,92,-1,1,0,-1
6761544579818,2092195,92,-1,1,0,-1
6761544579818,2092195,92,-1,1,0,-1
6761544620632,2092195,92,-1,1,0,-1
6761544664669,2092195,92,-1,1,0,-1
6761544713132,2092195,92,-1,1,0,-1
6761544713132,2092195,92,-1,1,0,-1
6761544753188,2092195,92,-1,1,0,-1
6761544797040,2092195,92,-1,1,0,-1
6761544845132,2092195,92,-1,1,0,-1
6761544845132,2092195,92,-1,1,0,-1
6761544886021,2092195,92,-1,1,0,-1
6761544930317,2092195,92,-1,1,0,-1
6761544977947,2092195,92,-1,1,0,-1
6761544977947,2092195,92,-1,1,0,-1
6761545018651,2092195,92,-1,1,0,-1
6761545063003,2092195,92,-1,1,0,-1
6761545111058,2092195,92,-1,1,0,-1
6761545111058,2092195,92,-1,1,0,-1
6761545151595,2092195,92,-1,1,0,-1
6761545195466,2092195,92,-1,1,0,-1
6761545243947,2092195,92,-1,1,0,-1
6761545243947,2092195,92,-1,1,0,-1
6761545354595,2092195,92,-1,1,0,-1
6761545402614,2092195,92,-1,1,0,-1
6761545402614,2092195,92,-1,1,0,-1
6761545443503,2092195,92,-1,1,0,-1
6761545492465,2092195,92,-1,1,0,-1
6761545492465,2092195,92,-1,1,0,-1
6761545531817,2092195,92,-1,1,0,-1
6761545576391,2092195,92,-1,1,0,-1
6761545624521,2092195,92,-1,1,0,-1
6761545624521,2092195,92,-1,1,0,-1
6761545664965,2092195,92,-1,1,0,-1
6761545713428,2092195,92,-1,1,0,-1
6761545713428,2092195,92,-1,1,0,-1
6761545753206,2092195,92,-1,1,0,-1
6761545797410,2092195,92,-1,1,0,-1
6761545845965,2092195,92,-1,1,0,-1
6761545845965,2092195,92,-1,1,0,-1
6761545886095,2092195,92,-1,1,0,-1
6761545930558,2092195,92,-1,1,0,-1
6761545978669,2092195,92,-1,1,0,-1
6761545978669,2092195,92,-1,1,0,-1
6761546018910,2092195,92,-1,1,0,-1
6761546062910,2092195,92,-1,1,0,-1
6761546111243,2092195,92,-1,1,0,-1
6761546111243,2092195,92,-1,1,0,-1
6761546151891,2092195,92,-1,1,0,-1
6761546199910,2092195,92,-1,1,0,-1
6761546199910,2092195,92,-1,1,0,-1
6761546240243,2092195,92,-1,1,0,-1
6761546284373,2092195,92,-1,1,0,-1
6761546354873,2092195,92,-1,1,0,-1
6761546399188,2092195,92,-1,1,0,-1
6761546447354,2092195,92,-1,1,0,-1
6761546447354,2092195,92,-1,1,0,-1
6761546487947,2092195,92,-1,1,0,-1
6761546536354,2092195,92,-1,1,0,-1
6761546536354,2092195,92,-1,1,0,-1
6761546576150,2092195,92,-1,1,0,-1
6761546620354,2092195,92,-1,1,0,-1
6761546668743,2092195,92,-1,1,0,-1
6761546668743,2092195,92,-1,1,0,-1
6761546709002,2092195,92,-1,1,0,-1
6761546753225,2092195,92,-1,1,0,-1
6761546801799,2092195,92,-1,1,0,-1
6761546801799,2092195,92,-1,1,0,-1
6761546841910,2092195,92,-1,1,0,-1
6761546885687,2092195,92,-1,1,0,-1
6761546934002,2092195,92,-1,1,0,-1
6761546934002,2092195,92,-1,1,0,-1
6761546974724,2092195,92,-1,1,0,-1
6761547022965,2092195,92,-1,1,0,-1
6761547022965,2092195,92,-1,1,0,-1
6761547062687,2092195,92,-1,1,0,-1
6761547107354,2092195,92,-1,1,0,-1
6761547155447,2092195,92,-1,1,0,-1
6761547155447,2092195,92,-1,1,0,-1
6761547195780,2092195,92,-1,1,0,-1
6761547239798,2092195,92,-1,1,0,-1
6761547283965,2092195,92,-1,1,0,-1
6761547354484,2092195,92,-1,1,0,-1
6761547399187,2092195,92,-1,1,0,-1
6761547447243,2092195,92,-1,1,0,-1
6761547447243,2092195,92,-1,1,0,-1
6761547487595,2092195,92,-1,1,0,-1
6761547531984,2092195,92,-1,1,0,-1
6761547580095,2092195,92,-1,1,0,-1
6761547580095,2092195,92,-1,1,0,-1
6761547620243,2092195,92,-1,1,0,-1
6761547664521,2092195,92,-1,1,0,-1
6761547712965,2092195,92,-1,1,0,-1
6761547712965,2092195,92,-1,1,0,-1
6761547752947,2092195,92,-1,1,0,-1
6761547797354,2092195,92,-1,1,0,-1
6761547845113,2092195,92,-1,1,0,-1
6761547845113,2092195,92,-1,1,0,-1
6761547885965,2092195,92,-1,1,0,-1
6761547933872,2092195,92,-1,1,0,-1
6761547933872,2092195,92,-1,1,0,-1
6761547973946,2092195,92,-1,1,0,-1
6761548028280,2092195,92,-1,1,0,-1
6761548067539,2092195,92,-1,1,0,-1
6761548067539,2092195,92,-1,1,0,-1
6761548107798,2092195,92,-1,1,0,-1
6761548156446,2092195,92,-1,1,0,-1
6761548156446,2092195,92,-1,1,0,-1
6761548195798,2092195,92,-1,1,0,-1
6761548240391,2092195,92,-1,1,0,-1
6761548284224,2092195,92,-1,1,0,-1
6761548354780,2092195,92,-1,1,0,-1
6761548400113,2092195,92,-1,1,0,-1
6761548447576,2092195,92,-1,1,0,-1
6761548447576,2092195,92,-1,1,0,-1
6761548525743,2092195,92,-1,1,0,-1
6761548525743,2092195,92,-1,1,0,-1
6761548580835,2092195,92,-1,1,0,-1
6761548580835,2092195,92,-1,1,0,-1
6761548620576,2092195,92,-1,1,0,-1
6761548664946,2092195,92,-1,1,0,-1
6761548713465,2092195,92,-1,1,0,-1
6761548713465,2092195,92,-1,1,0,-1
6761548752928,2092195,92,-1,1,0,-1
6761548797465,2092195,92,-1,1,0,-1
6761548845928,2092195,92,-1,1,0,-1
6761548845928,2092195,92,-1,1,0,-1
6761548885946,2092195,92,-1,1,0,-1
6761548930372,2092195,92,-1,1,0,-1
6761548978687,2092195,92,-1,1,0,-1
6761548978687,2092195,92,-1,1,0,-1
6761549018650,2092195,92,-1,1,0,-1
6761549062872,2092195,92,-1,1,0,-1
6761549111187,2092195,92,-1,1,0,-1
6761549111187,2092195,92,-1,1,0,-1
6761549151317,2092195,92,-1,1,0,-1
6761549195409,2092195,92,-1,1,0,-1
6761549243946,2092195,92,-1,1,0,-1
6761549243946,2092195,92,-1,1,0,-1
6761549354372,2092195,92,-1,1,0,-1
6761549402854,2092195,92,-1,1,0,-1
6761549402854,2092195,92,-1,1,0,-1
6761549443428,2092195,92,-1,1,0,-1
6761549491335,2092195,92,-1,1,0,-1
6761549491335,2092195,92,-1,1,0,-1
6761549531483,2092195,92,-1,1,0,-1
6761549580205,2092195,92,-1,1,0,-1
6761549580205,2092195,92,-1,1,0,-1
6761549620391,2092195,92,-1,1,0,-1
6761549668613,2092195,92,-1,1,0,-1
6761549668613,2092195,92,-1,1,0,-1
6761549708650,2092195,92,-1,1,0,-1
6761549752817,2092195,92,-1,1,0,-1
6761549801150,2092195,92,-1,1,0,-1
6761549801150,2092195,92,-1,1,0,-1
6761549841279,2092195,92,-1,1,0,-1
6761549889928,2092195,92,-1,1,0,-1
6761549889928,2092195,92,-1,1,0,-1
6761549929872,2092195,92,-1,1,0,-1
6761549974205,2092195,92,-1,1,0,-1
6761550022557,2092195,92,-1,1,0,-1
6761550022557,2092195,92,-1,1,0,-1
6761550062687,2092195,92,-1,1,0,-1
6761550111131,2092195,92,-1,1,0,-1
6761550111131,2092195,92,-1,1,0,-1
6761550151113,2092195,92,-1,1,0,-1
6761550195372,2092195,92,-1,1,0,-1
6761550243705,2092195,92,-1,1,0,-1
6761550243705,2092195,92,-1,1,0,-1
6761550355020,2092195,92,-1,1,0,-1
6761550402798,2092195,92,-1,1,0,-1
6761550402798,2092195,92,-1,1,0,-1
6761550443409,2092195,92,-1,1,0,-1
6761550487557,2092195,92,-1,1,0,-1
6761550536076,2092195,92,-1,1,0,-1
6761550536076,2092195,92,-1,1,0,-1
6761550576187,2092195,92,-1,1,0,-1
6761550620409,2092195,92,-1,1,0,-1
6761550668779,2092195,92,-1,1,0,-1
6761550668779,2092195,92,-1,1,0,-1
6761550709002,2092195,92,-1,1,0,-1
6761550752946,2092195,92,-1,1,0,-1
6761550801779,2092195,92,-1,1,0,-1
6761550801779,2092195,92,-1,1,0,-1
6761550841650,2092195,92,-1,1,0,-1
6761550886205,2092195,92,-1,1,0,-1
6761550934409,2092195,92,-1,1,0,-1
6761550934409,2092195,92,-1,1,0,-1
6761550974557,2092195,92,-1,1,0,-1
6761551018742,2092195,92,-1,1,0,-1
6761551067113,2092195,92,-1,1,0,-1
6761551067113,2092195,92,-1,1,0,-1
6761551107150,2092195,92,-1,1,0,-1
6761551151576,2092195,92,-1,1,0,-1
6761551199742,2092195,92,-1,1,0,-1
6761551199742,2092195,92,-1,1,0,-1
6761551239927,2092195,92,-1,1,0,-1
6761551284113,2092195,92,-1,1,0,-1
6761551354705,2092195,92,-1,1,0,-1
6761551398687,2092195,92,-1,1,0,-1
6761551447261,2092195,92,-1,1,0,-1
6761551447261,2092195,92,-1,1,0,-1
6761551487446,2092195,92,-1,1,0,-1
6761551535650,2092195,92,-1,1,0,-1
6761551535650,2092195,92,-1,1,0,-1
6761551576112,2092195,92,-1,1,0,-1
6761551620112,2092195,92,-1,1,0,-1
6761551690168,2092195,92,-1,1,0,-1
6761551690168,2092195,92,-1,1,0,-1
6761551706390,2092195,92,-1,1,0,-1
6761551754038,2092195,92,-1,1,0,-1
6761551801761,2092195,92,-1,1,0,-1
6761551801761,2092195,92,-1,1,0,-1
6761551842594,2092195,92,-1,1,0,-1
6761551890927,2092195,92,-1,1,0,-1
6761551890927,2092195,92,-1,1,0,-1
6761551930909,2092195,92,-1,1,0,-1
6761551975279,2092195,92,-1,1,0,-1
6761552029001,2092195,92,-1,1,0,-1
6761552029001,2092195,92,-1,1,0,-1
6761552064446,2092195,92,-1,1,0,-1
6761552108279,2092195,92,-1,1,0,-1
6761552156261,2092195,92,-1,1,0,-1
6761552156261,2092195,92,-1,1,0,-1
6761552196964,2092195,92,-1,1,0,-1
6761552244909,2092195,92,-1,1,0,-1
6761552244909,2092195,92,-1,1,0,-1
6761552354649,2092195,92,-1,1,0,-1
6761552402964,2092195,92,-1,1,0,-1
6761552402964,2092195,92,-1,1,0,-1
6761552443483,2092195,92,-1,1,0,-1
6761552491946,2092195,92,-1,1,0,-1
6761552491946,2092195,92,-1,1,0,-1
6761552531927,2092195,92,-1,1,0,-1
6761552576020,2092195,92,-1,1,0,-1
6761552624446,2092195,92,-1,1,0,-1
6761552624446,2092195,92,-1,1,0,-1
6761552664705,2092195,92,-1,1,0,-1
6761552708964,2092195,92,-1,1,0,-1
6761552757205,2092195,92,-1,1,0,-1
6761552757205,2092195,92,-1,1,0,-1
6761552797297,2092195,92,-1,1,0,-1
6761552841834,2092195,92,-1,1,0,-1
6761552890520,2092195,92,-1,1,0,-1
6761552890520,2092195,92,-1,1,0,-1
6761552930057,2092195,92,-1,1,0,-1
6761552974501,2092195,92,-1,1,0,-1
6761553022890,2092195,92,-1,1,0,-1
6761553022890,2092195,92,-1,1,0,-1
6761553062946,2092195,92,-1,1,0,-1
6761553106890,2092195,92,-1,1,0,-1
6761553155112,2092195,92,-1,1,0,-1
6761553155112,2092195,92,-1,1,0,-1
6761553195575,2092195,92,-1,1,0,-1
6761553240020,2092195,92,-1,1,0,-1
6761553284427,2092195,92,-1,1,0,-1
6761553354871,2092195,92,-1,1,0,-1
6761553399334,2092195,92,-1,1,0,-1
6761553447594,2092195,92,-1,1,0,-1
6761553447594,2092195,92,-1,1,0,-1
6761553487557,2092195,92,-1,1,0,-1
6761553532112,2092195,92,-1,1,0,-1
6761553580316,2092195,92,-1,1,0,-1
6761553580316,2092195,92,-1,1,0,-1
6761553620612,2092195,92,-1,1,0,-1
6761553668482,2092195,92,-1,1,0,-1
6761553668482,2092195,92,-1,1,0,-1
6761553709131,2092195,92,-1,1,0,-1
6761553757149,2092195,92,-1,1,0,-1
6761553757149,2092195,92,-1,1,0,-1
6761553797686,2092195,92,-1,1,0,-1
6761553846242,2092195,92,-1,1,0,-1
6761553846242,2092195,92,-1,1,0,-1
6761553886408,2092195,92,-1,1,0,-1
6761553929964,2092195,92,-1,1,0,-1
6761553976223,2092195,92,-1,1,0,-1
6761553976223,2092195,92,-1,1,0,-1
6761554015093,2092195,92,-1,1,0,-1
6761554062149,2092195,92,-1,1,0,-1
6761554062149,2092195,92,-1,1,0,-1
6761554102223,2092195,92,-1,1,0,-1
6761554150186,2092195,92,-1,1,0,-1
6761554150186,2092195,92,-1,1,0,-1
6761554190668,2092195,92,-1,1,0,-1
6761554239630,2092195,92,-1,1,0,-1
6761554239630,2092195,92,-1,1,0,-1
6761554350001,2092195,92,-1,1,0,-1
6761554436038,2092195,92,-1,1,0,-1
6761554436038,2092195,92,-1,1,0,-1
6761554452371,2092195,92,-1,1,0,-1
6761554490575,2092195,92,-1,1,0,-1
6761554490575,2092195,92,-1,1,0,-1
6761554538242,2092195,92,-1,1,0,-1
6761554577890,2092195,92,-1,1,0,-1
6761554577890,2092195,92,-1,1,0,-1
6761554618556,2092195,92,-1,1,0,-1
6761554670871,2092195,92,-1,1,0,-1
6761554670871,2092195,92,-1,1,0,-1
6761554711593,2092195,92,-1,1,0,-1
6761554777890,2092195,92,-1,1,0,-1
6761554777890,2092195,92,-1,1,0,-1
6761554818501,2092195,92,-1,1,0,-1
6761554885019,2092195,92,-1,1,0,-1
6761554885019,2092195,92,-1,1,0,-1
6761554925093,2092195,92,-1,1,0,-1
6761554975741,2092195,92,-1,1,0,-1
6761554975741,2092195,92,-1,1,0,-1
6761555016575,2092195,92,-1,1,0,-1
6761555070741,2092195,92,-1,1,0,-1
6761555109241,2092195,92,-1,1,0,-1
6761555109241,2092195,92,-1,1,0,-1
6761555148964,2092195,92,-1,1,0,-1
6761555193223,2092195,92,-1,1,0,-1
6761555241445,2092195,92,-1,1,0,-1
6761555241445,2092195,92,-1,1,0,-1
6761555349723,2092195,92,-1,1,0,-1
6761555402871,2092195,92,-1,1,0,-1
6761555402871,2092195,92,-1,1,0,-1
6761555443297,2092195,92,-1,1,0,-1
6761555498889,2092195,92,-1,1,0,-1
6761555498889,2092195,92,-1,1,0,-1
6761555531908,2092195,92,-1,1,0,-1
6761555576019,2092195,92,-1,1,0,-1
6761555624167,2092195,92,-1,1,0,-1
6761555624167,2092195,92,-1,1,0,-1
6761555664464,2092195,92,-1,1,0,-1
6761555721315,2092195,92,-1,1,0,-1
6761555721315,2092195,92,-1,1,0,-1
6761555757056,2092195,92,-1,1,0,-1
6761555801482,2092195,92,-1,1,0,-1
6761555849575,2092195,92,-1,1,0,-1
6761555849575,2092195,92,-1,1,0,-1
6761555890204,2092195,92,-1,1,0,-1
6761555938649,2092195,92,-1,1,0,-1
6761555938649,2092195,92,-1,1,0,-1
6761555979112,2092195,92,-1,1,0,-1
6761556039704,2092195,92,-1,1,0,-1
6761556039704,2092195,92,-1,1,0,-1
6761556068000,2092195,92,-1,1,0,-1
6761556111871,2092195,92,-1,1,0,-1
6761556160352,2092195,92,-1,1,0,-1
6761556160352,2092195,92,-1,1,0,-1
6761556200352,2092195,92,-1,1,0,-1
6761556255926,2092195,92,-1,1,0,-1
6761556255926,2092195,92,-1,1,0,-1
6761556357834,2092195,92,-1,1,0,-1
6761556397519,2092195,92,-1,1,0,-1
6761556397519,2092195,92,-1,1,0,-1
6761556438186,2092195,92,-1,1,0,-1
6761556486037,2092195,92,-1,1,0,-1
6761556486037,2092195,92,-1,1,0,-1
6761556526723,2092195,92,-1,1,0,-1
6761556575297,2092195,92,-1,1,0,-1
6761556575297,2092195,92,-1,1,0,-1
6761556616260,2092195,92,-1,1,0,-1
6761556664111,2092195,92,-1,1,0,-1
6761556664111,2092195,92,-1,1,0,-1
6761556704500,2092195,92,-1,1,0,-1
6761556748686,2092195,92,-1,1,0,-1
6761556796667,2092195,92,-1,1,0,-1
6761556796667,2092195,92,-1,1,0,-1
6761556837445,2092195,92,-1,1,0,-1
6761556885056,2092195,92,-1,1,0,-1
6761556885056,2092195,92,-1,1,0,-1
6761556926278,2092195,92,-1,1,0,-1
6761556973574,2092195,92,-1,1,0,-1
6761556973574,2092195,92,-1,1,0,-1
6761557014556,2092195,92,-1,1,0,-1
6761557062000,2092195,92,-1,1,0,-1
6761557062000,2092195,92,-1,1,0,-1
6761557103315,2092195,92,-1,1,0,-1
6761557150426,2092195,92,-1,1,0,-1
6761557150426,2092195,92,-1,1,0,-1
6761557191408,2092195,92,-1,1,0,-1
6761557239611,2092195,92,-1,1,0,-1
6761557239611,2092195,92,-1,1,0,-1
6761557349797,2092195,92,-1,1,0,-1
6761557397685,2092195,92,-1,1,0,-1
6761557397685,2092195,92,-1,1,0,-1
6761557438167,2092195,92,-1,1,0,-1
6761557485871,2092195,92,-1,1,0,-1
6761557485871,2092195,92,-1,1,0,-1
6761557526871,2092195,92,-1,1,0,-1
6761557574389,2092195,92,-1,1,0,-1
6761557574389,2092195,92,-1,1,0,-1
6761557615204,2092195,92,-1,1,0,-1
6761557663056,2092195,92,-1,1,0,-1
6761557663056,2092195,92,-1,1,0,-1
6761557703778,2092195,92,-1,1,0,-1
6761557751445,2092195,92,-1,1,0,-1
6761557751445,2092195,92,-1,1,0,-1
6761557792259,2092195,92,-1,1,0,-1
6761557840000,2092195,92,-1,1,0,-1
6761557840000,2092195,92,-1,1,0,-1
6761557880685,2092195,92,-1,1,0,-1
6761557928611,2092195,92,-1,1,0,-1
6761557928611,2092195,92,-1,1,0,-1
6761557969130,2092195,92,-1,1,0,-1
6761558017148,2092195,92,-1,1,0,-1
6761558017148,2092195,92,-1,1,0,-1
6761558057722,2092195,92,-1,1,0,-1
6761558105519,2092195,92,-1,1,0,-1
6761558105519,2092195,92,-1,1,0,-1
6761558146259,2092195,92,-1,1,0,-1
6761558193982,2092195,92,-1,1,0,-1
6761558193982,2092195,92,-1,1,0,-1
6761558234685,2092195,92,-1,1,0,-1
6761558279074,2092195,92,-1,1,0,-1
6761558349907,2092195,92,-1,1,0,-1
6761558394222,2092195,92,-1,1,0,-1
6761558443111,2092195,92,-1,1,0,-1
6761558443111,2092195,92,-1,1,0,-1
6761558482759,2092195,92,-1,1,0,-1
6761558530630,2092195,92,-1,1,0,-1
6761558530630,2092195,92,-1,1,0,-1
6761558571315,2092195,92,-1,1,0,-1
6761558615037,2092195,92,-1,1,0,-1
6761558663278,2092195,92,-1,1,0,-1
6761558663278,2092195,92,-1,1,0,-1
6761558703852,2092195,92,-1,1,0,-1
6761558751722,2092195,92,-1,1,0,-1
6761558751722,2092195,92,-1,1,0,-1
6761558792407,2092195,92,-1,1,0,-1
6761558840259,2092195,92,-1,1,0,-1
6761558840259,2092195,92,-1,1,0,-1
6761558881055,2092195,92,-1,1,0,-1
6761558928963,2092195,92,-1,1,0,-1
6761558928963,2092195,92,-1,1,0,-1
6761558969389,2092195,92,-1,1,0,-1
6761559017259,2092195,92,-1,1,0,-1
6761559017259,2092195,92,-1,1,0,-1
6761559058185,2092195,92,-1,1,0,-1
6761559105574,2092195,92,-1,1,0,-1
6761559105574,2092195,92,-1,1,0,-1
6761559146370,2092195,92,-1,1,0,-1
6761559193907,2092195,92,-1,1,0,-1
6761559193907,2092195,92,-1,1,0,-1
6761559235167,2092195,92,-1,1,0,-1
6761559279018,2092195,92,-1,1,0,-1
6761559350037,2092195,92,-1,1,0,-1
6761559393926,2092195,92,-1,1,0,-1
6761559442185,2092195,92,-1,1,0,-1
6761559442185,2092195,92,-1,1,0,-1
6761559482722,2092195,92,-1,1,0,-1
6761559530592,2092195,92,-1,1,0,-1
6761559530592,2092195,92,-1,1,0,-1
6761559571204,2092195,92,-1,1,0,-1
6761559619407,2092195,92,-1,1,0,-1
6761559619407,2092195,92,-1,1,0,-1
6761559659741,2092195,92,-1,1,0,-1
6761559707759,2092195,92,-1,1,0,-1
6761559707759,2092195,92,-1,1,0,-1
6761559748166,2092195,92,-1,1,0,-1
6761559795741,2092195,92,-1,1,0,-1
6761559795741,2092195,92,-1,1,0,-1
6761559836796,2092195,92,-1,1,0,-1
6761559884463,2092195,92,-1,1,0,-1
6761559884463,2092195,92,-1,1,0,-1
6761559925240,2092195,92,-1,1,0,-1
6761559973240,2092195,92,-1,1,0,-1
6761559973240,2092195,92,-1,1,0,-1
6761560017352,2092195,92,-1,1,0,-1
6761560061981,2092195,92,-1,1,0,-1
6761560061981,2092195,92,-1,1,0,-1
6761560102648,2092195,92,-1,1,0,-1
6761560150037,2092195,92,-1,1,0,-1
6761560150037,2092195,92,-1,1,0,-1
6761560190666,2092195,92,-1,1,0,-1
6761560238537,2092195,92,-1,1,0,-1
6761560238537,2092195,92,-1,1,0,-1
6761560350314,2092195,92,-1,1,0,-1
6761560397926,2092195,92,-1,1,0,-1
6761560397926,2092195,92,-1,1,0,-1
6761560438740,2092195,92,-1,1,0,-1
6761560486629,2092195,92,-1,1,0,-1
6761560486629,2092195,92,-1,1,0,-1
6761560527240,2092195,92,-1,1,0,-1
6761560575185,2092195,92,-1,1,0,-1
6761560575185,2092195,92,-1,1,0,-1
6761560615685,2092195,92,-1,1,0,-1
6761560663888,2092195,92,-1,1,0,-1
6761560663888,2092195,92,-1,1,0,-1
6761560704314,2092195,92,-1,1,0,-1
6761560748444,2092195,92,-1,1,0,-1
6761560796463,2092195,92,-1,1,0,-1
6761560796463,2092195,92,-1,1,0,-1
6761560836981,2092195,92,-1,1,0,-1
6761560880944,2092195,92,-1,1,0,-1
6761560929203,2092195,92,-1,1,0,-1
6761560929203,2092195,92,-1,1,0,-1
6761560970018,2092195,92,-1,1,0,-1
6761561017592,2092195,92,-1,1,0,-1
6761561017592,2092195,92,-1,1,0,-1
6761561058259,2092195,92,-1,1,0,-1
6761561106518,2092195,92,-1,1,0,-1
6761561106518,2092195,92,-1,1,0,-1
6761561146685,2092195,92,-1,1,0,-1
6761561194666,2092195,92,-1,1,0,-1
6761561194666,2092195,92,-1,1,0,-1
6761561235629,2092195,92,-1,1,0,-1
6761561279851,2092195,92,-1,1,0,-1
6761561349759,2092195,92,-1,1,0,-1
6761561395092,2092195,92,-1,1,0,-1
6761561442222,2092195,92,-1,1,0,-1
6761561442222,2092195,92,-1,1,0,-1
6761561482999,2092195,92,-1,1,0,-1
6761561530944,2092195,92,-1,1,0,-1
6761561530944,2092195,92,-1,1,0,-1
6761561571555,2092195,92,-1,1,0,-1
6761561619407,2092195,92,-1,1,0,-1
6761561619407,2092195,92,-1,1,0,-1
6761561659925,2092195,92,-1,1,0,-1
6761561708148,2092195,92,-1,1,0,-1
6761561708148,2092195,92,-1,1,0,-1
6761561748592,2092195,92,-1,1,0,-1
6761561796314,2092195,92,-1,1,0,-1
6761561796314,2092195,92,-1,1,0,-1
6761561837073,2092195,92,-1,1,0,-1
6761561885036,2092195,92,-1,1,0,-1
6761561885036,2092195,92,-1,1,0,-1
6761561925481,2092195,92,-1,1,0,-1
6761561973499,2092195,92,-1,1,0,-1
6761561973499,2092195,92,-1,1,0,-1
6761562014333,2092195,92,-1,1,0,-1
6761562062296,2092195,92,-1,1,0,-1
6761562062296,2092195,92,-1,1,0,-1
6761562102518,2092195,92,-1,1,0,-1
6761562150851,2092195,92,-1,1,0,-1
6761562150851,2092195,92,-1,1,0,-1
6761562190851,2092195,92,-1,1,0,-1
6761562238981,2092195,92,-1,1,0,-1
6761562238981,2092195,92,-1,1,0,-1
6761562350425,2092195,92,-1,1,0,-1
6761562398166,2092195,92,-1,1,0,-1
6761562398166,2092195,92,-1,1,0,-1
6761562438999,2092195,92,-1,1,0,-1
6761562487036,2092195,92,-1,1,0,-1
6761562487036,2092195,92,-1,1,0,-1
6761562527203,2092195,92,-1,1,0,-1
6761562575277,2092195,92,-1,1,0,-1
6761562575277,2092195,92,-1,1,0,-1
6761562615703,2092195,92,-1,1,0,-1
6761562663666,2092195,92,-1,1,0,-1
6761562663666,2092195,92,-1,1,0,-1
6761562704277,2092195,92,-1,1,0,-1
6761562752647,2092195,92,-1,1,0,-1
6761562752647,2092195,92,-1,1,0,-1
6761562792740,2092195,92,-1,1,0,-1
6761562840870,2092195,92,-1,1,0,-1
6761562840870,2092195,92,-1,1,0,-1
6761562881314,2092195,92,-1,1,0,-1
6761562929240,2092195,92,-1,1,0,-1
6761562929240,2092195,92,-1,1,0,-1
6761562969740,2092195,92,-1,1,0,-1
6761563017647,2092195,92,-1,1,0,-1
6761563017647,2092195,92,-1,1,0,-1
6761563058499,2092195,92,-1,1,0,-1
6761563106555,2092195,92,-1,1,0,-1
6761563106555,2092195,92,-1,1,0,-1
6761563146703,2092195,92,-1,1,0,-1
6761563195055,2092195,92,-1,1,0,-1
6761563195055,2092195,92,-1,1,0,-1
6761563235184,2092195,92,-1,1,0,-1
6761563279444,2092195,92,-1,1,0,-1
6761563350110,2092195,92,-1,1,0,-1
6761563394462,2092195,92,-1,1,0,-1
6761563442906,2092195,92,-1,1,0,-1
6761563442906,2092195,92,-1,1,0,-1
6761563483295,2092195,92,-1,1,0,-1
6761563526999,2092195,92,-1,1,0,-1
6761563575443,2092195,92,-1,1,0,-1
6761563575443,2092195,92,-1,1,0,-1
6761563616221,2092195,92,-1,1,0,-1
6761563663832,2092195,92,-1,1,0,-1
6761563663832,2092195,92,-1,1,0,-1
6761563704314,2092195,92,-1,1,0,-1
6761563752499,2092195,92,-1,1,0,-1
6761563752499,2092195,92,-1,1,0,-1
6761563792758,2092195,92,-1,1,0,-1
6761563840740,2092195,92,-1,1,0,-1
6761563840740,2092195,92,-1,1,0,-1
6761563881258,2092195,92,-1,1,0,-1
6761563929555,2092195,92,-1,1,0,-1
6761563929555,2092195,92,-1,1,0,-1
6761563970166,2092195,92,-1,1,0,-1
6761564021777,2092195,92,-1,1,0,-1
6761564021777,2092195,92,-1,1,0,-1
6761564058592,2092195,92,-1,1,0,-1
6761564102462,2092195,92,-1,1,0,-1
6761564150758,2092195,92,-1,1,0,-1
6761564150758,2092195,92,-1,1,0,-1
6761564191258,2092195,92,-1,1,0,-1
6761564239536,2092195,92,-1,1,0,-1
6761564239536,2092195,92,-1,1,0,-1
6761564350369,2092195,92,-1,1,0,-1
6761564398129,2092195,92,-1,1,0,-1
6761564398129,2092195,92,-1,1,0,-1
6761564438962,2092195,92,-1,1,0,-1
6761564487240,2092195,92,-1,1,0,-1
6761564487240,2092195,92,-1,1,0,-1
6761564527554,2092195,92,-1,1,0,-1
6761564571721,2092195,92,-1,1,0,-1
6761564619740,2092195,92,-1,1,0,-1
6761564619740,2092195,92,-1,1,0,-1
6761564660647,2092195,92,-1,1,0,-1
6761564708258,2092195,92,-1,1,0,-1
6761564708258,2092195,92,-1,1,0,-1
6761564748777,2092195,92,-1,1,0,-1
6761564796740,2092195,92,-1,1,0,-1
6761564796740,2092195,92,-1,1,0,-1
6761564837388,2092195,92,-1,1,0,-1
6761564885036,2092195,92,-1,1,0,-1
6761564885036,2092195,92,-1,1,0,-1
6761564925702,2092195,92,-1,1,0,-1
6761564969647,2092195,92,-1,1,0,-1
6761565017832,2092195,92,-1,1,0,-1
6761565017832,2092195,92,-1,1,0,-1
6761565058351,2092195,92,-1,1,0,-1
6761565106351,2092195,92,-1,1,0,-1
6761565106351,2092195,92,-1,1,0,-1
6761565146832,2092195,92,-1,1,0,-1
6761565195091,2092195,92,-1,1,0,-1
6761565195091,2092195,92,-1,1,0,-1
6761565235388,2092195,92,-1,1,0,-1
6761565279684,2092195,92,-1,1,0,-1
6761565350462,2092195,92,-1,1,0,-1
6761565394684,2092195,92,-1,1,0,-1
6761565442517,2092195,92,-1,1,0,-1
6761565442517,2092195,92,-1,1,0,-1
6761565483147,2092195,92,-1,1,0,-1
6761565531128,2092195,92,-1,1,0,-1
6761565531128,2092195,92,-1,1,0,-1
6761565572165,2092195,92,-1,1,0,-1
6761565619369,2092195,92,-1,1,0,-1
6761565619369,2092195,92,-1,1,0,-1
6761565660202,2092195,92,-1,1,0,-1
6761565708110,2092195,92,-1,1,0,-1
6761565708110,2092195,92,-1,1,0,-1
6761565748628,2092195,92,-1,1,0,-1
6761565796573,2092195,92,-1,1,0,-1
6761565796573,2092195,92,-1,1,0,-1
6761565837184,2092195,92,-1,1,0,-1
6761565885554,2092195,92,-1,1,0,-1
6761565885554,2092195,92,-1,1,0,-1
6761565925684,2092195,92,-1,1,0,-1
6761565973628,2092195,92,-1,1,0,-1
6761565973628,2092195,92,-1,1,0,-1
6761566014147,2092195,92,-1,1,0,-1
6761566062202,2092195,92,-1,1,0,-1
6761566062202,2092195,92,-1,1,0,-1
6761566102832,2092195,92,-1,1,0,-1
6761566150702,2092195,92,-1,1,0,-1
6761566150702,2092195,92,-1,1,0,-1
6761566191702,2092195,92,-1,1,0,-1
6761566239443,2092195,92,-1,1,0,-1
6761566239443,2092195,92,-1,1,0,-1
6761566350406,2092195,92,-1,1,0,-1
6761566398036,2092195,92,-1,1,0,-1
6761566398036,2092195,92,-1,1,0,-1
6761566438924,2092195,92,-1,1,0,-1
6761566487036,2092195,92,-1,1,0,-1
6761566487036,2092195,92,-1,1,0,-1
6761566527554,2092195,92,-1,1,0,-1
6761566575684,2092195,92,-1,1,0,-1
6761566575684,2092195,92,-1,1,0,-1
6761566616147,2092195,92,-1,1,0,-1
6761566659998,2092195,92,-1,1,0,-1
6761566708054,2092195,92,-1,1,0,-1
6761566708054,2092195,92,-1,1,0,-1
6761566748869,2092195,92,-1,1,0,-1
6761566796924,2092195,92,-1,1,0,-1
6761566796924,2092195,92,-1,1,0,-1
6761566837461,2092195,92,-1,1,0,-1
6761566881480,2092195,92,-1,1,0,-1
6761566929572,2092195,92,-1,1,0,-1
6761566929572,2092195,92,-1,1,0,-1
6761566969869,2092195,92,-1,1,0,-1
6761567017850,2092195,92,-1,1,0,-1
6761567017850,2092195,92,-1,1,0,-1
6761567058406,2092195,92,-1,1,0,-1
6761567106387,2092195,92,-1,1,0,-1
6761567106387,2092195,92,-1,1,0,-1
6761567146998,2092195,92,-1,1,0,-1
6761567190980,2092195,92,-1,1,0,-1
6761567239609,2092195,92,-1,1,0,-1
6761567239609,2092195,92,-1,1,0,-1
6761567350332,2092195,92,-1,1,0,-1
6761567397869,2092195,92,-1,1,0,-1
6761567397869,2092195,92,-1,1,0,-1
6761567438498,2092195,92,-1,1,0,-1
6761567487054,2092195,92,-1,1,0,-1
6761567487054,2092195,92,-1,1,0,-1
6761567526869,2092195,92,-1,1,0,-1
6761567571054,2092195,92,-1,1,0,-1
6761567619239,2092195,92,-1,1,0,-1
6761567619239,2092195,92,-1,1,0,-1
6761567659980,2092195,92,-1,1,0,-1
6761567707980,2092195,92,-1,1,0,-1
6761567707980,2092195,92,-1,1,0,-1
6761567748406,2092195,92,-1,1,0,-1
6761567796572,2092195,92,-1,1,0,-1
6761567796572,2092195,92,-1,1,0,-1
6761567836609,2092195,92,-1,1,0,-1
6761567884887,2092195,92,-1,1,0,-1
6761567884887,2092195,92,-1,1,0,-1
6761567925294,2092195,92,-1,1,0,-1
6761567973443,2092195,92,-1,1,0,-1
6761567973443,2092195,92,-1,1,0,-1
6761568016869,2092195,92,-1,1,0,-1
6761568061831,2092195,92,-1,1,0,-1
6761568061831,2092195,92,-1,1,0,-1
6761568105350,2092195,92,-1,1,0,-1
6761568150517,2092195,92,-1,1,0,-1
6761568150517,2092195,92,-1,1,0,-1
6761568190924,2092195,92,-1,1,0,-1
6761568238461,2092195,92,-1,1,0,-1
6761568238461,2092195,92,-1,1,0,-1
6761568350980,2092195,92,-1,1,0,-1
6761568398461,2092195,92,-1,1,0,-1
6761568398461,2092195,92,-1,1,0,-1
6761568439183,2092195,92,-1,1,0,-1
6761568486980,2092195,92,-1,1,0,-1
6761568486980,2092195,92,-1,1,0,-1
6761568527943,2092195,92,-1,1,0,-1
6761568575702,2092195,92,-1,1,0,-1
6761568575702,2092195,92,-1,1,0,-1
6761568616202,2092195,92,-1,1,0,-1
6761568660294,2092195,92,-1,1,0,-1
6761568708442,2092195,92,-1,1,0,-1
6761568708442,2092195,92,-1,1,0,-1
6761568748961,2092195,92,-1,1,0,-1
6761568792831,2092195,92,-1,1,0,-1
6761568841146,2092195,92,-1,1,0,-1
6761568841146,2092195,92,-1,1,0,-1
6761568881757,2092195,92,-1,1,0,-1
6761568929646,2092195,92,-1,1,0,-1
6761568929646,2092195,92,-1,1,0,-1
6761568969961,2092195,92,-1,1,0,-1
6761569018479,2092195,92,-1,1,0,-1
6761569018479,2092195,92,-1,1,0,-1
6761569058646,2092195,92,-1,1,0,-1
6761569106776,2092195,92,-1,1,0,-1
6761569106776,2092195,92,-1,1,0,-1
6761569147239,2092195,92,-1,1,0,-1
6761569195331,2092195,92,-1,1,0,-1
6761569195331,2092195,92,-1,1,0,-1
6761569235646,2092195,92,-1,1,0,-1
6761569279739,2092195,92,-1,1,0,-1
6761569350516,2092195,92,-1,1,0,-1
6761569394905,2092195,92,-1,1,0,-1
6761569443220,2092195,92,-1,1,0,-1
6761569443220,2092195,92,-1,1,0,-1
6761569483498,2092195,92,-1,1,0,-1
6761569531905,2092195,92,-1,1,0,-1
6761569531905,2092195,92,-1,1,0,-1
6761569571924,2092195,92,-1,1,0,-1
6761569616165,2092195,92,-1,1,0,-1
6761569664090,2092195,92,-1,1,0,-1
6761569664090,2092195,92,-1,1,0,-1
6761569704683,2092195,92,-1,1,0,-1
6761569752516,2092195,92,-1,1,0,-1
6761569752516,2092195,92,-1,1,0,-1
6761569793405,2092195,92,-1,1,0,-1
6761569841164,2092195,92,-1,1,0,-1
6761569841164,2092195,92,-1,1,0,-1
6761569881702,2092195,92,-1,1,0,-1
6761569929757,2092195,92,-1,1,0,-1
6761569929757,2092195,92,-1,1,0,-1
6761569970183,2092195,92,-1,1,0,-1
6761570017998,2092195,92,-1,1,0,-1
6761570017998,2092195,92,-1,1,0,-1
6761570058961,2092195,92,-1,1,0,-1
6761570106442,2092195,92,-1,1,0,-1
6761570106442,2092195,92,-1,1,0,-1
6761570147127,2092195,92,-1,1,0,-1
6761570195238,2092195,92,-1,1,0,-1
6761570195238,2092195,92,-1,1,0,-1
6761570235757,2092195,92,-1,1,0,-1
6761570279609,2092195,92,-1,1,0,-1
6761570350813,2092195,92,-1,1,0,-1
6761570394553,2092195,92,-1,1,0,-1
6761570442998,2092195,92,-1,1,0,-1
6761570442998,2092195,92,-1,1,0,-1
6761570483257,2092195,92,-1,1,0,-1
6761570527609,2092195,92,-1,1,0,-1
6761570575553,2092195,92,-1,1,0,-1
6761570575553,2092195,92,-1,1,0,-1
6761570616646,2092195,92,-1,1,0,-1
6761570664016,2092195,92,-1,1,0,-1
6761570664016,2092195,92,-1,1,0,-1
6761570704701,2092195,92,-1,1,0,-1
6761570752646,2092195,92,-1,1,0,-1
6761570752646,2092195,92,-1,1,0,-1
6761570793275,2092195,92,-1,1,0,-1
6761570841164,2092195,92,-1,1,0,-1
6761570841164,2092195,92,-1,1,0,-1
6761570881627,2092195,92,-1,1,0,-1
6761570929738,2092195,92,-1,1,0,-1
6761570929738,2092195,92,-1,1,0,-1
6761570970257,2092195,92,-1,1,0,-1
6761571014349,2092195,92,-1,1,0,-1
6761571062720,2092195,92,-1,1,0,-1
6761571062720,2092195,92,-1,1,0,-1
6761571103183,2092195,92,-1,1,0,-1
6761571150886,2092195,92,-1,1,0,-1
6761571150886,2092195,92,-1,1,0,-1
6761571191461,2092195,92,-1,1,0,-1
6761571239442,2092195,92,-1,1,0,-1
6761571239442,2092195,92,-1,1,0,-1
6761571350794,2092195,92,-1,1,0,-1
6761571398405,2092195,92,-1,1,0,-1
6761571398405,2092195,92,-1,1,0,-1
6761571439368,2092195,92,-1,1,0,-1
6761571487201,2092195,92,-1,1,0,-1
6761571487201,2092195,92,-1,1,0,-1
6761571544905,2092195,92,-1,1,0,-1
6761571575849,2092195,92,-1,1,0,-1
6761571575849,2092195,92,-1,1,0,-1
6761571616201,2092195,92,-1,1,0,-1
6761571664553,2092195,92,-1,1,0,-1
6761571664553,2092195,92,-1,1,0,-1
6761571704868,2092195,92,-1,1,0,-1
6761571752423,2092195,92,-1,1,0,-1
6761571752423,2092195,92,-1,1,0,-1
6761571793460,2092195,92,-1,1,0,-1
6761571840923,2092195,92,-1,1,0,-1
6761571840923,2092195,92,-1,1,0,-1
6761571881997,2092195,92,-1,1,0,-1
6761571929368,2092195,92,-1,1,0,-1
6761571929368,2092195,92,-1,1,0,-1
6761571970201,2092195,92,-1,1,0,-1
6761572022571,2092195,92,-1,1,0,-1
6761572022571,2092195,92,-1,1,0,-1
6761572058905,2092195,92,-1,1,0,-1
6761572107275,2092195,92,-1,1,0,-1
6761572107275,2092195,92,-1,1,0,-1
6761572147183,2092195,92,-1,1,0,-1
6761572191775,2092195,92,-1,1,0,-1
6761572239553,2092195,92,-1,1,0,-1
6761572239553,2092195,92,-1,1,0,-1
6761572350849,2092195,92,-1,1,0,-1
6761572398460,2092195,92,-1,1,0,-1
6761572398460,2092195,92,-1,1,0,-1
6761572439442,2092195,92,-1,1,0,-1
6761572487257,2092195,92,-1,1,0,-1
6761572487257,2092195,92,-1,1,0,-1
6761572527868,2092195,92,-1,1,0,-1
6761572575960,2092195,92,-1,1,0,-1
6761572575960,2092195,92,-1,1,0,-1
6761572616516,2092195,92,-1,1,0,-1
6761572664294,2092195,92,-1,1,0,-1
6761572664294,2092195,92,-1,1,0,-1
6761572705201,2092195,92,-1,1,0,-1
6761572752608,2092195,92,-1,1,0,-1
6761572752608,2092195,92,-1,1,0,-1
6761572793294,2092195,92,-1,1,0,-1
6761572841182,2092195,92,-1,1,0,-1
6761572841182,2092195,92,-1,1,0,-1
6761572882090,2092195,92,-1,1,0,-1
6761572925682,2092195,92,-1,1,0,-1
6761572973960,2092195,92,-1,1,0,-1
6761572973960,2092195,92,-1,1,0,-1
6761573014534,2092195,92,-1,1,0,-1
6761573062682,2092195,92,-1,1,0,-1
6761573062682,2092195,92,-1,1,0,-1
6761573103034,2092195,92,-1,1,0,-1
6761573150812,2092195,92,-1,1,0,-1
6761573150812,2092195,92,-1,1,0,-1
6761573191534,2092195,92,-1,1,0,-1
6761573239349,2092195,92,-1,1,0,-1
6761573239349,2092195,92,-1,1,0,-1
6761573350793,2092195,92,-1,1,0,-1
6761573398590,2092195,92,-1,1,0,-1
6761573398590,2092195,92,-1,1,0,-1
6761573439608,2092195,92,-1,1,0,-1
6761573487053,2092195,92,-1,1,0,-1
6761573487053,2092195,92,-1,1,0,-1
6761573527830,2092195,92,-1,1,0,-1
6761573575738,2092195,92,-1,1,0,-1
6761573575738,2092195,92,-1,1,0,-1
6761573616497,2092195,92,-1,1,0,-1
6761573664367,2092195,92,-1,1,0,-1
6761573664367,2092195,92,-1,1,0,-1
6761573704756,2092195,92,-1,1,0,-1
6761573752719,2092195,92,-1,1,0,-1
6761573752719,2092195,92,-1,1,0,-1
6761573793404,2092195,92,-1,1,0,-1
6761573841034,2092195,92,-1,1,0,-1
6761573841034,2092195,92,-1,1,0,-1
6761573881886,2092195,92,-1,1,0,-1
6761573929701,2092195,92,-1,1,0,-1
6761573929701,2092195,92,-1,1,0,-1
6761573970349,2092195,92,-1,1,0,-1
6761574018034,2092195,92,-1,1,0,-1
6761574018034,2092195,92,-1,1,0,-1
6761574058904,2092195,92,-1,1,0,-1
6761574106904,2092195,92,-1,1,0,-1
6761574106904,2092195,92,-1,1,0,-1
6761574147367,2092195,92,-1,1,0,-1
6761574195127,2092195,92,-1,1,0,-1
6761574195127,2092195,92,-1,1,0,-1
6761574236182,2092195,92,-1,1,0,-1
6761574280053,2092195,92,-1,1,0,-1
6761574350812,2092195,92,-1,1,0,-1
6761574395052,2092195,92,-1,1,0,-1
6761574443275,2092195,92,-1,1,0,-1
6761574443275,2092195,92,-1,1,0,-1
6761574483941,2092195,92,-1,1,0,-1
6761574527627,2092195,92,-1,1,0,-1
6761574575775,2092195,92,-1,1,0,-1
6761574575775,2092195,92,-1,1,0,-1
6761574616386,2092195,92,-1,1,0,-1
6761574664441,2092195,92,-1,1,0,-1
6761574664441,2092195,92,-1,1,0,-1
6761574752293,2092195,92,-1,1,0,-1
6761574766478,2092195,92,-1,1,0,-1
6761574766478,2092195,92,-1,1,0,-1
6761574802256,2092195,92,-1,1,0,-1
6761574852978,2092195,92,-1,1,0,-1
6761574892923,2092195,92,-1,1,0,-1
6761574892923,2092195,92,-1,1,0,-1
6761574933404,2092195,92,-1,1,0,-1
6761574981534,2092195,92,-1,1,0,-1
6761574981534,2092195,92,-1,1,0,-1
6761575021960,2092195,92,-1,1,0,-1
6761575073663,2092195,92,-1,1,0,-1
6761575113756,2092195,92,-1,1,0,-1
6761575113756,2092195,92,-1,1,0,-1
6761575154312,2092195,92,-1,1,0,-1
6761575202626,2092195,92,-1,1,0,-1
6761575202626,2092195,92,-1,1,0,-1
6761575243163,2092195,92,-1,1,0,-1
6761575291423,2092195,92,-1,1,0,-1
6761575350867,2092195,92,-1,1,0,-1
6761575398293,2092195,92,-1,1,0,-1
6761575445867,2092195,92,-1,1,0,-1
6761575445867,2092195,92,-1,1,0,-1
6761575494663,2092195,92,-1,1,0,-1
6761575534626,2092195,92,-1,1,0,-1
6761575534626,2092195,92,-1,1,0,-1
6761575575182,2092195,92,-1,1,0,-1
6761575622849,2092195,92,-1,1,0,-1
6761575622849,2092195,92,-1,1,0,-1
6761575663386,2092195,92,-1,1,0,-1
6761575719237,2092195,92,-1,1,0,-1
6761575719237,2092195,92,-1,1,0,-1
6761575755719,2092195,92,-1,1,0,-1
6761575799682,2092195,92,-1,1,0,-1
6761575847626,2092195,92,-1,1,0,-1
6761575847626,2092195,92,-1,1,0,-1
6761575888052,2092195,92,-1,1,0,-1
6761575937311,2092195,92,-1,1,0,-1
6761575937311,2092195,92,-1,1,0,-1
6761575978015,2092195,92,-1,1,0,-1
6761576038737,2092195,92,-1,1,0,-1
6761576038737,2092195,92,-1,1,0,-1
6761576067145,2092195,92,-1,1,0,-1
6761576110867,2092195,92,-1,1,0,-1
6761576159126,2092195,92,-1,1,0,-1
6761576159126,2092195,92,-1,1,0,-1
6761576199311,2092195,92,-1,1,0,-1
6761576251404,2092195,92,-1,1,0,-1
6761576287682,2092195,92,-1,1,0,-1
6761576359182,2092195,92,-1,1,0,-1
6761576395700,2092195,92,-1,1,0,-1
6761576443256,2092195,92,-1,1,0,-1
6761576443256,2092195,92,-1,1,0,-1
6761576483497,2092195,92,-1,1,0,-1
6761576527293,2092195,92,-1,1,0,-1
6761576580534,2092195,92,-1,1,0,-1
6761576580534,2092195,92,-1,1,0,-1
6761576621459,2092195,92,-1,1,0,-1
6761576677348,2092195,92,-1,1,0,-1
6761576677348,2092195,92,-1,1,0,-1
6761576709811,2092195,92,-1,1,0,-1
6761576754126,2092195,92,-1,1,0,-1
6761576801571,2092195,92,-1,1,0,-1
6761576801571,2092195,92,-1,1,0,-1
6761576841941,2092195,92,-1,1,0,-1
6761576888422,2092195,92,-1,1,0,-1
6761576933978,2092195,92,-1,1,0,-1
6761576933978,2092195,92,-1,1,0,-1
6761576974645,2092195,92,-1,1,0,-1
6761577022793,2092195,92,-1,1,0,-1
6761577022793,2092195,92,-1,1,0,-1
6761577063163,2092195,92,-1,1,0,-1
6761577107626,2092195,92,-1,1,0,-1
6761577155422,2092195,92,-1,1,0,-1
6761577155422,2092195,92,-1,1,0,-1
6761577196033,2092195,92,-1,1,0,-1
6761577243959,2092195,92,-1,1,0,-1
6761577243959,2092195,92,-1,1,0,-1
6761577350848,2092195,92,-1,1,0,-1
6761577398478,2092195,92,-1,1,0,-1
6761577398478,2092195,92,-1,1,0,-1
6761577439589,2092195,92,-1,1,0,-1
6761577486996,2092195,92,-1,1,0,-1
6761577486996,2092195,92,-1,1,0,-1
6761577527904,2092195,92,-1,1,0,-1
6761577575441,2092195,92,-1,1,0,-1
6761577575441,2092195,92,-1,1,0,-1
6761577616607,2092195,92,-1,1,0,-1
6761577664126,2092195,92,-1,1,0,-1
6761577664126,2092195,92,-1,1,0,-1
6761577704867,2092195,92,-1,1,0,-1
6761577752774,2092195,92,-1,1,0,-1
6761577752774,2092195,92,-1,1,0,-1
6761577793663,2092195,92,-1,1,0,-1
6761577841367,2092195,92,-1,1,0,-1
6761577841367,2092195,92,-1,1,0,-1
6761577882144,2092195,92,-1,1,0,-1
6761577926700,2092195,92,-1,1,0,-1
6761577974478,2092195,92,-1,1,0,-1
6761577974478,2092195,92,-1,1,0,-1
6761578014867,2092195,92,-1,1,0,-1
6761578062774,2092195,92,-1,1,0,-1
6761578062774,2092195,92,-1,1,0,-1
6761578103496,2092195,92,-1,1,0,-1
6761578151237,2092195,92,-1,1,0,-1
6761578151237,2092195,92,-1,1,0,-1
6761578191848,2092195,92,-1,1,0,-1
6761578239755,2092195,92,-1,1,0,-1
6761578239755,2092195,92,-1,1,0,-1
6761578351348,2092195,92,-1,1,0,-1
6761578398978,2092195,92,-1,1,0,-1
6761578398978,2092195,92,-1,1,0,-1
6761578439718,2092195,92,-1,1,0,-1
6761578488070,2092195,92,-1,1,0,-1
6761578488070,2092195,92,-1,1,0,-1
6761578528255,2092195,92,-1,1,0,-1
6761578576329,2092195,92,-1,1,0,-1
6761578576329,2092195,92,-1,1,0,-1
6761578616885,2092195,92,-1,1,0,-1
6761578661107,2092195,92,-1,1,0,-1
6761578709052,2092195,92,-1,1,0,-1
6761578709052,2092195,92,-1,1,0,-1
6761578749533,2092195,92,-1,1,0,-1
6761578797792,2092195,92,-1,1,0,-1
6761578797792,2092195,92,-1,1,0,-1
6761578838144,2092195,92,-1,1,0,-1
6761578882126,2092195,92,-1,1,0,-1
6761578930348,2092195,92,-1,1,0,-1
6761578930348,2092195,92,-1,1,0,-1
6761578970811,2092195,92,-1,1,0,-1
6761579018718,2092195,92,-1,1,0,-1
6761579018718,2092195,92,-1,1,0,-1
6761579059348,2092195,92,-1,1,0,-1
6761579107459,2092195,92,-1,1,0,-1
6761579107459,2092195,92,-1,1,0,-1
6761579148126,2092195,92,-1,1,0,-1
6761579191885,2092195,92,-1,1,0,-1
6761579240366,2092195,92,-1,1,0,-1
6761579240366,2092195,92,-1,1,0,-1
6761579351718,2092195,92,-1,1,0,-1
6761579399274,2092195,92,-1,1,0,-1
6761579399274,2092195,92,-1,1,0,-1
6761579439644,2092195,92,-1,1,0,-1
6761579487718,2092195,92,-1,1,0,-1
6761579487718,2092195,92,-1,1,0,-1
6761579528237,2092195,92,-1,1,0,-1
6761579576292,2092195,92,-1,1,0,-1
6761579576292,2092195,92,-1,1,0,-1
6761579616792,2092195,92,-1,1,0,-1
6761579664496,2092195,92,-1,1,0,-1
6761579664496,2092195,92,-1,1,0,-1
6761579705459,2092195,92,-1,1,0,-1
6761579752996,2092195,92,-1,1,0,-1
6761579752996,2092195,92,-1,1,0,-1
6761579793700,2092195,92,-1,1,0,-1
6761579841922,2092195,92,-1,1,0,-1
6761579841922,2092195,92,-1,1,0,-1
6761579882255,2092195,92,-1,1,0,-1
6761579929977,2092195,92,-1,1,0,-1
6761579929977,2092195,92,-1,1,0,-1
6761579970681,2092195,92,-1,1,0,-1
6761580023051,2092195,92,-1,1,0,-1
6761580023051,2092195,92,-1,1,0,-1
6761580059274,2092195,92,-1,1,0,-1
6761580103533,2092195,92,-1,1,0,-1
6761580151181,2092195,92,-1,1,0,-1
6761580151181,2092195,92,-1,1,0,-1
6761580192181,2092195,92,-1,1,0,-1
6761580239774,2092195,92,-1,1,0,-1
6761580239774,2092195,92,-1,1,0,-1
6761580351403,2092195,92,-1,1,0,-1
6761580399311,2092195,92,-1,1,0,-1
6761580399311,2092195,92,-1,1,0,-1
6761580439681,2092195,92,-1,1,0,-1
6761580483792,2092195,92,-1,1,0,-1
6761580531885,2092195,92,-1,1,0,-1
6761580531885,2092195,92,-1,1,0,-1
6761580572662,2092195,92,-1,1,0,-1
6761580620459,2092195,92,-1,1,0,-1
6761580620459,2092195,92,-1,1,0,-1
6761580661014,2092195,92,-1,1,0,-1
6761580709236,2092195,92,-1,1,0,-1
6761580709236,2092195,92,-1,1,0,-1
6761580749607,2092195,92,-1,1,0,-1
6761580793459,2092195,92,-1,1,0,-1
6761580841718,2092195,92,-1,1,0,-1
6761580841718,2092195,92,-1,1,0,-1
6761580882236,2092195,92,-1,1,0,-1
6761580930607,2092195,92,-1,1,0,-1
6761580930607,2092195,92,-1,1,0,-1
6761580970829,2092195,92,-1,1,0,-1
6761581015070,2092195,92,-1,1,0,-1
6761581062959,2092195,92,-1,1,0,-1
6761581062959,2092195,92,-1,1,0,-1
6761581103551,2092195,92,-1,1,0,-1
6761581147607,2092195,92,-1,1,0,-1
6761581195477,2092195,92,-1,1,0,-1
6761581195477,2092195,92,-1,1,0,-1
6761581236551,2092195,92,-1,1,0,-1
6761581280292,2092195,92,-1,1,0,-1
6761581351884,2092195,92,-1,1,0,-1
6761581395459,2092195,92,-1,1,0,-1
6761581443829,2092195,92,-1,1,0,-1
6761581443829,2092195,92,-1,1,0,-1
6761581484236,2092195,92,-1,1,0,-1
6761581532347,2092195,92,-1,1,0,-1
6761581532347,2092195,92,-1,1,0,-1
6761581572736,2092195,92,-1,1,0,-1
6761581621273,2092195,92,-1,1,0,-1
6761581621273,2092195,92,-1,1,0,-1
6761581661236,2092195,92,-1,1,0,-1
6761581705366,2092195,92,-1,1,0,-1
6761581753107,2092195,92,-1,1,0,-1
6761581753107,2092195,92,-1,1,0,-1
6761581794218,2092195,92,-1,1,0,-1
6761581841810,2092195,92,-1,1,0,-1
6761581841810,2092195,92,-1,1,0,-1
6761581882607,2092195,92,-1,1,0,-1
6761581930403,2092195,92,-1,1,0,-1
6761581930403,2092195,92,-1,1,0,-1
6761581971088,2092195,92,-1,1,0,-1
6761582019051,2092195,92,-1,1,0,-1
6761582019051,2092195,92,-1,1,0,-1
6761582059625,2092195,92,-1,1,0,-1
6761582107940,2092195,92,-1,1,0,-1
6761582107940,2092195,92,-1,1,0,-1
6761582148125,2092195,92,-1,1,0,-1
6761582196255,2092195,92,-1,1,0,-1
6761582196255,2092195,92,-1,1,0,-1
6761582236569,2092195,92,-1,1,0,-1
6761582281032,2092195,92,-1,1,0,-1
6761582351699,2092195,92,-1,1,0,-1
6761582395792,2092195,92,-1,1,0,-1
6761582443847,2092195,92,-1,1,0,-1
6761582443847,2092195,92,-1,1,0,-1
6761582484625,2092195,92,-1,1,0,-1
6761582532458,2092195,92,-1,1,0,-1
6761582532458,2092195,92,-1,1,0,-1
6761582572847,2092195,92,-1,1,0,-1
6761582617106,2092195,92,-1,1,0,-1
6761582665162,2092195,92,-1,1,0,-1
6761582665162,2092195,92,-1,1,0,-1
6761582705477,2092195,92,-1,1,0,-1
6761582749421,2092195,92,-1,1,0,-1
6761582797569,2092195,92,-1,1,0,-1
6761582797569,2092195,92,-1,1,0,-1
6761582838477,2092195,92,-1,1,0,-1
6761582886606,2092195,92,-1,1,0,-1
6761582886606,2092195,92,-1,1,0,-1
6761582926755,2092195,92,-1,1,0,-1
6761582970977,2092195,92,-1,1,0,-1
6761583018977,2092195,92,-1,1,0,-1
6761583018977,2092195,92,-1,1,0,-1
6761583059477,2092195,92,-1,1,0,-1
6761583107532,2092195,92,-1,1,0,-1
6761583107532,2092195,92,-1,1,0,-1
6761583148106,2092195,92,-1,1,0,-1
6761583195977,2092195,92,-1,1,0,-1
6761583195977,2092195,92,-1,1,0,-1
6761583236458,2092195,92,-1,1,0,-1
6761583280903,2092195,92,-1,1,0,-1
6761583351366,2092195,92,-1,1,0,-1
6761583396106,2092195,92,-1,1,0,-1
6761583443662,2092195,92,-1,1,0,-1
6761583443662,2092195,92,-1,1,0,-1
6761583484236,2092195,92,-1,1,0,-1
6761583532421,2092195,92,-1,1,0,-1
6761583532421,2092195,92,-1,1,0,-1
6761583572680,2092195,92,-1,1,0,-1
6761583620921,2092195,92,-1,1,0,-1
6761583620921,2092195,92,-1,1,0,-1
6761583661273,2092195,92,-1,1,0,-1
6761583709847,2092195,92,-1,1,0,-1
6761583709847,2092195,92,-1,1,0,-1
6761583749903,2092195,92,-1,1,0,-1
6761583797606,2092195,92,-1,1,0,-1
6761583797606,2092195,92,-1,1,0,-1
6761583838365,2092195,92,-1,1,0,-1
6761583886125,2092195,92,-1,1,0,-1
6761583886125,2092195,92,-1,1,0,-1
6761583926884,2092195,92,-1,1,0,-1
6761583974754,2092195,92,-1,1,0,-1
6761583974754,2092195,92,-1,1,0,-1
6761584019699,2092195,92,-1,1,0,-1
6761584063865,2092195,92,-1,1,0,-1
6761584063865,2092195,92,-1,1,0,-1
6761584104162,2092195,92,-1,1,0,-1
6761584151977,2092195,92,-1,1,0,-1
6761584151977,2092195,92,-1,1,0,-1
6761584192606,2092195,92,-1,1,0,-1
6761584240402,2092195,92,-1,1,0,-1
6761584240402,2092195,92,-1,1,0,-1
6761584351736,2092195,92,-1,1,0,-1
6761584399365,2092195,92,-1,1,0,-1
6761584399365,2092195,92,-1,1,0,-1
6761584440513,2092195,92,-1,1,0,-1
6761584488143,2092195,92,-1,1,0,-1
6761584488143,2092195,92,-1,1,0,-1
6761584528662,2092195,92,-1,1,0,-1
6761584576736,2092195,92,-1,1,0,-1
6761584576736,2092195,92,-1,1,0,-1
6761584617088,2092195,92,-1,1,0,-1
6761584661143,2092195,92,-1,1,0,-1
6761584709476,2092195,92,-1,1,0,-1
6761584709476,2092195,92,-1,1,0,-1
6761584750013,2092195,92,-1,1,0,-1
6761584798032,2092195,92,-1,1,0,-1
6761584798032,2092195,92,-1,1,0,-1
6761584838402,2092195,92,-1,1,0,-1
6761584886810,2092195,92,-1,1,0,-1
6761584886810,2092195,92,-1,1,0,-1
6761584927125,2092195,92,-1,1,0,-1
6761584971180,2092195,92,-1,1,0,-1
6761585019365,2092195,92,-1,1,0,-1
6761585019365,2092195,92,-1,1,0,-1
6761585059532,2092195,92,-1,1,0,-1
6761585108143,2092195,92,-1,1,0,-1
6761585108143,2092195,92,-1,1,0,-1
6761585148032,2092195,92,-1,1,0,-1
6761585192217,2092195,92,-1,1,0,-1
6761585240754,2092195,92,-1,1,0,-1
6761585240754,2092195,92,-1,1,0,-1
6761585351513,2092195,92,-1,1,0,-1
6761585399458,2092195,92,-1,1,0,-1
6761585399458,2092195,92,-1,1,0,-1
6761585440439,2092195,92,-1,1,0,-1
6761585487828,2092195,92,-1,1,0,-1
6761585487828,2092195,92,-1,1,0,-1
6761585528847,2092195,92,-1,1,0,-1
6761585572810,2092145,90,-1,1,0,-1
6761635577300,2092295,90,-1,1,0,-1
6761685581253,2092345,90,-1,1,0,-1
6761735564632,2092396,90,-1,1,0,-1
6761795580417,2092455,90,-1,1,0,-1
6761845578204,2092505,91,-1,1,0,-1
6761895587731,2092555,91,-1,1,0,-1
6761945584277,2092605,91,-1,1,0,-1
6761995582656,2092655,90,-1,1,0,-1
6762045598739,2092705,91,-1,1,0,-1
6762095589933,2092755,91,-1,1,0,-1
6762145587534,2092805,92,-1,1,0,-1
6762195588856,2092855,91,-1,1,0,-1
6762245696364,2092905,92,-1,1,0,-1
6762295639150,2092955,92,-1,1,0,-1
6762345592269,2093005,91,-1,1,0,-1
6762395594906,2093055,90,-1,1,0,-1
6762445589877,2093105,89,-1,1,0,-1
6762895773614,2093155,90,-1,1,0,-1
6762895773614,2093215,90,-1,1,0,-1
6762895773614,2093270,90,-1,1,0,-1
6762895773614,2093320,92,-1,1,0,-1
6762895773614,2093370,91,-1,1,0,-1
6762895773614,2093425,90,-1,1,0,-1
6762895773614,2093475,90,-1,1,0,-1
6762895773614,2093525,90,-1,1,0,-1
6762915589498,2093575,90,-1,1,0,-1
6762965593969,2093625,90,-1,1,0,-1
6763015599181,2093675,91,-1,1,0,-1
6763065597800,2093725,91,-1,1,0,-1
6763115597067,2093775,91,-1,1,0,-1
6763165593351,2093825,92,-1,1,0,-1
6763215602747,2093875,92,-1,1,0,-1
6763265685939,2093925,92,-1,1,0,-1
6763315643242,2093975,90,-1,1,0,-1
6763365603490,2094025,90,-1,1,0,-1
6763415608015,2094075,91,-1,1,0,-1
6763465598633,2094125,90,-1,1,0,-1
6763515602973,2094175,90,-1,1,0,-1
6763565602499,2094225,91,-1,1,0,-1
6763615604857,2094275,91,-1,1,0,-1
6763665604309,2094325,90,-1,1,0,-1
6763715602667,2094375,90,-1,1,0,-1
6763770604414,2094430,92,-1,1,0,-1
6763820607643,2094480,91,-1,1,0,-1
6763870610316,2094530,91,-1,1,0,-1
6763920606545,2094580,91,-1,1,0,-1
6763970613311,2094630,91,-1,1,0,-1
6764020608003,2094680,90,-1,1,0,-1
6764070610047,2094730,90,-1,1,0,-1
6764120611813,2094780,89,-1,1,0,-1
6764170612319,2094830,89,-1,1,0,-1
6764220605843,2094880,89,-1,1,0,-1
6764270684312,2094930,89,-1,1,0,-1
6764320694059,2094980,89,-1,1,0,-1
6764370618213,2095030,89,-1,1,0,-1
6764420615626,2095080,91,-1,1,0,-1
6764470612928,2095130,91,-1,1,0,-1
6764520612379,2095180,90,-1,1,0,-1
6764570610662,2095230,92,-1,1,0,-1
6764620615001,2095280,92,-1,1,0,-1
6764670616396,2095330,91,-1,1,0,-1
6764720621032,2095380,91,-1,1,0,-1
6764770615630,2095430,91,-1,1,0,-1
6764820619136,2095480,91,-1,1,0,-1
6764870620753,2095530,89,-1,1,0,-1
6764920617462,2095580,89,-1,1,0,-1
6764970613598,2095630,91,-1,1,0,-1
6765020625844,2095680,91,-1,1,0,-1
6765070618795,2095730,91,-1,1,0,-1
6765120624411,2095780,91,-1,1,0,-1
6765170620176,2095830,91,-1,1,0,-1
6765220617810,2095880,89,-1,1,0,-1
6765270620019,2095930,89,-1,1,0,-1
6765320705227,2095980,92,-1,1,0,-1
6765370637417,2096030,92,-1,1,0,-1
6765420624459,2096080,91,-1,1,0,-1
6765470624186,2096130,91,-1,1,0,-1
6765520626913,2096180,92,-1,1,0,-1
6765570626289,2096230,92,-1,1,0,-1
6765620621368,2096280,92,-1,1,0,-1
6765670626872,2096330,92,-1,1,0,-1
6765720628674,2096380,90,-1,1,0,-1
6765770624623,2096430,90,-1,1,0,-1
6765820628739,2096480,90,-1,1,0,-1
6765870632429,2096530,90,-1,1,0,-1
6765920633804,2096580,90,-1,1,0,-1
6765970638420,2096630,91,-1,1,0,-1
6766020643129,2096680,90,-1,1,0,-1
6766070645115,2096730,90,-1,1,0,-1
6766120646360,2096780,92,-1,1,0,-1
6766170649012,2096830,91,-1,1,0,-1
6766220653368,2096880,91,-1,1,0,-1
6766270652539,2096930,91,-1,1,0,-1
6766320773505,2096980,91,-1,1,0,-1
6766370738602,2097030,91,-1,1,0,-1
6766420670865,2097080,90,-1,1,0,-1
6766470668647,2097130,89,-1,1,0,-1
6766520671725,2097180,89,-1,1,0,-1
6766570694395,2097230,91,-1,1,0,-1
6766620697492,2097280,91,-1,1,0,-1
6766670700773,2097330,91,-1,1,0,-1
6766720704166,2097380,90,-1,1,0,-1
6766765685523,2097430,91,-1,1,0,-1
6766825704913,2097485,91,-1,1,0,-1
6766875711102,2097535,91,-1,1,0,-1
6766925714199,2097585,91,-1,1,0,-1
6766975718110,2097635,92,-1,1,0,-1
6767025723095,2097685,93,-1,1,0,-1
6767075722544,2097735,91,-1,1,0,-1
6767125727510,2097785,90,-1,1,0,-1
6767175731569,2097835,91,-1,1,0,-1
6767225733497,2097885,91,-1,1,0,-1
6767275736074,2097935,89,-1,1,0,-1
6767325734188,2097985,90,-1,1,0,-1
6767375831802,2098035,89,-1,1,0,-1
6767425751139,2098085,89,-1,1,0,-1
6767475747216,2098135,91,-1,1,0,-1
6767525667126,2098185,90,-1,1,0,-1
6767575669703,2098235,90,-1,1,0,-1
6767625669891,2098285,92,-1,1,0,-1
6767675670616,2098335,91,-1,1,0,-1
6767725678230,2098385,90,-1,1,0,-1
6767770641049,2098435,90,-1,1,0,-1
6767830671290,2098490,90,-1,1,0,-1
6767880672533,2098540,91,-1,1,0,-1
6767930678814,2098590,91,-1,1,0,-1
6767980676243,2098640,90,-1,1,0,-1
6768030690598,2098690,90,-1,1,0,-1
6768080678397,2098740,92,-1,1,0,-1
6768130678288,2098790,91,-1,1,0,-1
6768180681198,2098840,91,-1,1,0,-1
6768230674403,2098890,90,-1,1,0,-1
6768280678831,2098940,90,-1,1,0,-1
6768330681259,2098990,90,-1,1,0,-1
6768380790594,2099040,90,-1,1,0,-1
6768430740429,2099090,90,-1,1,0,-1
6768480686672,2099140,92,-1,1,0,-1
6768530687193,2099190,92,-1,1,0,-1
6768580689509,2099240,92,-1,1,0,-1
6768630682308,2099290,91,-1,1,0,-1
6768680689458,2099340,91,-1,1,0,-1
6768730681737,2099390,90,-1,1,0,-1
6768775650871,2099440,91,-1,1,0,-1
6768835680851,2099495,91,-1,1,0,-1
6768885687853,2099545,92,-1,1,0,-1
6768935680225,2099595,90,-1,1,0,-1
6768985689875,2099645,90,-1,1,0,-1
6769035689025,2099695,91,-1,1,0,-1
6769085693342,2099745,90,-1,1,0,-1
6769135687473,2099795,91,-1,1,0,-1
6769185685529,2099845,91,-1,1,0,-1
6769235686752,2099895,91,-1,1,0,-1
6769285692476,2099945,90,-1,1,0,-1
6769335689532,2099995,90,-1,1,0,-1
6769385761163,2100045,91,-1,1,0,-1
6769435778275,2100095,89,-1,1,0,-1
6769485700127,2100145,90,-1,1,0,-1
6769535694980,2100195,90,-1,1,0,-1
6769585689981,2100245,90,-1,1,0,-1
6769640281814,2100295,88,-1,1,0,-1
6769685752076,2100345,91,-1,1,0,-1
6769735689836,2100395,92,-1,1,0,-1
6769785678170,2100446,92,-1,1,0,-1
6769845697779,2100505,90,-1,1,0,-1
6769895695280,2100555,90,-1,1,0,-1
6769945697632,2100605,90,-1,1,0,-1
6769995692300,2100655,91,-1,1,0,-1
6770045697116,2100705,90,-1,1,0,-1
6770095701413,2100755,90,-1,1,0,-1
6770145699209,2100805,91,-1,1,0,-1
6770195700061,2100855,91,-1,1,0,-1
6770245703172,2100905,92,-1,1,0,-1
6770295699283,2100955,91,-1,1,0,-1
6770345705746,2101005,91,-1,1,0,-1
6770395698228,2101055,91,-1,1,0,-1
6770445791394,2101105,91,-1,1,0,-1
6770495711431,2101155,91,-1,1,0,-1
6770545706228,2101205,92,-1,1,0,-1
6770595727802,2101255,93,-1,1,0,-1
6770645704005,2101305,93,-1,1,0,-1
6770695707468,2101355,91,-1,1,0,-1
6770745703468,2101405,90,-1,1,0,-1
6770790677970,2101455,90,-1,1,0,-1
6770850699244,2101510,89,-1,1,0,-1
6770900718429,2101560,90,-1,1,0,-1
6770950709114,2101610,90,-1,1,0,-1
6771000714207,2101660,92,-1,1,0,-1
6771050716318,2101710,92,-1,1,0,-1
6771100712559,2101760,93,-1,1,0,-1
6771150714428,2101810,90,-1,1,0,-1
6771200713909,2101860,90,-1,1,0,-1
6771250713019,2101910,91,-1,1,0,-1
6771300717240,2101960,91,-1,1,0,-1
6771350717720,2102010,90,-1,1,0,-1
6771400715016,2102060,90,-1,1,0,-1
6771450819218,2102110,91,-1,1,0,-1
6771500773014,2102160,90,-1,1,0,-1
6771550712957,2102210,90,-1,1,0,-1
6771600727215,2102260,90,-1,1,0,-1
6771650725344,2102310,91,-1,1,0,-1
6771700719361,2102360,90,-1,1,0,-1
6771750718453,2102410,89,-1,1,0,-1
6771795703417,2102460,90,-1,1,0,-1
6771855715319,2102515,90,-1,1,0,-1
6771905720170,2102565,89,-1,1,0,-1
6771955716780,2102615,89,-1,1,0,-1
6772005720613,2102665,91,-1,1,0,-1
6772055726704,2102715,90,-1,1,0,-1
6772105720111,2102765,90,-1,1,0,-1
6772155727627,2102815,91,-1,1,0,-1
6772205726218,2102865,91,-1,1,0,-1
6772255724456,2102915,90,-1,1,0,-1
6772305723547,2102965,90,-1,1,0,-1
6772355722045,2103015,90,-1,1,0,-1
6772405723710,2103065,89,-1,1,0,-1
6772455762708,2103115,90,-1,1,0,-1
6772505814132,2103165,90,-1,1,0,-1
6772555732315,2103215,90,-1,1,0,-1
6772605738646,2103265,90,-1,1,0,-1
6772655734552,2103315,89,-1,1,0,-1
6772705736013,2103365,92,-1,1,0,-1
6772755731548,2103415,90,-1,1,0,-1
6772800699622,2103465,90,-1,1,0,-1
6772860734208,2103520,89,-1,1,0,-1
6772910739892,2103570,91,-1,1,0,-1
6772960739075,2103620,90,-1,1,0,-1
6773010742665,2103670,89,-1,1,0,-1
6773060733386,2103720,91,-1,1,0,-1
6773110736365,2103770,91,-1,1,0,-1
6773160736881,2103820,92,-1,1,0,-1
6773210745248,2103870,90,-1,1,0,-1
6773260744356,2103920,90,-1,1,0,-1
6773310741205,2103970,91,-1,1,0,-1
6773360740480,2104020,91,-1,1,0,-1
6773410736458,2104070,90,-1,1,0,-1
6773460737622,2104120,90,-1,1,0,-1
6773510834804,2104170,88,-1,1,0,-1
6773560783116,2104220,88,-1,1,0,-1
6773610742706,2104270,89,-1,1,0,-1
6773660749370,2104320,89,-1,1,0,-1
6773710746737,2104370,92,-1,1,0,-1
6773760750308,2104420,90,-1,1,0,-1
6773810741101,2104471,92,-1,1,0,-1
6773870748205,2104530,91,-1,1,0,-1
6773920751739,2104580,91,-1,1,0,-1
6773970744329,2104630,91,-1,1,0,-1
6774020759437,2104680,91,-1,1,0,-1
6774070746119,2104730,91,-1,1,0,-1
6774120748579,2104780,91,-1,1,0,-1
6774170756020,2104830,91,-1,1,0,-1
6774220747238,2104880,90,-1,1,0,-1
6774270757919,2104930,90,-1,1,0,-1
6774320749545,2104980,90,-1,1,0,-1
6774370758522,2105030,91,-1,1,0,-1
6774420755463,2105080,91,-1,1,0,-1
6774470752848,2105130,91,-1,1,0,-1
6774520847807,2105180,91,-1,1,0,-1
6774570820396,2105230,92,-1,1,0,-1
6774620761207,2105280,92,-1,1,0,-1
6774670757203,2105330,92,-1,1,0,-1
6774720759384,2105380,91,-1,1,0,-1
6774770758269,2105430,90,-1,1,0,-1
6774820735728,2105481,90,-1,1,0,-1
6774880745090,2105540,90,-1,1,0,-1
6774930757845,2105590,87,-1,1,0,-1
6774980765193,2105640,90,-1,1,0,-1
6775030761911,2105690,90,-1,1,0,-1
6775080763000,2105740,91,-1,1,0,-1
6775130762514,2105790,91,-1,1,0,-1
6775180761769,2105840,90,-1,1,0,-1
6775230756634,2105890,91,-1,1,0,-1
6775280761833,2105940,91,-1,1,0,-1
6775330771402,2105990,91,-1,1,0,-1
6775380767860,2106040,91,-1,1,0,-1
6775430768096,2106090,91,-1,1,0,-1
6775480764073,2106140,89,-1,1,0,-1
6775530842475,2106190,90,-1,1,0,-1
6775580852600,2106240,90,-1,1,0,-1
6775630771410,2106290,90,-1,1,0,-1
6775680767405,2106340,90,-1,1,0,-1
6775730774918,2106390,90,-1,1,0,-1
6775780772136,2106440,90,-1,1,0,-1
6775825747967,2106490,89,-1,1,0,-1
6775885768994,2106545,92,-1,1,0,-1
6775935769841,2106595,90,-1,1,0,-1
6775985768577,2106645,91,-1,1,0,-1
6776035766516,2106695,91,-1,1,0,-1
6776085769548,2106745,92,-1,1,0,-1
6776135773414,2106795,92,-1,1,0,-1
6776185767204,2106845,89,-1,1,0,-1
6776235773865,2106895,89,-1,1,0,-1
6776285772341,2106945,91,-1,1,0,-1
6776335771835,2106995,91,-1,1,0,-1
6776385775884,2107045,90,-1,1,0,-1
6776435771175,2107095,91,-1,1,0,-1
6776485775262,2107145,91,-1,1,0,-1
6776535778608,2107195,90,-1,1,0,-1
6776585862379,2107245,90,-1,1,0,-1
6776635786707,2107295,90,-1,1,0,-1
6776685786423,2107345,90,-1,1,0,-1
6776735779936,2107395,91,-1,1,0,-1
6776785787560,2107445,91,-1,1,0,-1
6776830744630,2107495,90,-1,1,0,-1
6776890771305,2107550,91,-1,1,0,-1
6776940783984,2107600,90,-1,1,0,-1
6776990785052,2107650,88,-1,1,0,-1
6777040787306,2107700,90,-1,1,0,-1
6777090785022,2107750,91,-1,1,0,-1
6777140791293,2107800,91,-1,1,0,-1
6777190792472,2107850,90,-1,1,0,-1
6777240789058,2107900,89,-1,1,0,-1
6777290787217,2107950,89,-1,1,0,-1
6777340792914,2108000,90,-1,1,0,-1
6777390788204,2108050,90,-1,1,0,-1
6777440790530,2108100,91,-1,1,0,-1
6777490792042,2108150,92,-1,1,0,-1
6777540794405,2108200,92,-1,1,0,-1
6777590890732,2108250,90,-1,1,0,-1
6777640846355,2108300,90,-1,1,0,-1
6777690791404,2108350,89,-1,1,0,-1
6777740795397,2108400,89,-1,1,0,-1
6777790794612,2108450,90,-1,1,0,-1
6777840773439,2108501,90,-1,1,0,-1
6777900786056,2108560,90,-1,1,0,-1
6777950796420,2108610,90,-1,1,0,-1
6778000793339,2108660,90,-1,1,0,-1
6778050796165,2108710,90,-1,1,0,-1
6778100803214,2108760,90,-1,1,0,-1
6778150805133,2108810,89,-1,1,0,-1
6778200800217,2108860,89,-1,1,0,-1
6778250798061,2108910,89,-1,1,0,-1
6778300802220,2108960,90,-1,1,0,-1
6778350801287,2109010,90,-1,1,0,-1
6778400798427,2109060,90,-1,1,0,-1
6778450801993,2109110,90,-1,1,0,-1
6778500803171,2109160,89,-1,1,0,-1
6778550801774,2109210,91,-1,1,0,-1
6778600816933,2109260,91,-1,1,0,-1
6778650892351,2109310,90,-1,1,0,-1
6778700812936,2109360,90,-1,1,0,-1
6778750809224,2109410,91,-1,1,0,-1
6778800810939,2109460,90,-1,1,0,-1
6778850785098,2109511,90,-1,1,0,-1
6778910802529,2109570,89,-1,1,0,-1
6778960807725,2109620,91,-1,1,0,-1
6779010806088,2109670,90,-1,1,0,-1
6779060809043,2109720,90,-1,1,0,-1
6779110807183,2109770,91,-1,1,0,-1
6779160809822,2109820,92,-1,1,0,-1
6779210806443,2109870,91,-1,1,0,-1
6779260806749,2109920,90,-1,1,0,-1
6779310813704,2109970,90,-1,1,0,-1
6779360815899,2110020,91,-1,1,0,-1
6779410813168,2110070,91,-1,1,0,-1
6779460813751,2110120,91,-1,1,0,-1
6779510817650,2110170,91,-1,1,0,-1
6779560815604,2110220,91,-1,1,0,-1
6779610818318,2110270,91,-1,1,0,-1
6779660901050,2110320,91,-1,1,0,-1
6779710823874,2110370,92,-1,1,0,-1
6779760818069,2110420,90,-1,1,0,-1
6779810815653,2110470,91,-1,1,0,-1
6779860806811,2110521,91,-1,1,0,-1
6779920810297,2110580,89,-1,1,0,-1
6779970818159,2110630,89,-1,1,0,-1
6780020838650,2110680,90,-1,1,0,-1
6780070820956,2110730,90,-1,1,0,-1
6780120823502,2110780,89,-1,1,0,-1
6780170829289,2110830,90,-1,1,0,-1
6780220826761,2110880,91,-1,1,0,-1
6780270823862,2110930,91,-1,1,0,-1
6780320825482,2110980,89,-1,1,0,-1
6780370818676,2111030,89,-1,1,0,-1
6780420825759,2111080,89,-1,1,0,-1
6780470821749,2111130,89,-1,1,0,-1
6780520825980,2111180,90,-1,1,0,-1
6780570833971,2111230,90,-1,1,0,-1
6780620830146,2111280,91,-1,1,0,-1
6780670920062,2111330,90,-1,1,0,-1
6780720879719,2111380,90,-1,1,0,-1
6780770833173,2111430,92,-1,1,0,-1
6780820835107,2111480,92,-1,1,0,-1
6780865798100,2111530,92,-1,1,0,-1
6780925825604,2111585,93,-1,1,0,-1
6780975831816,2111635,90,-1,1,0,-1
6781025837640,2111685,91,-1,1,0,-1
6781075835519,2111735,92,-1,1,0,-1
6781125836861,2111785,92,-1,1,0,-1
6781175835980,2111835,91,-1,1,0,-1
6781225831469,2111885,91,-1,1,0,-1
6781275842662,2111935,90,-1,1,0,-1
6781325830874,2111985,90,-1,1,0,-1
6781375835326,2112035,89,-1,1,0,-1
6781425834704,2112085,89,-1,1,0,-1
6781475833749,2112135,92,-1,1,0,-1
6781525835998,2112185,92,-1,1,0,-1
6781575832210,2112235,90,-1,1,0,-1
6781625835032,2112285,90,-1,1,0,-1
6781675918262,2112335,90,-1,1,0,-1
6781725922011,2112385,90,-1,1,0,-1
6781775850963,2112435,90,-1,1,0,-1
6781825847175,2112485,90,-1,1,0,-1
6781870810130,2112535,89,-1,1,0,-1
6781930833447,2112590,90,-1,1,0,-1
6781980846121,2112640,92,-1,1,0,-1
6782030846296,2112690,91,-1,1,0,-1
6782080843693,2112740,91,-1,1,0,-1
6782130840496,2112790,91,-1,1,0,-1
6782180842762,2112840,91,-1,1,0,-1
6782230849029,2112890,90,-1,1,0,-1
6782280852295,2112940,90,-1,1,0,-1
6782330852024,2112990,91,-1,1,0,-1
6782380850198,2113040,91,-1,1,0,-1
6782430847778,2113090,89,-1,1,0,-1
6782480853804,2113140,89,-1,1,0,-1
6782530854885,2113190,89,-1,1,0,-1
6782580852521,2113240,90,-1,1,0,-1
6782630856547,2113290,91,-1,1,0,-1
6782680847739,2113340,90,-1,1,0,-1
6782730940727,2113390,91,-1,1,0,-1
6782780863605,2113440,92,-1,1,0,-1
6782830852686,2113490,91,-1,1,0,-1
6782875820733,2113540,91,-1,1,0,-1
6782935851826,2113595,91,-1,1,0,-1
6782985855370,2113645,91,-1,1,0,-1
6783035853099,2113695,91,-1,1,0,-1
6783085853050,2113745,91,-1,1,0,-1
6783135857964,2113795,89,-1,1,0,-1
6783185854211,2113845,89,-1,1,0,-1
6783235854143,2113895,90,-1,1,0,-1
6783285854149,2113945,90,-1,1,0,-1
6783335856747,2113995,90,-1,1,0,-1
6783385859327,2114045,90,-1,1,0,-1
6783435857481,2114095,90,-1,1,0,-1
6783485857654,2114145,90,-1,1,0,-1
6783535865438,2114195,90,-1,1,0,-1
6783585863740,2114245,88,-1,1,0,-1
6783635866320,2114295,89,-1,1,0,-1
6783685862863,2114345,89,-1,1,0,-1
6783735959813,2114395,91,-1,1,0,-1
6783785933412,2114445,91,-1,1,0,-1
6783835867270,2114495,91,-1,1,0,-1
6783885857683,2114546,91,-1,1,0,-1
6783945870998,2114605,90,-1,1,0,-1
6783995966115,2114655,90,-1,1,0,-1
6784045875473,2114705,91,-1,1,0,-1
6784095867256,2114755,92,-1,1,0,-1
6784145869039,2114805,90,-1,1,0,-1
6784195871341,2114855,90,-1,1,0,-1
6784245868160,2114905,91,-1,1,0,-1
6784295873221,2114955,90,-1,1,0,-1
6784345876985,2115005,91,-1,1,0,-1
6784395867972,2115055,91,-1,1,0,-1
6784445873199,2115105,91,-1,1,0,-1
6784495868241,2115155,91,-1,1,0,-1
6784545872487,2115205,91,-1,1,0,-1
6784595873029,2115255,90,-1,1,0,-1
6784645873238,2115305,90,-1,1,0,-1
6784695878817,2115355,90,-1,1,0,-1
6784745880636,2115405,91,-1,1,0,-1
6784795961567,2115455,91,-1,1,0,-1
6784845888054,2115505,92,-1,1,0,-1
6784890840618,2115555,90,-1,1,0,-1
6784950868005,2115610,89,-1,1,0,-1
6785000872214,2115660,88,-1,1,0,-1
6785050881274,2115710,90,-1,1,0,-1
6785100875853,2115760,90,-1,1,0,-1
6785150881580,2115810,90,-1,1,0,-1
6785200884399,2115860,89,-1,1,0,-1
6785250881477,2115910,89,-1,1,0,-1
6785300884685,2115960,89,-1,1,0,-1
6785350882337,2116010,89,-1,1,0,-1
6785400880267,2116060,91,-1,1,0,-1
6785450883512,2116110,91,-1,1,0,-1
6785500882460,2116160,91,-1,1,0,-1
6785550894242,2116210,89,-1,1,0,-1
6785600884246,2116260,88,-1,1,0,-1
6785650892287,2116310,89,-1,1,0,-1
6785700887865,2116360,89,-1,1,0,-1
6785750891258,2116410,91,-1,1,0,-1
6785800977188,2116460,91,-1,1,0,-1
6785850897526,2116510,89,-1,1,0,-1
6785895873496,2116560,89,-1,1,0,-1
6785955885475,2116615,91,-1,1,0,-1
6786005893738,2116665,91,-1,1,0,-1
6786055957242,2116715,91,-1,1,0,-1
6786105889691,2116765,89,-1,1,0,-1
6786155923138,2116815,90,-1,1,0,-1
6786205898864,2116865,90,-1,1,0,-1
6786255902663,2116915,91,-1,1,0,-1
6786305905555,2116965,89,-1,1,0,-1
6786355910595,2117015,89,-1,1,0,-1
6786405912506,2117065,90,-1,1,0,-1
6786455920583,2117115,90,-1,1,0,-1
6786505914827,2117165,91,-1,1,0,-1
6786555923978,2117215,90,-1,1,0,-1
6786605918481,2117265,89,-1,1,0,-1
6786655921966,2117315,89,-1,1,0,-1
6786705930506,2117365,91,-1,1,0,-1
6786755938916,2117415,90,-1,1,0,-1
6786806034253,2117465,90,-1,1,0,-1
6786856032682,2117515,89,-1,1,0,-1
6786900920188,2117565,90,-1,1,0,-1
6786960941240,2117620,89,-1,1,0,-1
6787010948151,2117670,89,-1,1,0,-1
6787060954320,2117720,90,-1,1,0,-1
6787110957953,2117770,90,-1,1,0,-1
6787160964011,2117820,91,-1,1,0,-1
6787210960402,2117870,88,-1,1,0,-1
6787260965385,2117920,88,-1,1,0,-1
6787310965610,2117970,92,-1,1,0,-1
6787360966760,2118020,91,-1,1,0,-1
6787410970910,2118070,91,-1,1,0,-1
6787460976931,2118120,92,-1,1,0,-1
6787510977470,2118170,91,-1,1,0,-1
6787560978250,2118220,91,-1,1,0,-1
6787610982104,2118270,91,-1,1,0,-1
6787660990755,2118320,91,-1,1,0,-1
6787710909368,2118370,90,-1,1,0,-1
6787760912981,2118420,89,-1,1,0,-1
6787810913502,2118470,89,-1,1,0,-1
6787860998374,2118520,90,-1,1,0,-1
6787910905765,2118571,91,-1,1,0,-1
6787970910094,2118630,92,-1,1,0,-1
6788020912596,2118680,92,-1,1,0,-1
6788070912117,2118730,90,-1,1,0,-1
6788120911248,2118780,90,-1,1,0,-1
6788170913490,2118830,90,-1,1,0,-1
6788220919066,2118880,90,-1,1,0,-1
6788270920289,2118930,91,-1,1,0,-1
6788320921679,2118980,89,-1,1,0,-1
6788370925625,2119030,89,-1,1,0,-1
6788420917459,2119080,90,-1,1,0,-1
6788470926238,2119130,89,-1,1,0,-1
6788520919369,2119180,88,-1,1,0,-1
6788570923259,2119230,91,-1,1,0,-1
6788620921427,2119280,91,-1,1,0,-1
6788670919317,2119330,91,-1,1,0,-1
6788720920078,2119380,91,-1,1,0,-1
6788770930727,2119430,92,-1,1,0,-1
6788820928395,2119480,91,-1,1,0,-1
6788871020693,2119530,90,-1,1,0,-1
6788915891420,2119580,90,-1,1,0,-1
6788975915173,2119635,91,-1,1,0,-1
6789025929545,2119685,90,-1,1,0,-1
6789075932009,2119735,90,-1,1,0,-1
6789125924102,2119785,90,-1,1,0,-1
6789175928954,2119835,90,-1,1,0,-1
6789225934436,2119885,91,-1,1,0,-1
6789275929714,2119935,91,-1,1,0,-1
6789325932011,2119985,91,-1,1,0,-1
6789375930604,2120035,89,-1,1,0,-1
6789425933474,2120085,90,-1,1,0,-1
6789475932030,2120135,90,-1,1,0,-1
6789525932623,2120185,88,-1,1,0,-1
6789575929549,2120235,90,-1,1,0,-1
6789625931327,2120285,91,-1,1,0,-1
6789675932420,2120335,91,-1,1,0,-1
6789725937309,2120385,90,-1,1,0,-1
6789775931143,2120435,89,-1,1,0,-1
6789825938791,2120485,90,-1,1,0,-1
6789876104440,2120535,89,-1,1,0,-1
6789920904018,2120585,89,-1,1,0,-1
6789980930826,2120640,88,-1,1,0,-1
6790030940992,2120690,91,-1,1,0,-1
6790080936974,2120740,91,-1,1,0,-1
6790130938252,2120790,90,-1,1,0,-1
6790180944492,2120840,89,-1,1,0,-1
6790230937695,2120890,90,-1,1,0,-1
6790280941898,2120940,90,-1,1,0,-1
6790330947620,2120990,90,-1,1,0,-1
6790380942749,2121040,91,-1,1,0,-1
6790430945600,2121090,90,-1,1,0,-1
6790480950099,2121140,90,-1,1,0,-1
6790530947228,2121190,91,-1,1,0,-1
6790580946653,2121240,92,-1,1,0,-1
6790630939745,2121290,91,-1,1,0,-1
6790680943726,2121340,91,-1,1,0,-1
6790730944485,2121390,91,-1,1,0,-1
6790780943873,2121440,90,-1,1,0,-1
6790830949520,2121490,89,-1,1,0,-1
6790880949946,2121540,90,-1,1,0,-1
6790925919986,2121590,90,-1,1,0,-1
6790985943367,2121645,90,-1,1,0,-1
6791035964458,2121695,90,-1,1,0,-1
6791085952161,2121745,89,-1,1,0,-1
6791135954068,2121795,89,-1,1,0,-1
6791185952492,2121845,90,-1,1,0,-1
6791235954824,2121895,90,-1,1,0,-1
6791285955007,2121945,90,-1,1,0,-1
6791335956006,2121995,92,-1,1,0,-1
6791385955467,2122045,91,-1,1,0,-1
6791435957947,2122095,91,-1,1,0,-1
6791485954334,2122145,90,-1,1,0,-1
6791535958407,2122195,88,-1,1,0,-1
6791585956146,2122245,91,-1,1,0,-1
6791635962144,2122295,91,-1,1,0,-1
6791685959421,2122345,91,-1,1,0,-1
6791735956197,2122395,90,-1,1,0,-1
6791785961528,2122445,90,-1,1,0,-1
6791835959156,2122495,90,-1,1,0,-1
6791885962173,2122545,91,-1,1,0,-1
6791936109431,2122596,92,-1,1,0,-1
6791995972422,2122655,90,-1,1,0,-1
6792045977383,2122705,90,-1,1,0,-1
6792095962493,2122755,90,-1,1,0,-1
6792145966009,2122805,90,-1,1,0,-1
6792195959173,2122855,91,-1,1,0,-1
6792245963967,2122905,91,-1,1,0,-1
6792295973057,2122955,90,-1,1,0,-1
6792345962573,2123005,89,-1,1,0,-1
6792395968663,2123055,89,-1,1,0,-1
6792445972975,2123105,90,-1,1,0,-1
6792495965621,2123155,91,-1,1,0,-1
6792545970340,2123205,90,-1,1,0,-1
6792595964486,2123255,90,-1,1,0,-1
6792645968539,2123305,91,-1,1,0,-1
6792695971888,2123355,90,-1,1,0,-1
6792745969941,2123405,90,-1,1,0,-1
6792795970809,2123455,90,-1,1,0,-1
6792845974436,2123505,90,-1,1,0,-1
6792895971545,2123555,91,-1,1,0,-1
6792946454468,2123606,91,-1,1,0,-1
6793006001402,2123665,91,-1,1,0,-1
6793055978992,2123715,90,-1,1,0,-1
6793105980527,2123765,90,-1,1,0,-1
6793155978875,2123815,90,-1,1,0,-1
6793205980205,2123865,91,-1,1,0,-1
6793255982239,2123915,91,-1,1,0,-1
6793305979476,2123965,91,-1,1,0,-1
6793355980824,2124015,92,-1,1,0,-1
6793405979284,2124065,92,-1,1,0,-1
6793455976077,2124115,89,-1,1,0,-1
6793505983481,2124165,90,-1,1,0,-1
6793555976514,2124215,91,-1,1,0,-1
6793605975863,2124265,91,-1,1,0,-1
6793655989322,2124315,91,-1,1,0,-1
6793705973004,2124365,90,-1,1,0,-1
6793755971889,2124415,91,-1,1,0,-1
6793805981701,2124465,91,-1,1,0,-1
6793855991697,2124515,90,-1,1,0,-1
6793905972046,2124565,90,-1,1,0,-1
6793950947935,2124615,90,-1,1,0,-1
6794010999331,2124670,90,-1,1,0,-1
6794060973235,2124720,89,-1,1,0,-1
6794110982139,2124770,89,-1,1,0,-1
6794160984523,2124820,91,-1,1,0,-1
6794211001796,2124870,91,-1,1,0,-1
6794260975829,2124920,89,-1,1,0,-1
6794310967825,2124970,90,-1,1,0,-1
6794360982987,2125020,90,-1,1,0,-1
6794410990168,2125070,91,-1,1,0,-1
6794460973960,2125120,93,-1,1,0,-1
6794510980955,2125170,91,-1,1,0,-1
6794560971747,2125220,91,-1,1,0,-1
6794610979965,2125270,91,-1,1,0,-1
6794660976646,2125320,89,-1,1,0,-1
6794710989827,2125370,90,-1,1,0,-1
6794760979841,2125420,90,-1,1,0,-1
6794810995651,2125470,90,-1,1,0,-1
6794860994906,2125520,91,-1,1,0,-1
6794910983087,2125570,91,-1,1,0,-1
6794955965383,2125620,89,-1,1,0,-1
6795016075389,2125675,89,-1,1,0,-1
6795065998625,2125725,90,-1,1,0,-1
6795115986028,2125775,90,-1,1,0,-1
6795166000726,2125825,89,-1,1,0,-1
6795215991073,2125875,90,-1,1,0,-1
6795265985345,2125925,90,-1,1,0,-1
6795316007581,2125975,91,-1,1,0,-1
6795365992520,2126025,91,-1,1,0,-1
6795415985996,2126075,91,-1,1,0,-1
6795466000324,2126125,90,-1,1,0,-1
6795515986319,2126175,90,-1,1,0,-1
6795565994147,2126225,91,-1,1,0,-1
6795616016234,2126275,91,-1,1,0,-1
6795665992025,2126325,88,-1,1,0,-1
6795715991223,2126375,88,-1,1,0,-1
6795765988866,2126425,90,-1,1,0,-1
6795816017157,2126475,90,-1,1,0,-1
6795866013522,2126525,91,-1,1,0,-1
6795916017831,2126575,91,-1,1,0,-1
6795965983771,2126626,90,-1,1,0,-1
6796026102368,2126685,91,-1,1,0,-1
6796076071974,2126735,90,-1,1,0,-1
6796125998672,2126785,90,-1,1,0,-1
6796176019147,2126835,90,-1,1,0,-1
6796226012733,2126885,89,-1,1,0,-1
6796275995968,2126935,89,-1,1,0,-1
6796325996573,2126985,89,-1,1,0,-1
6796375995974,2127035,90,-1,1,0,-1
6796425996412,2127085,90,-1,1,0,-1
6796476006776,2127135,90,-1,1,0,-1
6796526013640,2127185,90,-1,1,0,-1
6796576007004,2127235,90,-1,1,0,-1
6796626003998,2127285,91,-1,1,0,-1
6796675998251,2127335,90,-1,1,0,-1
6796726009374,2127385,90,-1,1,0,-1
6796776009850,2127435,91,-1,1,0,-1
6796826012880,2127485,91,-1,1,0,-1
6796876015689,2127535,91,-1,1,0,-1
6796926002924,2127585,91,-1,1,0,-1
6796975991991,2127636,91,-1,1,0,-1
6797036127439,2127695,91,-1,1,0,-1
6797086105970,2127745,90,-1,1,0,-1
6797136039500,2127795,91,-1,1,0,-1
6797186027197,2127845,91,-1,1,0,-1
6797236019356,2127895,90,-1,1,0,-1
6797286011960,2127945,90,-1,1,0,-1
6797336012157,2127995,91,-1,1,0,-1
6797386010539,2128045,91,-1,1,0,-1
6797436034068,2128095,90,-1,1,0,-1
6797486014246,2128145,90,-1,1,0,-1
6797536015832,2128195,89,-1,1,0,-1
6797586008454,2128245,89,-1,1,0,-1
6797636018725,2128295,91,-1,1,0,-1
6797686016329,2128345,91,-1,1,0,-1
6797736034803,2128395,91,-1,1,0,-1
6797786012277,2128445,90,-1,1,0,-1
6797836034992,2128495,91,-1,1,0,-1
6797886017874,2128545,91,-1,1,0,-1
6797936022682,2128595,91,-1,1,0,-1
6797986006767,2128646,90,-1,1,0,-1
6798046026881,2128705,90,-1,1,0,-1
6798096126392,2128755,90,-1,1,0,-1
6798146032662,2128805,90,-1,1,0,-1
6798196045154,2128855,91,-1,1,0,-1
6798246023498,2128905,89,-1,1,0,-1
6798296039915,2128955,89,-1,1,0,-1
6798346027759,2129005,90,-1,1,0,-1
6798396036418,2129055,88,-1,1,0,-1
6798446026558,2129105,91,-1,1,0,-1
6798496025309,2129155,91,-1,1,0,-1
6798546024449,2129205,92,-1,1,0,-1
6798596042996,2129255,91,-1,1,0,-1
6798646024266,2129305,89,-1,1,0,-1
6798696044147,2129355,89,-1,1,0,-1
6798746031657,2129405,90,-1,1,0,-1
6798796042390,2129455,91,-1,1,0,-1
6798846045789,2129505,91,-1,1,0,-1
6798896048003,2129555,91,-1,1,0,-1
6798946030940,2129605,91,-1,1,0,-1
6798991009806,2129655,91,-1,1,0,-1
6799051024660,2129710,91,-1,1,0,-1
6799101149929,2129760,89,-1,1,0,-1
6799151114994,2129810,88,-1,1,0,-1
6799201047671,2129860,88,-1,1,0,-1
6799251035550,2129910,90,-1,1,0,-1
6799301036023,2129960,90,-1,1,0,-1
6799351031181,2130010,91,-1,1,0,-1
6799401034560,2130060,91,-1,1,0,-1
6799451029718,2130110,89,-1,1,0,-1
6799501049246,2130160,89,-1,1,0,-1
6799551038052,2130210,90,-1,1,0,-1
6799601033413,2130260,90,-1,1,0,-1
6799651033089,2130310,90,-1,1,0,-1
6799701037136,2130360,89,-1,1,0,-1
6799751035701,2130410,89,-1,1,0,-1
6799801053896,2130460,89,-1,1,0,-1
6799851058775,2130510,89,-1,1,0,-1
6799901040600,2130560,89,-1,1,0,-1
6799951048368,2130610,89,-1,1,0,-1
6799996039197,2130660,89,-1,1,0,-1
6800056043550,2130715,89,-1,1,0,-1
6800106455966,2130765,90,-1,1,0,-1
6800156147216,2130815,90,-1,1,0,-1
6800206047743,2130865,91,-1,1,0,-1
6800256049881,2130915,91,-1,1,0,-1
6800306040927,2130965,91,-1,1,0,-1
6800356046861,2131015,91,-1,1,0,-1
6800406059610,2131065,90,-1,1,0,-1
6800456052286,2131115,90,-1,1,0,-1
6800506045813,2131165,91,-1,1,0,-1
6800556054673,2131215,90,-1,1,0,-1
6800606044515,2131265,90,-1,1,0,-1
6800656055616,2131315,89,-1,1,0,-1
6800706063199,2131365,91,-1,1,0,-1
6800756052985,2131415,91,-1,1,0,-1
6800806067420,2131465,91,-1,1,0,-1
6800856064502,2131515,89,-1,1,0,-1
6800906055566,2131565,89,-1,1,0,-1
6800956055519,2131615,89,-1,1,0,-1
6801001038292,2131665,91,-1,1,0,-1
6801061049495,2131720,91,-1,1,0,-1
6801111053096,2131770,90,-1,1,0,-1
6801161155307,2131820,91,-1,1,0,-1
6801211063241,2131870,91,-1,1,0,-1
6801261056415,2131920,91,-1,1,0,-1
6801311068812,2131970,91,-1,1,0,-1
6801361058986,2132020,91,-1,1,0,-1
6801411054142,2132070,90,-1,1,0,-1
6801461054557,2132120,90,-1,1,0,-1
6801511057435,2132170,91,-1,1,0,-1
6801561053294,2132220,89,-1,1,0,-1
6801611074395,2132270,88,-1,1,0,-1
6801661062476,2132320,90,-1,1,0,-1
6801711057725,2132370,90,-1,1,0,-1
6801761059436,2132420,91,-1,1,0,-1
6801811070759,2132470,91,-1,1,0,-1
6801861076729,2132520,91,-1,1,0,-1
6801911081403,2132570,91,-1,1,0,-1
6801961062522,2132620,91,-1,1,0,-1
6802011053493,2132671,91,-1,1,0,-1
6802071065843,2132730,90,-1,1,0,-1
6802121071609,2132780,92,-1,1,0,-1
6802171173172,2132830,92,-1,1,0,-1
6802221134123,2132880,90,-1,1,0,-1
6802271079407,2132930,91,-1,1,0,-1
6802321071321,2132980,91,-1,1,0,-1
6802371066754,2133030,90,-1,1,0,-1
6802421082353,2133080,91,-1,1,0,-1
6802471071527,2133130,91,-1,1,0,-1
6802521087145,2133180,92,-1,1,0,-1
6802571074818,2133230,92,-1,1,0,-1
6802621068936,2133280,91,-1,1,0,-1
6802671070350,2133330,90,-1,1,0,-1
6802721073023,2133380,91,-1,1,0,-1
6802771069641,2133430,91,-1,1,0,-1
6802821088870,2133480,90,-1,1,0,-1
6802871095840,2133530,90,-1,1,0,-1
6802921075087,2133580,91,-1,1,0,-1
6802971075502,2133630,91,-1,1,0,-1
6803016060587,2133680,91,-1,1,0,-1
6803076073825,2133735,91,-1,1,0,-1
6803126094183,2133785,91,-1,1,0,-1
6803176118615,2133835,91,-1,1,0,-1
6803226191584,2133885,89,-1,1,0,-1
6803276090293,2133935,89,-1,1,0,-1
6803326079855,2133985,90,-1,1,0,-1
6803376079694,2134035,90,-1,1,0,-1
6803426098255,2134085,89,-1,1,0,-1
6803476083742,2134135,90,-1,1,0,-1
6803526076526,2134185,91,-1,1,0,-1
6803576078847,2134235,90,-1,1,0,-1
6803626083612,2134285,90,-1,1,0,-1
6803676085321,2134335,90,-1,1,0,-1
6803726097142,2134385,90,-1,1,0,-1
6803776081370,2134435,91,-1,1,0,-1
6803826096024,2134485,91,-1,1,0,-1
6803876099289,2134535,89,-1,1,0,-1
6803926085017,2134585,90,-1,1,0,-1
6803976083652,2134635,91,-1,1,0,-1
6804021071978,2134685,91,-1,1,0,-1
6804081084140,2134740,89,-1,1,0,-1
6804131087387,2134790,89,-1,1,0,-1
6804181104966,2134840,91,-1,1,0,-1
6804231192804,2134890,92,-1,1,0,-1
6804281101846,2134940,92,-1,1,0,-1
6804331104388,2134990,90,-1,1,0,-1
6804381097467,2135040,90,-1,1,0,-1
6804431097472,2135090,90,-1,1,0,-1
6804481089866,2135140,92,-1,1,0,-1
6804531093241,2135190,92,-1,1,0,-1
6804581096005,2135240,90,-1,1,0,-1
6804631108121,2135290,90,-1,1,0,-1
6804681099441,2135340,90,-1,1,0,-1
6804731094038,2135390,91,-1,1,0,-1
6804781095469,2135440,91,-1,1,0,-1
6804831116363,2135490,89,-1,1,0,-1
6804881097757,2135540,91,-1,1,0,-1
6804931116261,2135590,91,-1,1,0,-1
6804981102470,2135640,90,-1,1,0,-1
6805026080758,2135690,91,-1,1,0,-1
6805086101012,2135745,91,-1,1,0,-1
6805136096961,2135795,90,-1,1,0,-1
6805186113187,2135845,90,-1,1,0,-1
6805236332709,2135895,90,-1,1,0,-1
6805286164862,2135945,91,-1,1,0,-1
6805336112514,2135995,91,-1,1,0,-1
6805386101351,2136045,90,-1,1,0,-1
6805436112670,2136095,90,-1,1,0,-1
6805486105378,2136145,90,-1,1,0,-1
6805536121382,2136195,91,-1,1,0,-1
6805586107256,2136245,90,-1,1,0,-1
6805636101149,2136295,90,-1,1,0,-1
6805686106597,2136345,90,-1,1,0,-1
6805736107268,2136395,89,-1,1,0,-1
6805786102494,2136445,90,-1,1,0,-1
6805836121702,2136495,90,-1,1,0,-1
6805886127039,2136545,91,-1,1,0,-1
6805936110321,2136595,91,-1,1,0,-1
6805986109862,2136645,89,-1,1,0,-1
6806036096847,2136696,89,-1,1,0,-1
6806096109360,2136755,91,-1,1,0,-1
6806146128363,2136805,91,-1,1,0,-1
6806196124718,2136855,92,-1,1,0,-1
6806246115795,2136905,92,-1,1,0,-1
6806296212854,2136955,91,-1,1,0,-1
6806346120820,2137005,92,-1,1,0,-1
6806396115767,2137055,90,-1,1,0,-1
6806446131122,2137105,91,-1,1,0,-1
6806496124162,2137155,91,-1,1,0,-1
6806546124999,2137205,90,-1,1,0,-1
6806596128891,2137255,90,-1,1,0,-1
6806646130023,2137305,90,-1,1,0,-1
6806696133415,2137355,91,-1,1,0,-1
6806746152659,2137405,91,-1,1,0,-1
6806796141329,2137455,90,-1,1,0,-1
6806846157165,2137505,90,-1,1,0,-1
6806896151094,2137555,90,-1,1,0,-1
6806946148227,2137605,90,-1,1,0,-1
6806996153471,2137655,89,-1,1,0,-1
6807046153863,2137706,89,-1,1,0,-1
6807106197466,2137765,93,-1,1,0,-1
6807156161302,2137815,91,-1,1,0,-1
6807206180119,2137865,91,-1,1,0,-1
6807256171232,2137915,92,-1,1,0,-1
6807306268864,2137965,91,-1,1,0,-1
6807356188459,2138015,91,-1,1,0,-1
6807406181905,2138065,91,-1,1,0,-1
6807456181630,2138115,91,-1,1,0,-1
6807506185891,2138165,89,-1,1,0,-1
6807556189153,2138215,89,-1,1,0,-1
6807606209636,2138265,89,-1,1,0,-1
6807656194361,2138315,89,-1,1,0,-1
6807706194752,2138365,90,-1,1,0,-1
6807756198346,2138415,91,-1,1,0,-1
6807806217145,2138465,89,-1,1,0,-1
6807856220943,2138515,89,-1,1,0,-1
6807906225334,2138565,90,-1,1,0,-1
6807956128726,2138615,91,-1,1,0,-1
6808006130302,2138665,90,-1,1,0,-1
6808051113995,2138715,89,-1,1,0,-1
6808111135190,2138770,91,-1,1,0,-1
6808161146987,2138820,91,-1,1,0,-1
6808211150785,2138870,89,-1,1,0,-1
6808261134916,2138920,89,-1,1,0,-1
6808311244787,2138970,89,-1,1,0,-1
6808361206844,2139020,90,-1,1,0,-1
6808411142327,2139070,89,-1,1,0,-1
6808461140865,2139120,89,-1,1,0,-1
6808511156126,2139170,89,-1,1,0,-1
6808561144608,2139220,91,-1,1,0,-1
6808611141128,2139270,91,-1,1,0,-1
6808661175963,2139320,92,-1,1,0,-1
6808711146334,2139370,92,-1,1,0,-1
6808761145725,2139420,85,-1,1,0,-1
6808811158948,2139470,87,-1,1,0,-1
6808861160820,2139520,87,-1,1,0,-1
6808911149247,2139570,89,-1,1,0,-1
6808961143730,2139620,88,-1,1,0,-1
6809011146046,2139670,89,-1,1,0,-1
6809056125200,2139720,89,-1,1,0,-1
6809116154209,2139775,89,-1,1,0,-1
6809166158191,2139825,90,-1,1,0,-1
6809216147006,2139875,91,-1,1,0,-1
6809266149210,2139925,89,-1,1,0,-1
6809316144359,2139975,89,-1,1,0,-1
6809366249711,2140025,90,-1,1,0,-1
6809416170100,2140075,90,-1,1,0,-1
6809466150471,2140125,91,-1,1,0,-1
6809516156194,2140175,91,-1,1,0,-1
6809566152101,2140225,91,-1,1,0,-1
6809616153602,2140275,90,-1,1,0,-1
6809666158917,2140325,90,-1,1,0,-1
6809716168380,2140375,91,-1,1,0,-1
6809766159492,2140425,90,-1,1,0,-1
6809816175103,2140475,89,-1,1,0,-1
6809866172048,2140525,91,-1,1,0,-1
6809916161715,2140575,91,-1,1,0,-1
6809966155178,2140625,92,-1,1,0,-1
6810016183382,2140675,91,-1,1,0,-1
6810061141999,2140725,90,-1,1,0,-1
6810121166229,2140780,90,-1,1,0,-1
6810171174173,2140830,88,-1,1,0,-1
6810221163061,2140880,90,-1,1,0,-1
6810271159616,2140930,91,-1,1,0,-1
6810321176468,2140980,93,-1,1,0,-1
6810371271949,2141030,91,-1,1,0,-1
6810421177393,2141080,91,-1,1,0,-1
6810471159855,2141130,92,-1,1,0,-1
6810521162503,2141180,92,-1,1,0,-1
6810571164187,2141230,89,-1,1,0,-1
6810621172057,2141280,90,-1,1,0,-1
6810671169371,2141330,90,-1,1,0,-1
6810721166482,2141380,89,-1,1,0,-1
6810771169037,2141430,89,-1,1,0,-1
6810821182055,2141480,89,-1,1,0,-1
6810871185369,2141530,89,-1,1,0,-1
6810921188609,2141580,89,-1,1,0,-1
6810971171794,2141630,89,-1,1,0,-1
6811021178201,2141680,88,-1,1,0,-1
6811071158515,2141731,88,-1,1,0,-1
6811131176021,2141790,89,-1,1,0,-1
6811181191057,2141840,89,-1,1,0,-1
6811231195222,2141890,90,-1,1,0,-1
6811281175313,2141940,90,-1,1,0,-1
6811331169682,2141990,89,-1,1,0,-1
6811381277570,2142040,89,-1,1,0,-1
6811431246253,2142090,89,-1,1,0,-1
6811481182882,2142140,90,-1,1,0,-1
6811531199899,2142190,90,-1,1,0,-1
6811581177138,2142240,90,-1,1,0,-1
6811631176507,2142290,90,-1,1,0,-1
6811681181468,2142340,91,-1,1,0,-1
6811731176282,2142390,90,-1,1,0,-1
6811781179873,2142440,90,-1,1,0,-1
6811831187779,2142490,90,-1,1,0,-1
6811881183926,2142540,89,-1,1,0,-1
6811931182091,2142590,90,-1,1,0,-1
6811981178904,2142640,91,-1,1,0,-1
6812031180977,2142690,90,-1,1,0,-1
6812081170253,2142741,90,-1,1,0,-1
6812141187999,2142800,90,-1,1,0,-1
6812191194089,2142850,91,-1,1,0,-1
6812241187846,2142900,91,-1,1,0,-1
6812291183733,2142950,92,-1,1,0,-1
6812341187638,2143000,91,-1,1,0,-1
6812391182913,2143050,90,-1,1,0,-1
6812441281911,2143100,91,-1,1,0,-1
6812491193279,2143150,91,-1,1,0,-1
6812541290850,2143200,91,-1,1,0,-1
6812591194274,2143250,92,-1,1,0,-1
6812641188920,2143300,92,-1,1,0,-1
6812691190788,2143350,92,-1,1,0,-1
6812741199212,2143400,92,-1,1,0,-1
6812791192357,2143450,92,-1,1,0,-1
6812841209688,2143500,91,-1,1,0,-1
6812891205427,2143550,93,-1,1,0,-1
6812941194887,2143600,93,-1,1,0,-1
6812991190237,2143650,90,-1,1,0,-1
6813041205494,2143700,91,-1,1,0,-1
6813086176682,2143750,92,-1,1,0,-1
6813146187612,2143805,92,-1,1,0,-1
6813196207164,2143855,92,-1,1,0,-1
6813246198013,2143905,92,-1,1,0,-1
6813296192843,2143955,92,-1,1,0,-1
6813346207451,2144005,91,-1,1,0,-1
6813396199874,2144055,91,-1,1,0,-1
6813446202982,2144105,92,-1,1,0,-1
6813496200256,2144155,93,-1,1,0,-1
6813546295716,2144205,90,-1,1,0,-1
6813596211250,2144255,91,-1,1,0,-1
6813646209820,2144305,91,-1,1,0,-1
6813696202391,2144355,91,-1,1,0,-1
6813746201110,2144405,91,-1,1,0,-1
6813796197088,2144455,92,-1,1,0,-1
6813846215437,2144505,91,-1,1,0,-1
6813896206489,2144555,91,-1,1,0,-1
6813946215523,2144605,93,-1,1,0,-1
6813996204853,2144655,91,-1,1,0,-1
6814046198220,2144705,91,-1,1,0,-1
6814091186001,2144755,91,-1,1,0,-1
6814151207467,2144810,91,-1,1,0,-1
6814201221129,2144860,91,-1,1,0,-1
6814251222218,2144910,91,-1,1,0,-1
6814301211751,2144960,91,-1,1,0,-1
6814351205969,2145010,92,-1,1,0,-1
6814401208094,2145060,90,-1,1,0,-1
6814451209886,2145110,90,-1,1,0,-1
6814501208975,2145160,91,-1,1,0,-1
6814551315248,2145210,91,-1,1,0,-1
6814601284929,2145260,91,-1,1,0,-1
6814651231684,2145310,90,-1,1,0,-1
6814701210551,2145360,88,-1,1,0,-1
6814751211732,2145410,92,-1,1,0,-1
6814801208802,2145460,89,-1,1,0,-1
6814851226038,2145510,89,-1,1,0,-1
6814901218793,2145560,91,-1,1,0,-1
6814951209326,2145610,89,-1,1,0,-1
6815001213804,2145660,89,-1,1,0,-1
6815051215429,2145710,89,-1,1,0,-1
6815096200357,2145760,89,-1,1,0,-1
6815156220062,2145815,91,-1,1,0,-1
6815206233094,2145865,90,-1,1,0,-1
6815256217422,2145915,89,-1,1,0,-1
6815306216695,2145965,89,-1,1,0,-1
6815356213357,2146015,88,-1,1,0,-1
6815406216463,2146065,88,-1,1,0,-1
6815456233902,2146115,89,-1,1,0,-1
6815506217194,2146165,89,-1,1,0,-1
6815556219355,2146215,91,-1,1,0,-1
6815606324387,2146265,91,-1,1,0,-1
6815656228215,2146315,90,-1,1,0,-1
6815706224655,2146365,90,-1,1,0,-1
6815756231983,2146415,90,-1,1,0,-1
6815806236015,2146465,90,-1,1,0,-1
6815856241529,2146515,90,-1,1,0,-1
6815906224153,2146565,90,-1,1,0,-1
6815956224704,2146615,88,-1,1,0,-1
6816006238828,2146665,88,-1,1,0,-1
6816056241620,2146715,89,-1,1,0,-1
6816106218355,2146766,89,-1,1,0,-1
6816166223930,2146825,89,-1,1,0,-1
6816216241924,2146875,89,-1,1,0,-1
6816266235510,2146925,89,-1,1,0,-1
6816316241597,2146975,89,-1,1,0,-1
6816366230924,2147025,88,-1,1,0,-1
6816416229141,2147075,88,-1,1,0,-1
6816466228024,2147125,89,-1,1,0,-1
6816516225110,2147175,89,-1,1,0,-1
6816566228123,2147225,89,-1,1,0,-1
6816616333598,2147275,89,-1,1,0,-1
6816666240407,2147325,90,-1,1,0,-1
6816716236383,2147375,90,-1,1,0,-1
6816766270562,2147425,91,-1,1,0,-1
6816816254612,2147475,88,-1,1,0,-1
6816866247810,2147525,89,-1,1,0,-1
6816916256915,2147575,89,-1,1,0,-1
6816966237298,2147625,89,-1,1,0,-1
6817016244107,2147675,91,-1,1,0,-1
6817066233712,2147725,91,-1,1,0,-1
6817116226724,2147776,90,-1,1,0,-1
6817176254890,2147835,89,-1,1,0,-1
6817226252865,2147885,90,-1,1,0,-1
6817276240636,2147935,89,-1,1,0,-1
6817326241685,2147985,89,-1,1,0,-1
6817376238233,2148035,89,-1,1,0,-1
6817426242967,2148085,89,-1,1,0,-1
6817476237183,2148135,90,-1,1,0,-1
6817526260435,2148185,90,-1,1,0,-1
6817576248373,2148235,92,-1,1,0,-1
6817626345162,2148285,92,-1,1,0,-1
6817676329137,2148335,91,-1,1,0,-1
6817726263630,2148385,91,-1,1,0,-1
6817776245438,2148435,92,-1,1,0,-1
6817826263394,2148485,92,-1,1,0,-1
6817876276369,2148535,91,-1,1,0,-1
6817926249880,2148585,91,-1,1,0,-1
6817976259151,2148635,89,-1,1,0,-1
6818026244700,2148685,89,-1,1,0,-1
6818076249527,2148735,89,-1,1,0,-1
6818121233711,2148785,91,-1,1,0,-1
6818181266376,2148840,91,-1,1,0,-1
6818231251016,2148890,90,-1,1,0,-1
6818281249675,2148940,90,-1,1,0,-1
6818331254927,2148990,90,-1,1,0,-1
6818381251419,2149040,91,-1,1,0,-1
6818431266856,2149090,91,-1,1,0,-1
6818481252626,2149140,93,-1,1,0,-1
6818531252989,2149190,93,-1,1,0,-1
6818581257981,2149240,91,-1,1,0,-1
6818631565621,2149290,89,-1,1,0,-1
6818681355687,2149340,89,-1,1,0,-1
6818731272624,2149390,92,-1,1,0,-1
6818782550485,2149440,91,-1,1,0,-1
6818831312868,2149490,89,-1,1,0,-1
6818881259601,2149540,91,-1,1,0,-1
6818931257001,2149590,91,-1,1,0,-1
6818981263475,2149640,91,-1,1,0,-1
6819031275856,2149690,91,-1,1,0,-1
6819081265589,2149740,91,-1,1,0,-1
6819126241569,2149790,91,-1,1,0,-1
6819186262936,2149845,91,-1,1,0,-1
6819236265131,2149895,91,-1,1,0,-1
6819286263438,2149945,91,-1,1,0,-1
6819336276910,2149995,93,-1,1,0,-1
6819386265939,2150045,93,-1,1,0,-1
6819436259560,2150095,91,-1,1,0,-1
6819486264940,2150145,91,-1,1,0,-1
6819536268913,2150195,90,-1,1,0,-1
6819586264775,2150245,93,-1,1,0,-1
6819636282859,2150295,93,-1,1,0,-1
6819686370683,2150345,92,-1,1,0,-1
6819736278768,2150395,92,-1,1,0,-1
6819786271111,2150445,91,-1,1,0,-1
6819836282195,2150495,91,-1,1,0,-1
6819886282334,2150545,90,-1,1,0,-1
6819936285252,2150595,90,-1,1,0,-1
6819986270299,2150645,90,-1,1,0,-1
6820036271475,2150695,91,-1,1,0,-1
6820086273652,2150745,91,-1,1,0,-1
6820131257520,2150795,91,-1,1,0,-1
6820191291534,2150850,89,-1,1,0,-1
6820241287302,2150900,90,-1,1,0,-1
6820291279719,2150950,90,-1,1,0,-1
6820341272450,2151000,91,-1,1,0,-1
6820391276681,2151050,90,-1,1,0,-1
6820441273116,2151100,93,-1,1,0,-1
6820491275774,2151150,93,-1,1,0,-1
6820541295690,2151200,91,-1,1,0,-1
6820591280347,2151250,91,-1,1,0,-1
6820641278412,2151300,91,-1,1,0,-1
6820691384180,2151350,91,-1,1,0,-1
6820741315041,2151400,91,-1,1,0,-1
6820791285531,2151450,90,-1,1,0,-1
6820841296355,2151500,90,-1,1,0,-1
6820891284901,2151550,90,-1,1,0,-1
6820941278540,2151600,90,-1,1,0,-1
6820991281068,2151650,90,-1,1,0,-1
6821041286632,2151700,92,-1,1,0,-1
6821091282789,2151750,92,-1,1,0,-1
6821141276039,2151801,91,-1,1,0,-1
6821201293571,2151860,91,-1,1,0,-1
6821251284449,2151910,90,-1,1,0,-1
6821301287828,2151960,92,-1,1,0,-1
6821351285947,2152010,92,-1,1,0,-1
6821401285529,2152060,90,-1,1,0,-1
6821451307630,2152110,89,-1,1,0,-1
